source_serial,institute_code,institution_label,source_name_address_excerpt,state_ut,source_page,source_y_top_pt,listing_scope
1,AP004,RASS College of Special Education,"RASS College of Special Education, | Rashtriya Seva Samiti, Seva Nilayram, Annamaiah Marg, | A.I.R. Bye – Pass Road, Tirupati, | Andhra Pradesh – 517501",Andhra Pradesh,1,90.11,listed_in_2026-02-04_register; current_activity_not_assessed
2,AP008,"Department of Special Education, Andhra University","Department of Special Education, Andhra University, | Vishakhapatnam Andhra Pradesh – 530003",Andhra Pradesh,1,156.47,listed_in_2026-02-04_register; current_activity_not_assessed
3,AP011,Sri Padmavathi Mahila Visvavidyalayam,"Sri Padmavathi Mahila Visvavidyalayam , Tirupati, Andhra | Pradesh – 517 502",Andhra Pradesh,1,200.87,listed_in_2026-02-04_register; current_activity_not_assessed
4,AP012,Helen Keller’s College of Special Education (HI),"Helen Keller’s College of Special Education (HI),10/72, | Near Shivalingam Beedi Factory, Bellary Road, Kadapa, | Andhra Pradesh – 516 001",Andhra Pradesh,1,263.03,listed_in_2026-02-04_register; current_activity_not_assessed
5,AP013,Navajeevan Residential Special School for the Deaf (HI),"Navajeevan Residential Special School for the Deaf (HI), | D.No. 4-174 S, Ayyalurimetta, Near Sugar Factory, | Ponnapuram Post, Nandyal, District – Kurnool, Andhra | Pradesh – 518502",Andhra Pradesh,1,347.75,listed_in_2026-02-04_register; current_activity_not_assessed
6,AP014,Sweekar Academy of Rehabilitation Sciences,"Sweekar Academy of Rehabilitation Sciences, | Dist. Government Hospital, Kadapa Dist., Andhra Pradesh",Andhra Pradesh,1,413.03,listed_in_2026-02-04_register; current_activity_not_assessed
7,AP016,Pragathi Charities College of Special Education,"Pragathi Charities College of Special Education, Ambapuram | (v), Nellore Rural Mandal, Nellore District, Andhra Pradesh – | 524004",Andhra Pradesh,1,455.87,listed_in_2026-02-04_register; current_activity_not_assessed
8,AP022,Uma Educational and Technical Society,"Uma Educational and Technical Society, Uma Manovikas | Nagar Behind Rayudupalem, Kakinada-533005, East | Godavari District, AP",Andhra Pradesh,1,519.35,listed_in_2026-02-04_register; current_activity_not_assessed
9,AP028,Dr. B.R. Ambedkar University,"Dr. B.R. Ambedkar University, Srikakulam, Etcheria – | 532410, Srikakulam District, Andhra Pradesh",Andhra Pradesh,1,579.95,listed_in_2026-02-04_register; current_activity_not_assessed
10,AP031,M.N.R College of Special Education,"M.N.R College of Special Education, Near D.S.P. Office, | Madhira Road, Nandigama, Krishna Dist. | Andhra Pradesh – 521185",Andhra Pradesh,1,624.23,listed_in_2026-02-04_register; current_activity_not_assessed
11,AP032,St. Ann’s College for DSE (MR),"St. Ann’s College for DSE (MR), | Gopavaram Village, Gajulapalli Via.Mahanadi Mandal, | Kurnool Dist. Andhra Pradesh – 518583",Andhra Pradesh,1,716.87,listed_in_2026-02-04_register; current_activity_not_assessed
12,AP033,Integrated Special Education,"Integrated Special Education, Vallappacheruvu Road, | Peddacheruvu, Narasaropet, Guntur District, | Andhra Pradesh – 522601",Andhra Pradesh,1,760.79,listed_in_2026-02-04_register; current_activity_not_assessed
13,AP034,Priyadarsini Service Organization,"Priyadarsini Service Organization, Sowbhagyarayapuram, | Pendurthi Mandal, Visakhapatnam District, Andhra Pradesh – | 531173",Andhra Pradesh,2,123.59,listed_in_2026-02-04_register; current_activity_not_assessed
14,AP035,Uma Educational and Technical Society,"Uma Educational and Technical Society, Parivartan | Spl.School for the Hearing Impaired, Dutta Ashram Road, | Srinagar, 2nd Lane, Senivarapupeta, Eluru, West Godavari | District, Andhra Pradesh – 534003",Andhra Pradesh,2,203.51,listed_in_2026-02-04_register; current_activity_not_assessed
15,AP036,Kasinadhuni Durgamba Butchaiah Trust,"Kasinadhuni Durgamba Butchaiah Trust, Elakurru, Via | nidumolu, Pamarru Mandal, Krishna District, Andhra Pradesh",Andhra Pradesh,2,270.47,listed_in_2026-02-04_register; current_activity_not_assessed
16,AP037,Chaitanya College for D.Ed. Bharathi Academic Rural Development Society (BARDS),"Chaitanya College for D.Ed. | Bharathi Academic Rural Development Society (BARDS), | H.NO : 21/451/B1, Vasavi Rice Mill Complex, Farooq Nagar, | Nandyal, Kurnool Dist., Andhra Pradesh– 518501",Andhra Pradesh,2,321.23,listed_in_2026-02-04_register; current_activity_not_assessed
17,AP038,St. Andrews College of Special Education,"St. Andrews College of Special Education, | #27-10-28, Governer Pet, Vijaywada, Andhra Pradesh- | 520002",Andhra Pradesh,2,407.99,listed_in_2026-02-04_register; current_activity_not_assessed
18,AP040,HELPING HANDS COLLEGE FOR DIPLOMA IN SPECIAL Education,"HELPING HANDS COLLEGE FOR DIPLOMA IN | SPECIAL Education, Peneelu Church, Marlapalem Road, | Gannavaram, | Krishna District, Andhra Pradesh – 521101",Andhra Pradesh,2,489.59,listed_in_2026-02-04_register; current_activity_not_assessed
19,AP041,S. V. College Of Special Education,"S. V. College Of Special Education, Kothuru, Vijayawada | Rural,Krishna District, Andhra Pradesh",Andhra Pradesh,2,539.27,listed_in_2026-02-04_register; current_activity_not_assessed
20,AP042,Composite Regional Centre,"Composite Regional Centre, Nellore | (C/o National Institute for the Empowerment of Persons with | Intellectual Disabilities (Divyangjan), Secundrabad) Kanupuru | Bit –II, Yerragunta Panchayat, Venkatachalam Mandal,SPSR | Nellore district, Andhra Pradesh-524320.",Andhra Pradesh,2,645.83,listed_in_2026-02-04_register; current_activity_not_assessed
21,AP043,B.G. College of Special Education,"B.G. College of Special Education, | D.No. 130/7- 3, Kallam Township Green City Phase -2, | piduguralla (Post & Mandal) District –Guntur, Andhra Pradesh | – 522413.",Andhra Pradesh,2,725.27,listed_in_2026-02-04_register; current_activity_not_assessed
22,AP044,Boggavarapu Guravaiah College of Special Education,"Boggavarapu Guravaiah College of Special | Education, Velpur Village, Atchampet Mandal , Guntur, Dist, | Andhra Pradesh-522410",Andhra Pradesh,3,136.19,listed_in_2026-02-04_register; current_activity_not_assessed
23,AP045,UMA Educational And Techical Society,"UMA Educational And Techical Society, | D.No. 4-54, UMA Manovikas Nagar, Vakalapudi Panchayat, | Kakinada -533005",Andhra Pradesh,3,163.43,listed_in_2026-02-04_register; current_activity_not_assessed
24,AP046,Vyshnavi Special Education Training Institute Tripurantakam,"Vyshnavi Special Education Training Institute | Tripurantakam, Prakasam Dist, Andhra Pradesh- 523326",Andhra Pradesh,3,205.79,listed_in_2026-02-04_register; current_activity_not_assessed
25,AP047,Ambika Sishu Kendra,"Ambika Sishu Kendra, Institute of Cerebral, | D.No. 44/86-C, Prakash Nagar, Kurnool, Andhra Pradesh- | 518004",Andhra Pradesh,3,242.39,listed_in_2026-02-04_register; current_activity_not_assessed
26,AP048,Indlas Hospitals D.No. -29-7-32,"Indlas Hospitals | D.No. -29-7-32, Devi Oil Mill Road, | Suryaraopet, Vijayawada, Andhra Pradesh 520002",Andhra Pradesh,3,292.55,listed_in_2026-02-04_register; current_activity_not_assessed
27,AP049,The Apollo University The Apollo Knowledge City,"The Apollo University | The Apollo Knowledge City, Saketa, Murukambattu, Chittor, | Andhra Pradesh – 517127",Andhra Pradesh,3,337.55,listed_in_2026-02-04_register; current_activity_not_assessed
28,AP050,VISAKHAPATNAM SPEECH AND HEARING CHARITABLE TRUST,"VISAKHAPATNAM SPEECH AND HEARING CHARITABLE | TRUST, | 10-50-37/1, First Floor, Above Prestige Smart Kitcen, Waltair | Main Road, Visakhapatnam, VISAKHAPATANAM, ANDHRA | PRADESH-530003",Andhra Pradesh,3,380.03,listed_in_2026-02-04_register; current_activity_not_assessed
29,AR001,Himalayan University,"Himalayan University, | 401, Takar Complex, Naharlagun, Itanagar Dist. Papumpare, | Arunachal Pradesh – 791110",Arunachal Pradesh,3,449.63,listed_in_2026-02-04_register; current_activity_not_assessed
30,AR002,Hills College of Teacher Education,"Hills College of Teacher Education, | Lekhi, Naharlagun, District – Papumpare, Arunachal | Pradesh791101",Arunachal Pradesh,3,529.55,listed_in_2026-02-04_register; current_activity_not_assessed
31,AR003,Arunachal University of Studies,"Arunachal University of Studies, | NH-52, Namsai, District Lohit, Arunachal Pradesh – 792103.",Arunachal Pradesh,3,565.67,listed_in_2026-02-04_register; current_activity_not_assessed
32,AR004,North East Regional Institute of Rehabilitation Science and Inclusion(NERI-RSI),"North East Regional Institute of Rehabilitation Science | and Inclusion(NERI-RSI), (Under the Aegis of Jarbom | Gamlin Hope Foundation), Opp. Power House, E-Sector, | Naharlagun, Papum Pare District, Arunachal Pradesh 791110",Arunachal Pradesh,3,747.47,listed_in_2026-02-04_register; current_activity_not_assessed
33,AS002,"Shishu Sarothi, Centre for Rehabilitation and Training for Multiple Disability","Shishu Sarothi, | Centre for Rehabilitation and Training for Multiple Disability, | Off. Ramakrishna Mission Road, Birubai, Guwahati, Assam - | 781 016",Assam,4,117.83,listed_in_2026-02-04_register; current_activity_not_assessed
34,AS003,Composite Regional Centre,"Composite Regional Centre, | Govt. of India, PMRT Building, Guwahati Medical College | Hospital Campus, Guwahati, Assam -781 032",Assam,4,184.67,listed_in_2026-02-04_register; current_activity_not_assessed
35,AS004,Lokopriya Gopinath Bordoli Regional Institute of Mental Health,"Lokopriya Gopinath Bordoli Regional Institute of Mental | Health, | Tezpur – 784001, Dist.:- Sonitpur, Post Box no-15, Assam",Assam,4,418.79,listed_in_2026-02-04_register; current_activity_not_assessed
36,AS005,Institute of Yoga and Nutrition Sciences (YNS),"Institute of Yoga and Nutrition Sciences (YNS) | H.O Siddha Point, 2nd Floor, S.J.Road. Athgaon, Guwahati, | Assam",Assam,4,488.39,listed_in_2026-02-04_register; current_activity_not_assessed
37,AS007,National Institute of Public Cooperation and Child Development (NIPCCD),"National Institute of Public Cooperation and Child | Development (NIPCCD), Regional Centre Guwahati, Assam- | 781001",Assam,4,523.43,listed_in_2026-02-04_register; current_activity_not_assessed
38,BR001,Indian Institute of Health Education and Research Health,"Indian Institute of Health Education and Research Health, | Institute Road Beur,Patna, Bihar-800002",Bihar,4,583.07,listed_in_2026-02-04_register; current_activity_not_assessed
39,BR002,J.M. Institute of Speech & Hearing,"J.M. Institute of Speech & Hearing, | 4/5, Inder Puri, P.O. Keshri Nagar, Patna, Bihar – | 800023",Bihar,4,636.35,listed_in_2026-02-04_register; current_activity_not_assessed
40,BR003,Training Centre for the Teachers of the Visually Handicapped,"Training Centre for the Teachers of the Visually | Handicapped, Near Buddh Murti, Kadam Kuan, Patna, Bihar | – 03",Bihar,5,81.23,listed_in_2026-02-04_register; current_activity_not_assessed
41,BR005,Ayurvedic & Magnetotherapy Research Institute (A.M.R.I),"Ayurvedic & Magnetotherapy Research Institute | (A.M.R.I), | N.M.C.H Road, Agamkuan, | P.O. Gulzarbag, Patna, Bihar – 800007",Bihar,5,167.99,listed_in_2026-02-04_register; current_activity_not_assessed
42,BR007,ECOVIC (Environmental Consultancy Vikash Centre),"ECOVIC (Environmental Consultancy Vikash Centre), South | Lakhimbagh (Near Laxmi Narayan Mandir), Manpur, Gaya, | Bihar – 823003",Bihar,5,253.67,listed_in_2026-02-04_register; current_activity_not_assessed
43,BR009,J.M. Institute of Speech & Hearing,"J.M. Institute of Speech & Hearing, | Manaria Chhajan, Turki Dist. – Muzaffarpur (Bihar)",Bihar,5,325.31,listed_in_2026-02-04_register; current_activity_not_assessed
44,BR010,Composite Regional Centre for Skill Development,"Composite Regional Centre for Skill Development, | Rehabilitation & Empowerment of Persons with | Disabilities | SHEIKHPURA (OLD DHARMSHALA), NEAR IGIMS | NURSING COLLEGE, SHEIKHPURA",Bihar,5,530.27,listed_in_2026-02-04_register; current_activity_not_assessed
45,BR012,Jawaharlal Nehru Medical College & Hospital,"Jawaharlal Nehru Medical College & Hospital, Mayaganj, | Bhagalpur, Bihar (DHLS Study Center of AIISH, Mysore)",Bihar,5,697.55,listed_in_2026-02-04_register; current_activity_not_assessed
46,BR013,S.L. Roy Public Health & Research Institute,"S.L. Roy Public Health & Research Institute, Jethuli | Kachidrag, Fathuha, Patna, Bihar – 803201 Ph:",Bihar,5,756.59,listed_in_2026-02-04_register; current_activity_not_assessed
47,BR014,Utakarsh Rehabilitation & Research Institute,"Utakarsh Rehabilitation & Research Institute, | 2H/77, Bahadurpur Housing Colony, Patna - 800026, Bihar- | 800026",Bihar,6,114.71,listed_in_2026-02-04_register; current_activity_not_assessed
48,BR015,Rani Laxmi Mahila Vikas Samiti-Saphal,"Rani Laxmi Mahila Vikas Samiti-Saphal, | Susta Railway Crossing, Ramdayalu Nagar, Bhikhanpura, | Near Hotel Atithi, Manglasthan, Muzaffarpur, | Bihar 842002",Bihar,6,172.79,listed_in_2026-02-04_register; current_activity_not_assessed
49,BR016,S.S. College of Special Education,"S.S. College of Special Education, | Bajrangbali Mandir Ke Niche Bagiche Men, Rehua Road, | Vidhyapith Chowk, Lakhisarai, | Bihar – 811311",Bihar,6,226.19,listed_in_2026-02-04_register; current_activity_not_assessed
50,BR017,Dev Narayan Teacher Training Institute Chini Mill,"Dev Narayan Teacher Training Institute | Chini Mill, Buxar, Post- Gajadhar Ganj, Bihar – 802103",Bihar,6,279.59,listed_in_2026-02-04_register; current_activity_not_assessed
51,BR018,Amity Institute of Clinical Psychology (AICP) Amiy University Bihar,"Amity Institute of Clinical Psychology (AICP) Amiy | University Bihar, | Patna Police Station Bailey Road, Near Rupaspur, Kaliket | Nagar Patna, Bihar-801506",Bihar,6,315.71,listed_in_2026-02-04_register; current_activity_not_assessed
52,BR019,Narayan Paramedical Institute & Allied Sciences,"Narayan Paramedical Institute & Allied Sciences, | Gopal Narayan Singh University, Jamuhar Rohtas (Sasaram) | Bihar 821305, ROHTAS, BIHAR-821305",Bihar,6,366.83,listed_in_2026-02-04_register; current_activity_not_assessed
53,CH001,Post Graduate Institute of Medical Education and Research,"Post Graduate Institute of Medical Education and | Research, | Sector-12, Chandigarh – 160012",Chandigarh,6,421.31,listed_in_2026-02-04_register; current_activity_not_assessed
54,CH002,Government Rehabilitation Institute for Intellectual Disabilities (Regional Institute for the Mentally Handicapped) (RIMH),"Government Rehabilitation Institute for Intellectual | Disabilities | (Regional Institute for the Mentally Handicapped) (RIMH), | Ashadeep Building, | Sector – 31, Chandigarh – 160047",Chandigarh,6,563.03,listed_in_2026-02-04_register; current_activity_not_assessed
55,CH003,Indian National Portage Association,"Indian National Portage Association, | Room No:14-15, 1st floor, Karuna Sadan, | Sector-11- B, Chandigarh- 11",Chandigarh,6,738.11,listed_in_2026-02-04_register; current_activity_not_assessed
56,CH004,Department of Community Education & Disability Studies,"Department of Community Education & Disability | Studies, Panjab University, Chandigarh – 160014",Chandigarh,7,97.91,listed_in_2026-02-04_register; current_activity_not_assessed
57,CH005,Government Medical College & Hospital,"Government Medical College & Hospital, Department of | Psychiatry, Level –V, Block –D, Sector – 32, Chandigarh – | 160030",Chandigarh,7,189.83,listed_in_2026-02-04_register; current_activity_not_assessed
58,CG001,Lions Charitable Trust,"Lions Charitable Trust,“ Prayas”, | Shravan Viklang Sansthan, G.E. Road, Supela , Bhilai, Durg, | Chattisgarh-490023",Chhattisgarh,7,239.99,listed_in_2026-02-04_register; current_activity_not_assessed
59,CG002,AAKANKSHA Lions Institute of Learning and Empowerment,"AAKANKSHA Lions Institute of Learning and | Empowerment, | Avanti Vihar, | Disrict – Raipur, Chattisgarh – 492006",Chhattisgarh,7,311.03,listed_in_2026-02-04_register; current_activity_not_assessed
60,CG006,Post Graduate Institute of Behavioural & Medical Sciences,"Post Graduate Institute of Behavioural & Medical | Sciences, | Opp. Rajkumar College, Swami , Atmanand Marg, Raipur, | Chattisgarh",Chhattisgarh,7,491.39,listed_in_2026-02-04_register; current_activity_not_assessed
61,CG007,Department of E.N.T,"Department of E.N.T., Dr. Bhim Rao Ambedkar Memorial | Hospital & Pt. J.N.M Medical College, Raipur, Chattisgarh",Chhattisgarh,7,549.95,listed_in_2026-02-04_register; current_activity_not_assessed
62,CG008,Department of Education,"Department of Education, Guru Ghasidas | Vishwavidyalaya, (A Central University), Bilaspur, | Chattisgarh – 495009",Chhattisgarh,7,612.11,listed_in_2026-02-04_register; current_activity_not_assessed
63,CG009,Surguja Gyanodaya Association Oid State Bank Building,"Surguja Gyanodaya Association | Oid State Bank Building, Near Bengali Club, | Bishrampur, Dist. Surajpur, Chattisgarh",Chhattisgarh,7,722.39,listed_in_2026-02-04_register; current_activity_not_assessed
64,CG010,Piyali Foundation College For Special Education 1/10 Rajiv Nagar P.O Shankar Nagar,"Piyali Foundation College For Special | Education 1/10 Rajiv Nagar P.O Shankar Nagar, Raipur, | Chhattisgarh-492007",Chhattisgarh,8,125.63,listed_in_2026-02-04_register; current_activity_not_assessed
65,CG011,School of Studies in Psychology Pt. Ravishankar Shukla University,"School of Studies in Psychology Pt. | Ravishankar Shukla University, Raipur, | Chhatisgarh.",Chhattisgarh,8,214.43,listed_in_2026-02-04_register; current_activity_not_assessed
66,CG012,Composite Regional Centre for Skill Development,"Composite Regional Centre for Skill | Development, Rehabilitation & Empowerment of | Persons with Disabilities, Rajnandgaon Old District | Hospital Campus, Rajnand Gaon chhtishgarh",Chhattisgarh,8,258.35,listed_in_2026-02-04_register; current_activity_not_assessed
67,CG013,PIYALI Teacher Training Institute Near Railway Crossing Ward No. 7 Tumgaon Road,"PIYALI Teacher Training Institute | Near Railway Crossing Ward No. 7 Tumgaon Road, | Mahasamund, Chhastisgarh-493445",Chhattisgarh,8,320.51,listed_in_2026-02-04_register; current_activity_not_assessed
68,CG014,Central India Institute G.E. Road Dewada Chowk,"Central India Institute | G.E. Road Dewada Chowk, Kopedih Road, Gram Dewada, | Dist- Rajnandgaon Chhatisgarh-491441",Chhattisgarh,8,354.47,listed_in_2026-02-04_register; current_activity_not_assessed
69,CG015,Shri Rawatpura Sarkar University,"Shri Rawatpura Sarkar University, | Near Shadani Darbar, Dhamtari Road, District- Raipur, | Chhatisgarh",Chhattisgarh,8,395.75,listed_in_2026-02-04_register; current_activity_not_assessed
70,CG016,Amity Institute of Behavioural & Allied Sciences Baloda Bazaar Road,"Amity Institute of Behavioural & Allied Sciences | Baloda Bazaar Road, Raipur chhatisgarh-493225",Chhattisgarh,8,452.27,listed_in_2026-02-04_register; current_activity_not_assessed
71,CG017,All India Institute of Medical Sciences Tatibandh,"All India Institute of Medical Sciences | Tatibandh, G.E. Road, Raipur Chhatisgarh-492099",Chhattisgarh,8,494.03,listed_in_2026-02-04_register; current_activity_not_assessed
72,CG018,Kalinga University Village Kotni,"Kalinga University | Village Kotni, Near Mantralaya, Atal Nagar-Nava Raipur, | Chhattisgarh-492101",Chhattisgarh,8,541.07,listed_in_2026-02-04_register; current_activity_not_assessed
73,DL001,Vardhman Mahavir Medical College,"Vardhman Mahavir Medical College, Department of | Rehabilitation, Safdarjung Hospital, Ansari Nagar, New Delhi- | 16.",Delhi,8,589.19,listed_in_2026-02-04_register; current_activity_not_assessed
74,DL003,The Blind Relief Association,"The Blind Relief Association, | Lal Bahadur Shastri Marg, Near Oberoi Hotel, New Delhi- | 110003",Delhi,8,649.31,listed_in_2026-02-04_register; current_activity_not_assessed
75,DL005,Tamana Association (School of Hope),"Tamana Association (School of Hope), CPWD Complex, | (Near Chinmaya Vidyalay), Vasant Vihar, New Delhi – | 110057.",Delhi,8,706.79,listed_in_2026-02-04_register; current_activity_not_assessed
76,DL007,"Y.M.C.A., Teachers Training Institute for Special Education","Y.M.C.A., Teachers Training Institute for Special | Education, Nizamuddin East, New Delhi – 110013",Delhi,9,187.79,listed_in_2026-02-04_register; current_activity_not_assessed
77,DL008,Amar Jyoti Rehabilitation and Research Centre Karkardooma,"Amar Jyoti Rehabilitation and Research Centre | Karkardooma, Vikas Marg, Delhi –110 0 92",Delhi,9,255.71,listed_in_2026-02-04_register; current_activity_not_assessed
78,DL009,Teachers Training Institute for Special Education (DSWSC),"Teachers Training Institute for Special Education | (DSWSC), Okhla Centre, Opposite Holy Family Hospital, | Okhla Marg, New Delhi- 110025",Delhi,9,422.87,listed_in_2026-02-04_register; current_activity_not_assessed
79,DL011,Jamia Millia Islamia,"Jamia Millia Islamia, | IASE, Deptt. of Teacher Training & Non Formal Education, | Faculty of Education, New Delhi-110 025",Delhi,9,493.91,listed_in_2026-02-04_register; current_activity_not_assessed
80,DL012,C.B.S. Memorial Mahila,"C.B.S. Memorial Mahila, Bal Evam Shravan Viklang | Shiksha Evam Punarvas Sansthan, 48, Hasanpur, I.P. | Extension, Delhi -110092",Delhi,9,740.03,listed_in_2026-02-04_register; current_activity_not_assessed
81,DL013,Action For Autism,"Action For Autism, | Pocket 7 & 8, Jasola Vihar, Behind Sai Niketan, New Delhi- | 110 025",Delhi,10,107.87,listed_in_2026-02-04_register; current_activity_not_assessed
82,DL014,Indian Spinal Injuries Centre,"Indian Spinal Injuries Centre, Institute of Health and | Rehabilitation Sciences, Sector – C, Vasant Kunj, New | Delhi - 110070",Delhi,10,194.63,listed_in_2026-02-04_register; current_activity_not_assessed
83,DL016,Pandit Deendayal Upadhayaya Institute for the Physically Handicapped 4,"Pandit Deendayal Upadhayaya Institute for the Physically | Handicapped | 4, Vishnu Digamber Marg, New Delhi- 110 002",Delhi,10,290.27,listed_in_2026-02-04_register; current_activity_not_assessed
84,DL017,Lady Irwin College,"Lady Irwin College, | Sikandra Road, New Delhi-110001",Delhi,10,396.83,listed_in_2026-02-04_register; current_activity_not_assessed
85,DL018,Akshay Pratishthan,"Akshay Pratishthan, | D- III, Vasant Kunj, New Delhi-110070",Delhi,10,456.95,listed_in_2026-02-04_register; current_activity_not_assessed
86,DL019,Institute of Human Behaviour & Allied Sciences (IHBAS),"Institute of Human Behaviour & Allied Sciences (IHBAS), | P.O. Box no. 9520, Dilshad Garden, Delhi – 110095",Delhi,10,500.87,listed_in_2026-02-04_register; current_activity_not_assessed
87,DL020,Durgabai Deshmukh College of Special Education,"Durgabai Deshmukh College of Special Education, (Visual | Impairment) The Blind Relief Association, Lal Bahadur Shastri | Marg, Near Hotel | Oberoi, New Delhi-13",Delhi,10,585.59,listed_in_2026-02-04_register; current_activity_not_assessed
88,DL021,Manovikas Comprehensive Rehabilitation and Research Centre,"Manovikas Comprehensive Rehabilitation and Research | Centre, 60A Radhey Puri Extn-1, Swami Dayanand Marg, | Near Jagat Puri Crossing, Delhi – 110051",Delhi,10,657.23,listed_in_2026-02-04_register; current_activity_not_assessed
89,DL022,Vision Institute of Advanced Studies,"Vision Institute of Advanced Studies, | Plot No. 4, Pocket A-1, Sector -8, Rohini, Delhi – 110085",Delhi,10,730.43,listed_in_2026-02-04_register; current_activity_not_assessed
90,DL025,Dr. Ram Manohar Lohia Hospital,"Dr. Ram Manohar Lohia Hospital, | Baba Kharag Singh Marg, New Delhi – 110001 ( DHLS Study | Center of AIISH, Mysore)",Delhi,11,221.27,listed_in_2026-02-04_register; current_activity_not_assessed
91,DL026,Savitribai Phule National Institute of Women and Child Development,"Savitribai Phule National Institute of Women and Child | Development, | 5, Siri institutional Area, Hauz Khas, New Delhi – 110016",Delhi,11,327.47,listed_in_2026-02-04_register; current_activity_not_assessed
92,DL028,Ashtavakra Institute of Rehabilitation Sciences & Research,"Ashtavakra Institute of Rehabilitation Sciences & | Research, | 4/1, Block-A, Institutional Area, Madhuban Chowk, Rohini, | Delhi-110085 | Ph-",Delhi,11,394.43,listed_in_2026-02-04_register; current_activity_not_assessed
93,DL029,"K.S. MEMORIAL, R1-R2","K.S. MEMORIAL, | R1-R2, East Vinod Nagar, Khichdipur main road, Delhi-91 | Regd.&PO Add.: M-124, R.K.VIHAR, I.P.EXTN., DELHI-92.",Delhi,11,563.15,listed_in_2026-02-04_register; current_activity_not_assessed
94,DL030,Viklang Avam Punarvas Kendra 218,"Viklang Avam Punarvas Kendra | 218, Razapur, Behind Prem Kuteer Appartments, Sector -09, | Rohini, Delhi – 110085",Delhi,11,694.31,listed_in_2026-02-04_register; current_activity_not_assessed
95,DL031,Indian Sign Language Research & Training Centre (ISLRTC),"Indian Sign Language Research & Training Centre | (ISLRTC), (Department of Empowerment of Persons with | Disabilities (Divyangjan), | Module No. 403-405, Fourth Floor, NSIC Business Oark, | Okhla Industrial Estate, New Delhi 110020",Delhi,11,763.31,listed_in_2026-02-04_register; current_activity_not_assessed
96,DL032,Ashtavakra Institute of Rehabilitation Sciences & Research,"Ashtavakra Institute of Rehabilitation Sciences & | Research, | 5 PSP Institutional Area, Sector-14, Madhuban Chowk, | Rohini, | Delhi – 110085",Delhi,12,137.27,listed_in_2026-02-04_register; current_activity_not_assessed
97,DL033,Association For Advancement and Rehabilitation of Handicapped C/o Navjyoti Institute,"Association For Advancement and Rehabilitation of | Handicapped | C/o Navjyoti Institute, B 11 Vasant Kunj, | South West, New Delhi – 110070",Delhi,12,594.95,listed_in_2026-02-04_register; current_activity_not_assessed
98,DL034,"CBSM, Delhi Handicapped Site Dwarka","CBSM, Delhi Handicapped Site Dwarka, Sector-13,Near | Iskon Temple, New Delhi-110078",Delhi,12,654.11,listed_in_2026-02-04_register; current_activity_not_assessed
99,DL035,National Trust for the Handicapped,"National Trust for the Handicapped, | A-2, Jeet Singh Marg, Qutab Institutional Area, New Delhi – | 110067",Delhi,12,734.03,listed_in_2026-02-04_register; current_activity_not_assessed
100,DL036,"Shristi C-272, Vivek Vihar","Shristi | C-272, Vivek Vihar, Delhi - 110065",Delhi,12,783.71,listed_in_2026-02-04_register; current_activity_not_assessed
101,DL037,Tecnia Institute of Teacher Education F-19,"Tecnia Institute of Teacher Education F-19, Sector-8, | Rohini, Delhi-110085",Delhi,13,106.79,listed_in_2026-02-04_register; current_activity_not_assessed
102,DL038,DIRD College of Special Education GT Karnal Road,"DIRD College of Special Education | GT Karnal Road, Nagli Poona Delhi – 110036",Delhi,13,168.95,listed_in_2026-02-04_register; current_activity_not_assessed
103,DL039,National Forensic Science University (An Institution of National Importance) Delhi Campus,"National Forensic Science University (An Institution of | National Importance) | Delhi Campus, Ministry of Home Affairs, Government of India, | Rohini Sector-3, New Delhi – 110085",Delhi,13,212.99,listed_in_2026-02-04_register; current_activity_not_assessed
104,DL040,Mothers Care College of Special Education (Run by Kartikeyan Educational Soceity) Plot No. 66 Sector -A9,"Mothers Care College of Special Education (Run by | Kartikeyan Educational Soceity) | Plot No. 66 Sector -A9, Narela, Delhi-11040",Delhi,13,263.27,listed_in_2026-02-04_register; current_activity_not_assessed
105,DL041,Aryan College of Special Education Plot No. 75,"Aryan College of Special Education | Plot No. 75, Village Kureni, Railway Road, Narela Delhi North | – 110040",Delhi,13,315.11,listed_in_2026-02-04_register; current_activity_not_assessed
106,GO001,Lokvishwas Pratishthan,"Lokvishwas Pratishthan, Shantadurga Krupaashram, | Kapileshwari, Ponda, Goa–403401",Goa,13,367.91,listed_in_2026-02-04_register; current_activity_not_assessed
107,GO004,Dnyanvardhini Divyang Training College,"Dnyanvardhini Divyang Training College, under the aegis | of Sanjay Centre for Special Education, Bogda Murmagao, | Vosco, | Goa-403521",Goa,13,419.15,listed_in_2026-02-04_register; current_activity_not_assessed
108,GO005,Composite Regional Centre for Skill Development,"Composite Regional Centre for Skill Development, | Rehabilitation & Empowerment of Persons with | Disabilities, AYJNISHD, | Goa University, Goa University Campus, Taleigo Plateau, | Goa – 403206",Goa,13,477.23,listed_in_2026-02-04_register; current_activity_not_assessed
109,GJ001,B.M. Institute of Mental Health,"B.M. Institute of Mental Health, | Near Nehru Bridge, Ashram Road, District – | Ahmedabad, Gujarat – 380009",Gujarat,13,544.19,listed_in_2026-02-04_register; current_activity_not_assessed
110,GJ003,Sh. Shah K.L. Institute for the Deaf,"Sh. Shah K.L. Institute for the Deaf, | 51, Vidyanagar, Bhavnagar, Gujarat – 364002",Gujarat,13,624.11,listed_in_2026-02-04_register; current_activity_not_assessed
111,GJ005,Training College for Teachers of the Deaf & Blind,"Training College for Teachers of the Deaf & Blind, | Navrangpura, Ashram Road, | Ahmedabad, Gujarat – 380 009",Gujarat,13,739.55,listed_in_2026-02-04_register; current_activity_not_assessed
112,GJ006,"Akshar Trust, 11th Floor","Akshar Trust, | 11th Floor, Kirti Tower, Next to Kirti Mandir, Tilak Road, | Vadodra, Gujarat – 01",Gujarat,14,134.51,listed_in_2026-02-04_register; current_activity_not_assessed
113,GJ007,Gujarat Kelvani Trust,"Gujarat Kelvani Trust, | Mangal Prabhat Building, Opp. St. Xavier High School, | Mirzapur,Ahmedabad, Gujarat",Gujarat,14,205.55,listed_in_2026-02-04_register; current_activity_not_assessed
114,GJ010,‘Ankur’ Special School for Mentally Retarded,"‘Ankur’ Special School for Mentally Retarded, | Plot No. 1945, Near Working Women’s Hostel, Sardarnagar | Circle, Bhavnagar, Gujarat",Gujarat,14,265.67,listed_in_2026-02-04_register; current_activity_not_assessed
115,GJ011,Blind Welfare Council,"Blind Welfare Council, | Mandav Road, Opp. Panchmukhi Hanuman Temple, Dahod, | Gujarat – 389151",Gujarat,14,326.27,listed_in_2026-02-04_register; current_activity_not_assessed
116,GJ012,Smt. P N R S (Talajwala) Society for Relief & Rehabilitation of the Disabled,"Smt. P N R S (Talajwala) Society for Relief & | Rehabilitation of the Disabled, | 51, Vidyanagar, Bhavnagar, Gujarat-364 002",Gujarat,14,375.95,listed_in_2026-02-04_register; current_activity_not_assessed
117,GJ015,Govt. Prosthetic & Orthotic College,"Govt. Prosthetic & Orthotic College, | Paraplegia Hospital & Physiotherapy College Civil Hospital | Campus, Ahemdabad, Gujarat– 380016",Gujarat,14,500.27,listed_in_2026-02-04_register; current_activity_not_assessed
118,GJ016,C.U. Shah Medical College,"C.U. Shah Medical College, | Dhudrej Road, Surendernagar, Gujarat – 363001",Gujarat,14,567.59,listed_in_2026-02-04_register; current_activity_not_assessed
119,GJ019,Sh. P K Mehta College for the Special Education,"Sh. P K Mehta College for the Special Education, | Vidya Mandir Trust, Mamta Mandir Campus, | Dairy Road, Palanpur, Dist. Banaskantha, Gujarat – 385001",Gujarat,14,644.51,listed_in_2026-02-04_register; current_activity_not_assessed
120,GJ020,School of Behavioural Sciences,"School of Behavioural Sciences, | Gujarat Forensic Sciences University 18/A, B/H Police | Bhawan, Gandhinagar, Gujarat – 382007",Gujarat,15,116.75,listed_in_2026-02-04_register; current_activity_not_assessed
121,GJ021,Composite Regional Centre for Persons with Disabilities,"Composite Regional Centre for Persons with Disabilities, | Bhikshuk Gurh Parisar, GIDC, Odhav, Ahemdabad, Gujarat – | 382415",Gujarat,15,174.83,listed_in_2026-02-04_register; current_activity_not_assessed
122,GJ022,Sardar Patel University,"Sardar Patel University, | University Road, Vallabh Vidyanagar, District Anand – | 388120, Gujarat",Gujarat,15,257.51,listed_in_2026-02-04_register; current_activity_not_assessed
123,GJ024,Sumandeep Vidyapeeth Deemed to be University,"Sumandeep Vidyapeeth Deemed to be University, | AT & PO-Pipariya, waghodia, vadodra,-391760, Gujarat",Gujarat,15,341.15,listed_in_2026-02-04_register; current_activity_not_assessed
124,GJ025,Indian Institute of Teacher Education Centre of Education,"Indian Institute of Teacher Education Centre of | Education, Ramkrushna paramhans vidya sakul, Sector-15, | Near Mahatma Mandir, Gandhinagar | Gujarat-382016",Gujarat,15,403.31,listed_in_2026-02-04_register; current_activity_not_assessed
125,GJ026,Gujarat Medical Education and Research Society,"Gujarat Medical Education and Research Society, | Medical College and Hospital, | Near Gujarat High Court on SG Highway, Sola, District- | Ahmedabad, Gujarat-380060",Gujarat,15,439.91,listed_in_2026-02-04_register; current_activity_not_assessed
126,GJ027,Rashtriya Raksha University At Lavad,"Rashtriya Raksha University | At Lavad, Ta. Dahegam, Distt- Gandhinagar Gujarat-382305",Gujarat,15,483.35,listed_in_2026-02-04_register; current_activity_not_assessed
127,GJ028,Government Spine Institute,"Government Spine Institute, Department of Audiology & | Speech Language Pathology 4th Floor, Near Cancer | Research Civil Medicity Campus Asarwa, Shahibaug, | Ahmedabad, Gujarat-380016",Gujarat,15,528.35,listed_in_2026-02-04_register; current_activity_not_assessed
128,HR001,"ARPAN, Institute for the Mentally Handicapped","ARPAN, Institute for the Mentally Handicapped, Gandhi | Nagar, Rohtak, Haryana – 124001",Haryana,15,592.79,listed_in_2026-02-04_register; current_activity_not_assessed
129,HR002,"Department of Special Education, Kurukshetra University","Department of Special Education, | Kurukshetra University, Kurukshetra, Haryana – | 136119",Haryana,15,708.23,listed_in_2026-02-04_register; current_activity_not_assessed
130,HR003,Shravan Institute of Special Education & Research,"Shravan Institute of Special Education & Research , | Gandhi Nagar, Near Mahila Ashram, District - Rohtak, | Haryana",Haryana,16,91.19,listed_in_2026-02-04_register; current_activity_not_assessed
131,HR006,Society for Advanced Study in Rehabilitation,"Society for Advanced Study in Rehabilitation, Branch of:- | Integrated Institute for the Disabled, Shiv Apartment –II, A- | Block | Dayal Bagh, P.O. Surajkund, Faridabad, Haryana – 121009",Haryana,16,149.27,listed_in_2026-02-04_register; current_activity_not_assessed
132,HR007,State Institute for Rehabilitation Training & Research (SIRTAR),"State Institute for Rehabilitation Training & Research | (SIRTAR), | (Department of Social Justice & Empowerment, Govt. of | Haryana), Gandhi Nagar, Rohtak, Haryana – 124001",Haryana,16,421.07,listed_in_2026-02-04_register; current_activity_not_assessed
133,HR008,Haryana College of Special Education & Rehabilitation,"Haryana College of Special Education & Rehabilitation, | R. K. Smriti Bhawan, H. No. D-II/121, Shiv Durga Vihar, | Opposite C-10 Dayal Bagh, Post Office: NHPC Colony | (121010), District Faridabad, Haryana – 121010",Haryana,16,658.79,listed_in_2026-02-04_register; current_activity_not_assessed
134,HR009,Vision institute for Applied Studies,"Vision institute for Applied Studies, | Plot No.: 40, | Sector – 20 B, H.U.D.A. | Near Traffic Training Park, Faridabad, Haryana",Haryana,17,152.27,listed_in_2026-02-04_register; current_activity_not_assessed
135,HR012,Adarsh Rehabilitation Centre for Mentally and Physically Handicapped children,"Adarsh Rehabilitation Centre for Mentally and Physically | Handicapped children, | Uttam Nagar, Loharu Road , Near Tractor Agencies, Bhiwani | Haryana – 127021",Haryana,17,652.31,listed_in_2026-02-04_register; current_activity_not_assessed
136,HR013,Jan Nayak Ch. Devi Lal (PG) College of Education,"Jan Nayak Ch. Devi Lal (PG) College of Education, Post | Box No. 81, Barnala Road, Sirsa, Haryana – 125055",Haryana,18,250.43,listed_in_2026-02-04_register; current_activity_not_assessed
137,HR014,ST. PAUL COLLEGE OF EDUCATION,"ST. PAUL COLLEGE OF EDUCATION, | ROHTAK BEHIND NEW BUS STAND,ROHTAK",Haryana,18,333.59,listed_in_2026-02-04_register; current_activity_not_assessed
138,HR015,MR DAV College of Education,"MR DAV College of Education, | 5th K.M. Stone, Sonepat Road, Rohtak, Haryana –",Haryana,18,475.67,listed_in_2026-02-04_register; current_activity_not_assessed
139,HR016,Tapan Rehabilitation Society,"Tapan Rehabilitation Society, Karnal, Pragya Institute for | Education Training and Rehabilitation of Differently | Abled, Near Police Post, G.T. Road, Nilokhari, District- | Karnal, Haryana - 132117",Haryana,18,615.71,listed_in_2026-02-04_register; current_activity_not_assessed
140,HR017,Red Cross Institute for Education & Rehabilitation of Mentally Challenged Children,"Red Cross Institute for Education & Rehabilitation of | Mentally Challenged Children, New Court Road, Red | Cross Bhawan, Sonepat, Haryana-131001",Haryana,18,718.19,listed_in_2026-02-04_register; current_activity_not_assessed
141,HR018,Amity University Haryana,"Amity University Haryana, | Department of Audiology & Speech Language Pathology, | Amity Education Valley Distt. Gurgaon (Manesar) , Haryana – | 122413",Haryana,19,198.35,listed_in_2026-02-04_register; current_activity_not_assessed
142,HR019,Shivom Rehabilitation Centre (SRC),"Shivom Rehabilitation Centre (SRC), | Kalanaur Road, Nigana, Rohtak, Haryana -124113",Haryana,19,370.79,listed_in_2026-02-04_register; current_activity_not_assessed
143,HR020,R.P. Institute of Speech & Audiology,"R.P. Institute of Speech & Audiology, | NH-1 P.O. Box No. 05, Post – Gharaunda, Karnal, Haryana – | 132114",Haryana,19,457.55,listed_in_2026-02-04_register; current_activity_not_assessed
144,HR021,Jind Central Jaycees Education and Charitable Society,"Jind Central Jaycees Education and Charitable Society, | Jind D-Block, Urban Estate, Jind, Haryana – 126102 /",Haryana,19,530.27,listed_in_2026-02-04_register; current_activity_not_assessed
145,HR022,Shri Sachha Special Education for the Deaf,"Shri Sachha Special Education for the Deaf, 281, Defence | Sainik Nagar Colony, Bahadurgarh, District – Jhajjar, Haryana | – 124507",Haryana,19,583.55,listed_in_2026-02-04_register; current_activity_not_assessed
146,HR023,Misri Devi Rehabilitation Centre,"Misri Devi Rehabilitation Centre, | 1/441, Gali No.9, Line Par, Vikas Nagar, Bahadurgarh, District | – Jhajjar, Haryana – 124507",Haryana,19,635.39,listed_in_2026-02-04_register; current_activity_not_assessed
147,HR024,Amar Jyoti Foundation,"Amar Jyoti Foundation, | Village – Quilazafargarh, Near State Bank of Patiala, Tehsil, – | Julana, Dist.-Jind, Haryana –",Haryana,19,788.03,listed_in_2026-02-04_register; current_activity_not_assessed
148,HR026,SSM Instiutute of Rehabilitation Training and Research for Inclusive Education (Divyangjan),"SSM Instiutute of Rehabilitation Training and Research | for Inclusive Education (Divyangjan), (Earlier known as | Maa Sharda Institute for Rehabilitation Training & | Research) | Village – Hasanpur, Post office Koriwas Narnaul, District – | Mahendergarh, Haryana",Haryana,20,141.35,listed_in_2026-02-04_register; current_activity_not_assessed
149,HR027,Institute for Advanced Research and Social Action,"Institute for Advanced Research and Social Action, 40, | Futa Road, Gali No.-07, Near Jaat College, Kalyan Nagar, | Kurukshetra, Haryana – 136118 /",Haryana,20,212.51,listed_in_2026-02-04_register; current_activity_not_assessed
150,HR028,K.V.M. College of Special Education,"K.V.M. College of Special Education, Ladhot Road, Behind | New Bus Stand Rohtak, Haryana – 124001",Haryana,20,259.67,listed_in_2026-02-04_register; current_activity_not_assessed
151,HR029,RENU VIDYA MANDIR (An Institute of Special Education Vocational Rehabilitation Training and Research),"RENU VIDYA MANDIR | (An Institute of Special Education Vocational Rehabilitation | Training and Research), Khewra, Meerut Road, Bahalgarh, | Sonipat, Haryana – 131001 .",Haryana,20,321.83,listed_in_2026-02-04_register; current_activity_not_assessed
152,HR030,S.M. Rehabilitation & Research Centre,"S.M. Rehabilitation & Research Centre, | Narnaul, C/o. Santosh Memorial, Education & Welfare Society | (Regd.), Plot No.2, Part 2, Sector 1, Urban Estate, Tehsil – | Narnaul, District – Mahendragarh, Haryana",Haryana,20,444.11,listed_in_2026-02-04_register; current_activity_not_assessed
153,HR034,Samarth Institute of Inclusive Education House No. 223/4 Subhash Nagar Street No.-3 Bahadurgarh-124507 Haryana,Samarth Institute of Inclusive Education House | No. 223/4 Subhash Nagar Street No.-3 | Bahadurgarh-124507 Haryana,Haryana,20,693.95,listed_in_2026-02-04_register; current_activity_not_assessed
154,HR036,TEERTHANKER K.R.D. COLLEGE PLOT NO 35,"TEERTHANKER K.R.D. COLLEGE | PLOT NO 35, VILLAGE + TOWN JATAULI POST HAILY | MANDI, TEHSIL PATAUDI, DISTRICT GURGAON | (HARYANA) PIN CODE 122504",Haryana,20,733.31,listed_in_2026-02-04_register; current_activity_not_assessed
155,HR038,JBDM College of Special Education (Run by JBDM Educational and Social Welfare Society) VPO Saral Distt Bhiwani,"JBDM College of Special Education | (Run by JBDM Educational and Social Welfare Society) | VPO Saral Distt Bhiwani, Haryana-127040",Haryana,21,107.87,listed_in_2026-02-04_register; current_activity_not_assessed
156,HR039,Adarsh Rehabilitation Institute of Vocational Training Rohtak Road,"Adarsh Rehabilitation Institute of Vocational Training | Rohtak Road, Kalupur Chingi, Sonipat- 131001 Haryana",Haryana,21,174.83,listed_in_2026-02-04_register; current_activity_not_assessed
157,HR040,SHREE GURU GOBIND SINGH TRICENTENARY UNIVERSITY CHANDU-BUDHERA GURGAON- BADLI ROAD GURGAON-122505,SHREE GURU GOBIND SINGH TRICENTENARY | UNIVERSITY CHANDU-BUDHERA GURGAON- BADLI | ROAD GURGAON-122505,Haryana,21,211.91,listed_in_2026-02-04_register; current_activity_not_assessed
158,HR041,Green Valley Institute of Spl.Edu. & Rehabilitation Centre,"Green Valley Institute of Spl.Edu. & Rehabilitation Centre, | Mandir Wali Gali, Patel Nagar, Sonepat, Haryana",Haryana,21,473.15,listed_in_2026-02-04_register; current_activity_not_assessed
159,HR042,Aadhar College of Special Education VPO-Agroha,"Aadhar College of Special Education VPO-Agroha, Dist- | Hisar, Haryana",Haryana,21,517.55,listed_in_2026-02-04_register; current_activity_not_assessed
160,HR043,ST. Teresa Inclusive School ITI Chowk Rathdhana Road Sonipat,"ST. Teresa Inclusive School | ITI Chowk Rathdhana Road Sonipat, Haryana",Haryana,21,553.07,listed_in_2026-02-04_register; current_activity_not_assessed
161,HR044,Ideal College of Special Education Village Mahlana,"Ideal College of Special Education | Village Mahlana, Dist- Sonepat Haryana-131001",Haryana,21,597.47,listed_in_2026-02-04_register; current_activity_not_assessed
162,HR045,J. M. Rehabilitation and Research Centre Near Adarsh Vidya Mandir Nangal Barrier Ateli Mandi,"J. M. Rehabilitation and Research Centre | Near Adarsh Vidya Mandir Nangal Barrier Ateli Mandi, Dist- | Mahendergarh, Haryana-123021",Haryana,21,687.95,listed_in_2026-02-04_register; current_activity_not_assessed
163,HR046,Geetanjali College for Special Education,"Geetanjali College for Special Education, | Village & Post- Office-Barwansi Hulleri Modgohana Road, | Sonepat – Dist, Haryana-131001",Haryana,22,81.23,listed_in_2026-02-04_register; current_activity_not_assessed
164,HR047,Armaan Teacher Training Institute,"Armaan Teacher Training Institute, 955, Sector-16, Old SP | Road, Faridabad, Haryana-121002",Haryana,22,116.27,listed_in_2026-02-04_register; current_activity_not_assessed
165,HR048,Faculty of Education,"Faculty of Education, Manav Rachna University Sector-43, | Aravalli Hills, Delhi-Surajkund Road, Faridabad, Haryana – | 121004",Haryana,22,160.67,listed_in_2026-02-04_register; current_activity_not_assessed
166,HR049,Master Khub Ram College,"Master Khub Ram College, Mahchana Road, Haily Mandi, | Teh, Pataudi, Distt- Gurgaon, Haryana",Haryana,22,201.95,listed_in_2026-02-04_register; current_activity_not_assessed
167,HR050,Haryana Welfare Society for Persons With Speech & Hearing Impairment,"Haryana Welfare Society for Persons With Speech & | Hearing Impairment, | Opposite House No. 275, Sector -16, Punchkula, Haryana",Haryana,22,246.35,listed_in_2026-02-04_register; current_activity_not_assessed
168,HR051,M M Institute of Medical Science and Research,"M M Institute of Medical Science and Research, Maharishi | Markandeshwar University, Mullana Ambala, Haryana- | 133207",Haryana,22,290.75,listed_in_2026-02-04_register; current_activity_not_assessed
169,HR052,R K College of Education (Rehabilitation) 21st K M Stone,"R K College of Education (Rehabilitation) | 21st K M Stone, Sonipat Road, Humayunpur, Rohtak, Haryana",Haryana,22,343.07,listed_in_2026-02-04_register; current_activity_not_assessed
170,HR053,Central University of Haryana,"Central University of Haryana, Department of | Psychology, | VPO – Jan – Pali , District – Mahendergarh, Haryana-123031",Haryana,22,389.03,listed_in_2026-02-04_register; current_activity_not_assessed
171,HR054,B.R.D.E.W.S. Baba Ramdas Institute of Special Education VPO- Nuna Majra Firani Road,"B.R.D.E.W.S. Baba Ramdas Institute of Special Education | VPO- Nuna Majra Firani Road, Bahadurgarh, District- Jhajjar, | Haryana -124507",Haryana,22,442.43,listed_in_2026-02-04_register; current_activity_not_assessed
172,HR055,D.B.M. Special College of Education V.P.O. Madina,"D.B.M. Special College of Education | V.P.O. Madina, Teh- Gohana District - Sonipat, Haryana – | 131301",Haryana,22,495.23,listed_in_2026-02-04_register; current_activity_not_assessed
173,HR056,Om Sterling Global University,"Om Sterling Global University, | Department of Special Education school of Teacher | Education, NH-52 Hisar-Chandigargh Road, Hisar, Haryana- | 125001",Haryana,22,552.23,listed_in_2026-02-04_register; current_activity_not_assessed
174,HR057,Maharshi Dayanand University Rohtak,"Maharshi Dayanand University Rohtak, Haryana – 124001",Haryana,22,758.75,listed_in_2026-02-04_register; current_activity_not_assessed
175,HR058,Darpan Rehabilitation & Research Centre Sec-09,"Darpan Rehabilitation & Research Centre | Sec-09, Safidon Road, Jind Haryana-12102",Haryana,23,98.99,listed_in_2026-02-04_register; current_activity_not_assessed
176,HR059,S. R. College of Education IMT,"S. R. College of Education IMT, Sector 30 B, Kheri Sadh, | Delhi Road, Rohtak , Haryana – 124021",Haryana,23,146.03,listed_in_2026-02-04_register; current_activity_not_assessed
177,HR060,JBM College of Education for Rehabilitation Training and Research Near Old Bus Stand,"JBM College of Education for Rehabilitation Training and | Research | Near Old Bus Stand, Shadipur Julana, District Jind, Haryana- | 126101",Haryana,23,188.39,listed_in_2026-02-04_register; current_activity_not_assessed
178,HR061,College of Modern Education,"College of Modern Education, Vill- Berli Kalan, P.O. | Musepur District-Rewari, Haryana-123401",Haryana,23,257.39,listed_in_2026-02-04_register; current_activity_not_assessed
179,HR062,Scope Rehabilitation Centre,"Scope Rehabilitation Centre, | 26/9 Model Town, Water Works Road, Narwana, Dist- Jind | Haryana-126116",Haryana,23,297.71,listed_in_2026-02-04_register; current_activity_not_assessed
180,HR063,Education Concern,"Education Concern, Society for Development of Persons | with Special Needs, | Sector -1, Rohtak, Haryana-124001",Haryana,23,340.55,listed_in_2026-02-04_register; current_activity_not_assessed
181,HR064,Adarsh Vidya Divyang Kalyan and Punarvas Kendra Saman Rohtak,"Adarsh Vidya Divyang Kalyan and Punarvas Kendra | Saman | Rohtak, Haryana-124112",Haryana,23,403.91,listed_in_2026-02-04_register; current_activity_not_assessed
182,HR065,Shiva Divyang Kalyan and Punarvas Kendra Punarvas Kendra,"Shiva Divyang Kalyan and Punarvas Kendra | Punarvas Kendra, Meham Rohtak Haryana-124112",Haryana,23,445.67,listed_in_2026-02-04_register; current_activity_not_assessed
183,HR066,Nav Nirman Rehabilitation & Research Center,"Nav Nirman Rehabilitation & Research Center, | Barwala Hisar, Haryana-230128",Haryana,23,494.39,listed_in_2026-02-04_register; current_activity_not_assessed
184,HR067,Ram Krishan Rehabilitation School,"Ram Krishan Rehabilitation School, (Run by Saraswati | Deep shiksha Samiti) Simha Teh. NNI, Dist- Mahendergarh | Haryana-123001",Haryana,23,520.55,listed_in_2026-02-04_register; current_activity_not_assessed
185,HR068,Bright Rehabilitation Centre (Run by Adarsh Siksha and Samaj Uthan Samiti) VPO- Khasa Mahajan,"Bright Rehabilitation Centre | (Run by Adarsh Siksha and Samaj Uthan Samiti) VPO- Khasa | Mahajan, Dist- Hisar- Haryana- 125001",Haryana,23,568.67,listed_in_2026-02-04_register; current_activity_not_assessed
186,HR069,College of Special Education & Training (Run by The Advance Society for the differently Abled),"College of Special Education & Training (Run by The | Advance Society for the differently Abled), | Roshan Nagar, Faridabad, Haryana-121003",Haryana,23,625.67,listed_in_2026-02-04_register; current_activity_not_assessed
187,HR070,Aastha Institute for Divyangjan (Run by aastha Rehabilitation and Educational Society),"Aastha Institute for Divyangjan | (Run by aastha Rehabilitation and Educational Society), VPO- | Baliali, Bhiwani, Haryana-127032",Haryana,23,673.79,listed_in_2026-02-04_register; current_activity_not_assessed
188,HR071,Thomas Edison Inclusive School,"Thomas Edison Inclusive School, (College of Speial | Education), Run by Arya Charitable Society, 901/1, Gali No. | 8, Patel Nagar, Sonipat, Haryana – 131001",Haryana,23,719.75,listed_in_2026-02-04_register; current_activity_not_assessed
189,HR072,Shri Omvir Singh Institute of Rehabilitation,"Shri Omvir Singh Institute of Rehabilitation, VPO Nuna | Majra, Near shiv Mandir, Main Bahadurgarh Jhajjar Road",Haryana,23,769.91,listed_in_2026-02-04_register; current_activity_not_assessed
190,HR073,Jindal Institute of Behavioral Sciences O.P. Jindal Global (Institutions of Eminence Deemed to be University),"Jindal Institute of Behavioral Sciences | O.P. Jindal Global (Institutions of Eminence Deemed to be | University), | Sonipat Narela Road, Near Jagishpur Village Sonipat - | 131001, Haryan",Haryana,24,126.71,listed_in_2026-02-04_register; current_activity_not_assessed
191,HR074,MCM College of Special Education Run by Maya Chand Memorial Education Society Kilazafargarh,"MCM College of Special Education | Run by Maya Chand Memorial Education Society | Kilazafargarh, Julana, District – Jind , Haryana – 126101",Haryana,24,202.07,listed_in_2026-02-04_register; current_activity_not_assessed
192,HR075,Lt. Mahipat Singh College of Education (Run by Lt. Mahipat Memorial Shiksha Samiti) Sarai Aurangabad,"Lt. Mahipat Singh College of Education | (Run by Lt. Mahipat Memorial Shiksha Samiti) Sarai | Aurangabad, Bahadurgarh, District – Jhajjar, Haryana – | 124507",Haryana,24,251.75,listed_in_2026-02-04_register; current_activity_not_assessed
193,HR076,Green Valley Special School Jamalpur Distt. Bhiwani,"Green Valley Special School | Jamalpur Distt. Bhiwani, Haryana-127035",Haryana,24,309.83,listed_in_2026-02-04_register; current_activity_not_assessed
194,HR077,Gurugram University Sec tor - 51,"Gurugram University | Sec | tor – 51, Mayfield Garden, Gurugram, Haryana- 122003",Haryana,24,341.27,listed_in_2026-02-04_register; current_activity_not_assessed
195,HR078,Department of Clinical Psychology School of Behavioral and Social Sciences,"Department of Clinical Psychology School of Behavioral | and Social Sciences, Manav Rachna International | Institute of Research and Studies Sector-43, Aravalli Hills, | Delhi-Surajkund Road, Faridabad, Haryana – 121004",Haryana,24,405.59,listed_in_2026-02-04_register; current_activity_not_assessed
196,HR079,G.D. Goenka University,"G.D. Goenka University, | GD Goenka Education city, Gurugram, Sohna Road- 122103, | GURUGRAM, HARYANA-122103",Haryana,24,464.63,listed_in_2026-02-04_register; current_activity_not_assessed
197,HR080,"Director, Institute of Hotel & Tourism Management","Director, Institute of Hotel & Tourism Management, | Maharshi Dayanand University Rohtak, Haryana-124001",Haryana,24,551.03,listed_in_2026-02-04_register; current_activity_not_assessed
198,HR081,Department of Clinical Psychology IILM University 1 Knowledge Centre,"Department of Clinical Psychology IILM University | 1 Knowledge Centre, Golf Course Road Sector-53 Haryana | Gurugram –",Haryana,24,596.03,listed_in_2026-02-04_register; current_activity_not_assessed
199,HR082,Chaudhary Devi Lal University SIRSA Chaudhary Devi Lal University Sirsa Haryana-125055,Chaudhary Devi Lal University SIRSA Chaudhary Devi Lal | University Sirsa Haryana-125055,Haryana,24,652.55,listed_in_2026-02-04_register; current_activity_not_assessed
200,HR083,INDERPRASTHA EDUCATION COLLEGE,"INDERPRASTHA EDUCATION COLLEGE, | VPO-NIGANA TEH. KALANAUR ROHTAK, ROHTAK, | HARYANA-124113",Haryana,24,688.19,listed_in_2026-02-04_register; current_activity_not_assessed
201,HR084,GURU JAMBHESHWAR UNIVERSITY OF SCIENCE AND TECHNOLOGY,"GURU JAMBHESHWAR UNIVERSITY OF SCIENCE AND | TECHNOLOGY, | DEPARTMENT OF APPLIED PSYCHOLOGY, | NH-9, DELHI ROAD, HISAR, HARYANA-125001",Haryana,24,727.43,listed_in_2026-02-04_register; current_activity_not_assessed
202,HR085,Chaudhary Bansi Lal University,"Chaudhary Bansi Lal University, | Prem Nagar, Bhiwani, BHIWANI, HARYANA-127031",Haryana,25,81.23,listed_in_2026-02-04_register; current_activity_not_assessed
203,HP001,Composite Regional Centre for Persons with Disabilities,"Composite Regional Centre for Persons with Disabilities, | Near Mahamaya Mandir, Sundernagar, Dist Mandi, Himachal | Pradesh -174 401 /",Himachal Pradesh,25,140.39,listed_in_2026-02-04_register; current_activity_not_assessed
204,HP002,Prem Ashram Institute of Sisters of Charity,"Prem Ashram Institute of Sisters of Charity, | Takka Road Una, P.O. Una, Himachal Pradesh – 174303",Himachal Pradesh,25,344.63,listed_in_2026-02-04_register; current_activity_not_assessed
205,HP003,Babu Jagjivan Ram Trust (regd.) for Social Development,"Babu Jagjivan Ram Trust (regd.) for Social Development, | Arya Estate, Una – Nangal Highway, Mehatpur, Dist – Una, | Himachal Pradesh – 174315",Himachal Pradesh,25,415.67,listed_in_2026-02-04_register; current_activity_not_assessed
206,HP005,Chetna Association House No.: 68,"Chetna Association | House No.: 68, Raura Sector-2, Bilaspur, Himachal | Pradesh – 174001",Himachal Pradesh,25,465.35,listed_in_2026-02-04_register; current_activity_not_assessed
207,HP006,Blooms’ Education Society (Regd.),"Blooms’ Education Society (Regd.), Kot, P.O. Chunahan, | Dist. Mandi, Himachal Pradesh – | 175027 /",Himachal Pradesh,25,522.83,listed_in_2026-02-04_register; current_activity_not_assessed
208,HP007,Aastha Special School,"Aastha Special School, | Near Panchayat Bhawan Pucca Tank Nahan, | District – Sirmour,Himachal Pradesh –173001",Himachal Pradesh,25,574.67,listed_in_2026-02-04_register; current_activity_not_assessed
209,HP008,"H P University, Department of Psychology Gandhi Bhawan","H P University, Department of Psychology | Gandhi Bhawan, shimla Himachal Pradesh – 171005",Himachal Pradesh,25,648.35,listed_in_2026-02-04_register; current_activity_not_assessed
210,JK001,Composite Regional Centre for persons with Disabilities (Ministry of Social Justice & Empowerment),"Composite Regional Centre for persons with Disabilities | (Ministry of Social Justice & Empowerment), Bemina Bye | pass (Near Women’s Polytechnic College), Srinagar Jammu | & Kashmir – 190018",Jammu and Kashmir,25,695.99,listed_in_2026-02-04_register; current_activity_not_assessed
211,JK002,MIER College of Education,"MIER College of Education, (Model Institute of Education & | Research), B.C. Road, Jammu - 180001",Jammu and Kashmir,26,107.87,listed_in_2026-02-04_register; current_activity_not_assessed
212,JK005,Post Graduate Department of Psychiatry,"Post Graduate Department of Psychiatry, Govt. Medical | College Kathi Darwaza, Rainawari Srinagar-190003",Jammu and Kashmir,26,170.03,listed_in_2026-02-04_register; current_activity_not_assessed
213,JKH001,Deepshikha Institute for Child Development & Mental Health,"Deepshikha Institute for Child Development & Mental | Health, (A Unit of Purshree) | Ara Gate, Near Flyover, P.O.-Mahilong, PS- Tatisilway, | Dist-Ranchi, Jharkhand, Pin – 835103",Jharkhand,26,213.95,listed_in_2026-02-04_register; current_activity_not_assessed
214,JKH002,Ranchi Institute of Neuro-Psychiatry & Allied Sciences Kanke,"Ranchi Institute of Neuro-Psychiatry & Allied Sciences | Kanke, Ranchi (RINPAS)-834006 Telefax: 0651- 2450813",Jharkhand,26,280.79,listed_in_2026-02-04_register; current_activity_not_assessed
215,JKH003,Central Institute of Psychiatry,"Central Institute of Psychiatry,(CIP) | Post – Kanke, District – Ranchi, Jharkhand – | 834006",Jharkhand,26,322.07,listed_in_2026-02-04_register; current_activity_not_assessed
216,JKH004,"JEEVAN, Bastacolla","JEEVAN, | Bastacolla, Dhansar, Dhanbad, Jharkhand – | 828106, Jharkhand",Jharkhand,26,384.23,listed_in_2026-02-04_register; current_activity_not_assessed
217,JKH005,J.M. Institute of Speech & Hearing,"J.M. Institute of Speech & Hearing, | V.I.P. Chowk, Court Road, Deoghar, Jharkhand",Jharkhand,26,464.15,listed_in_2026-02-04_register; current_activity_not_assessed
218,JKH007,Dr. Rajendra Institute of Medical Sciences,"Dr. Rajendra Institute of Medical Sciences, Bariyatu, | Ranchi, Jharkhand – 834009 (DHLS Study Center of AllSH, | Mysore)",Jharkhand,26,602.15,listed_in_2026-02-04_register; current_activity_not_assessed
219,JKH008,Buddha Shaikshanik Vikas Parishad,"Buddha Shaikshanik Vikas Parishad, | Viklang Vikas Vidyalaaya, Rajbari, P.O. – Jamtara, Dist – | Jamtara (Jharkhand)- 815351",Jharkhand,26,653.39,listed_in_2026-02-04_register; current_activity_not_assessed
220,JKH009,Institute of Special Education & Training (Run By: Gyan Jyoti School for Deaf & Dumb) Behind Town Hall (Near Golf Ground P.O,"Institute of Special Education & Training | (Run By: Gyan Jyoti School for Deaf & Dumb) Behind | Town Hall (Near Golf Ground P.O., P.S. Dist. Dhanbad, | Jharkhand – 826001",Jharkhand,26,724.43,listed_in_2026-02-04_register; current_activity_not_assessed
221,JKH010,Deaf Dumb & M.R. Residential School Cum Resource Centre,"Deaf Dumb & M.R. Residential School Cum Resource | Centre, | At. Parsoti PO-Kathon (Poraiyahat), Dist. – Godda | – 814133, Jharkhand",Jharkhand,26,774.59,listed_in_2026-02-04_register; current_activity_not_assessed
222,JKH012,Radhika Institute of Special Education (RISE),"Radhika Institute of Special Education (RISE), A Women | Wing of Gyan Jyoti, Near Adarsh Saraswati Vidya Mandir, | Kharni More, Panchrukhi, | G. T. Road, P.O.: Bagdaha, P.S.: Rajganj, Dist.: Dhanbad, | Jharkhand-828113.",Jharkhand,27,161.15,listed_in_2026-02-04_register; current_activity_not_assessed
223,JKH013,"Prerna Trust, Co-operative Colony","Prerna Trust, Co-operative Colony, Near Old Check Post, | Ranchi Patna Road, Hazaribag, Jharkhand-825301",Jharkhand,27,234.83,listed_in_2026-02-04_register; current_activity_not_assessed
224,JKH014,J.M. Institute of Speech & Hearing,"J.M. Institute of Speech & Hearing, Shobha Sadan, Jai | Prakash Nagar (Near Bus Stand), Dhanbad, Jharkhand",Jharkhand,27,275.51,listed_in_2026-02-04_register; current_activity_not_assessed
225,JKH016,"SPARSH, Bilasi","SPARSH, Bilasi, Shivganga, Matri Mandir, Deoghar, | Jharkhand – 814112",Jharkhand,27,328.79,listed_in_2026-02-04_register; current_activity_not_assessed
226,JKH017,Child Concern 1B,"Child Concern | 1B, Subh Gauri Enclaves, Buddha Vihar Colony, Ashok | Nagar, Harmu, Ranchi, Jharkhand -834002",Jharkhand,27,380.03,listed_in_2026-02-04_register; current_activity_not_assessed
227,JKH018,Green Valley Training College Administrative Office:- H/o. Pramod Kumar Dubey,"Green Valley Training College | Administrative Office:- H/o. Pramod Kumar Dubey, Vill.: | Kalajhar, P.O.: Sahu Bahiyar, P.S.: Topchanchi, Dist.: | Dhanbad, Pin – 828402.",Jharkhand,27,430.67,listed_in_2026-02-04_register; current_activity_not_assessed
228,JKH019,AASTHA INSTITUTE OF SPECIAL EDUCATION (Under IARSA) C/o Aastha Rehabilitation Centre,"AASTHA INSTITUTE OF SPECIAL EDUCATION | (Under IARSA) C/o Aastha Rehabilitation Centre, Dhori, Near | G.M. Office, Dhori, P.O. Dhori, Dist- Bokaro-825102, | Jharkhand",Jharkhand,27,490.31,listed_in_2026-02-04_register; current_activity_not_assessed
229,JKH020,Composite Regional Center,"Composite Regional Center, Under Administrative | Control of SVNIRTAR Cuttack, DEPwD, MSJE&E, Govt. of | India, | At - Namkum Block Ranchi, Jharkhand",Jharkhand,27,587.99,listed_in_2026-02-04_register; current_activity_not_assessed
230,JKH021,J M Institue of Speech & Hearing Om Apartment,"J M Institue of Speech & Hearing | Om Apartment, Flat No. 3B, Opp, Hill Tank, Booty Road, | Bariyatu, Ranchi – 834009",Jharkhand,27,655.43,listed_in_2026-02-04_register; current_activity_not_assessed
231,KK001,Dr. S. R. Chandrashekar Institute of Speech & Hearing,"Dr. S. R. Chandrashekar Institute of Speech & Hearing, | Hennur Road, Kariyanapalya, Bangalore, Karnataka – 560084",Karnataka,27,716.63,listed_in_2026-02-04_register; current_activity_not_assessed
232,KK004,St. Agnes Teacher Training Institute for the Special Education,"St. Agnes Teacher Training Institute for the Special | Education, Bendore, Mangalore, | Karnataka –575",Karnataka,28,276.59,listed_in_2026-02-04_register; current_activity_not_assessed
233,KK005,All India Institute for Speech & Hearing,"All India Institute for Speech & Hearing , Naimisham | Campus, | Manasa Gangothri, | Mysore, Karnataka – 570006",Karnataka,28,334.07,listed_in_2026-02-04_register; current_activity_not_assessed
234,KK006,Dr. M.V.Shetty College of Speech and Hearing,"Dr. M.V.Shetty College of Speech and Hearing, Dr. M. V. | Shetty Memorial Trust, A. B. Shetty Circle, Mangalore, | Karnataka -575013",Karnataka,28,674.27,listed_in_2026-02-04_register; current_activity_not_assessed
235,KK008,Karnataka Parents’ Association for the Mentally Retarded Citizens,"Karnataka Parents’ Association for the Mentally Retarded | Citizens, Regd. Office: #18, Bysandra Main Road, Jayanagr | 1st Block (East), Bangalore, Karnataka – 560011",Karnataka,28,787.67,listed_in_2026-02-04_register; current_activity_not_assessed
236,KK009,Department of Clinical Psychology,"Department of Clinical Psychology, School of Allied | Health Sciences, Manipal University, Manipal, Karnataka – | 575 104",Karnataka,29,141.35,listed_in_2026-02-04_register; current_activity_not_assessed
237,KK014,College of Allied Health Sciences,"College of Allied Health Sciences, Manipal Academy of | Higher Education (Deemed University), Manipal, Karnataka- | 576119",Karnataka,29,212.99,listed_in_2026-02-04_register; current_activity_not_assessed
238,KK015,Govt. Teacher Training Centre for the Hearing Handicapped,"Govt. Teacher Training Centre for the Hearing | Handicapped, Pulikeshi Road, Tilak Nagar, Mysore, | Karnataka – 21",Karnataka,29,292.91,listed_in_2026-02-04_register; current_activity_not_assessed
239,KK016,Helen Keller Govt. Teacher Training Centre for the Visually Handicapped Children,"Helen Keller Govt. Teacher Training Centre for the | Visually Handicapped Children, Govt. of Karnataka, Tilak | Nagar, Mysore, Karnataka -21",Karnataka,29,361.91,listed_in_2026-02-04_register; current_activity_not_assessed
240,KK017,The Spastics Society of Karnataka,"The Spastics Society of Karnataka, | 31, 5th Cross, off-5th Main, Indira Nagar,1st stage, Bangalore, | Karnataka – 560038",Karnataka,29,439.79,listed_in_2026-02-04_register; current_activity_not_assessed
241,KK018,J.S.S Mahavidyapeetha,"J.S.S Mahavidyapeetha, J.S.S. Institute of Speech & | Hearing, | Ooty Road, Mysore, Karnataka -570025",Karnataka,29,534.35,listed_in_2026-02-04_register; current_activity_not_assessed
242,KK019,Mobility India,"Mobility India, | Post Box No. 7812, 1st & 1st ‘A’ Cross, J.P. | Nagar, 2nd Phase, Bangalore, Karnataka – 560078",Karnataka,29,647.75,listed_in_2026-02-04_register; current_activity_not_assessed
243,KK020,Kasturba Medical College,"Kasturba Medical College, Manipal Academy of Higher | Education(Deemed University), | ght House Hill Road, Post Box No. 53, Mangalore, Karnataka - | 575 001",Karnataka,29,772.07,listed_in_2026-02-04_register; current_activity_not_assessed
244,KK021,Samvaad Institute of Speech & Hearing,"Samvaad Institute of Speech & Hearing, #18, 1st Cross 5th | Main, Anandagiri Extension, Hebbal, Bangalore, Karnataka – | 560024",Karnataka,30,116.75,listed_in_2026-02-04_register; current_activity_not_assessed
245,KK024,Mangalore Academy of Professional Studies,"Mangalore Academy of Professional Studies, Vyasa | Nagar, Behind KPT Ground, Kadri Hills, Mangalore, | Karnataka-575004",Karnataka,30,210.35,listed_in_2026-02-04_register; current_activity_not_assessed
246,KK026,Naseema Institute of Speech & Hearing Site No. 2,"Naseema Institute of Speech & Hearing Site No. 2, | Banashankari, 6th Stage, 4th Block, Chikegowdanapalya, | Bangalore – 560 062",Karnataka,30,304.91,listed_in_2026-02-04_register; current_activity_not_assessed
247,KK027,NITTE (Deemed to be University) University Enclave,"NITTE (Deemed to be University) | University Enclave, Medical sciences Complex, Deralakatte, | Mangaluru, Karnataka – 575018",Karnataka,30,445.67,listed_in_2026-02-04_register; current_activity_not_assessed
248,KK029,Father Muller College (Unit of Father Muller Charitable Institutions),"Father Muller College | (Unit of Father Muller Charitable Institutions), Father | Muller Road, Kankanady, | Mangalore, Karnataka-575002",Karnataka,30,534.47,listed_in_2026-02-04_register; current_activity_not_assessed
249,KK033,National Institute of Mental Health & Neurosciences (NIMHANS) Post Box No. 2900,"National Institute of Mental Health & Neurosciences | (NIMHANS) | Post Box No. 2900, Hosur Road, Bangalore, Karnataka – | 560029",Karnataka,30,641.03,listed_in_2026-02-04_register; current_activity_not_assessed
250,KK034,Foundation for Action Motivation& Empowerment (F.A.M.E,"Foundation for Action Motivation& Empowerment | (F.A.M.E., India) | 156, 36th Cross, 2nd Main, Jayanagar 7th Block, Bangalore, | Karnataka – 560082",Karnataka,30,701.15,listed_in_2026-02-04_register; current_activity_not_assessed
251,KK037,Asha Kirana School for the Mentally Retarded,"Asha Kirana School for the Mentally Retarded, Rotary 75th | Anniversary Trust, Vidhya Nagar, Shimoga, Karnataka – | 577201",Karnataka,30,762.83,listed_in_2026-02-04_register; current_activity_not_assessed
252,KK039,Information and Resource Centre (IRC),"Information and Resource Centre (IRC), | No. 9 Shankarmutt Road, Shankarpuram, Basavangudi, | Bangalore, Karnataka – 560004",Karnataka,31,81.23,listed_in_2026-02-04_register; current_activity_not_assessed
253,KK040,The Association of People with Disability,"The Association of People with Disability, | 6th Cross, Hutchins Road, Off, Hennur Road, Lingarajapuram, | St. Thomas Town Post, Bangalore, Karnataka – 560084",Karnataka,31,133.55,listed_in_2026-02-04_register; current_activity_not_assessed
254,KK041,JSS Institute of Speech & Hearing,"JSS Institute of Speech & Hearing, Near Thapovan | Kelageri, Dharwad, Karnataka – 580007",Karnataka,31,195.71,listed_in_2026-02-04_register; current_activity_not_assessed
255,KK042,Shravana Institute of Speech and Hearing,"Shravana Institute of Speech and Hearing, Omkar Arcade, | Opp-St. Philomenta’s High School, Infantry Road, | Cantonment, Ballari- Karnataka, Pin583104",Karnataka,31,255.83,listed_in_2026-02-04_register; current_activity_not_assessed
256,KK043,Dharwad Institute of Mental Health & Neurosciences (D.I.M.H.A.N.S.),"Dharwad Institute of Mental Health & Neurosciences | (D.I.M.H.A.N.S.), | District –Dharwad, Karnataka",Karnataka,31,297.11,listed_in_2026-02-04_register; current_activity_not_assessed
257,KK044,Composite Regional Centre,"Composite Regional Centre, | Davangere-Devaraj URS Layout, | B-Block, Davangere, Karnataka -577006",Karnataka,31,338.87,listed_in_2026-02-04_register; current_activity_not_assessed
258,KK045,A.J. Institute of Medical Sciences and Research Centre,"A.J. Institute of Medical Sciences and Research Centre, | NH-66 Kuntikana Mangaluru,Dakshina Kannada Karnataka - | 575004",Karnataka,31,411.47,listed_in_2026-02-04_register; current_activity_not_assessed
259,KK046,J.S.S. Medical College (Deemed to be Univeristy) Sri Shivarathreeshware Nagara,"J.S.S. Medical College (Deemed to be Univeristy) | Sri Shivarathreeshware Nagara, Dist- Mysuru, MYSURU, | KARNATAKA-570015",Karnataka,31,477.95,listed_in_2026-02-04_register; current_activity_not_assessed
260,KK047,Department of Speech Pathology and Audiology,"Department of Speech Pathology and Audiology, | Sri Devaraj Urs Academy of Higher Education and Research | (A Deemed to be University) | Tamaka, Kolar-563103",Karnataka,31,545.39,listed_in_2026-02-04_register; current_activity_not_assessed
261,KK048,Department of Audiology and Speech Language Pathology,"Department of Audiology and Speech Language | Pathology, Yenepoya Medical College & Hospital, | Yenepoya (Deem to be University), University Road, | Nityananda Nagar, PO- Derelakatte, District – Mangalore | Karnataka- 575018",Karnataka,31,587.75,listed_in_2026-02-04_register; current_activity_not_assessed
262,KK049,K.L.E. Academy of Higher Education & Research,"K.L.E. Academy of Higher Education & Research, | Nehru Nagar, Belgavi, Karnataka-590010",Karnataka,31,670.91,listed_in_2026-02-04_register; current_activity_not_assessed
263,KK050,Kateel Ashok Pai Memorial Institute of Allied Health Sciences,"Kateel Ashok Pai Memorial Institute of Allied Health | Sciences, | Manasa Trust “vinodini Building”, Park Extension, | Durgigudi, Shivamogga, Karnataka – 577201",Karnataka,31,711.71,listed_in_2026-02-04_register; current_activity_not_assessed
264,KK051,Manipal College of Health Professionals,"Manipal College of Health Professionals, Manipal | Academy of Higher Education (Intitute of Eminence, | Deemd to be University) | Manipal, Karnataka-576104",Karnataka,32,81.23,listed_in_2026-02-04_register; current_activity_not_assessed
265,KK052,SDM College of Medical Sciences and Hospital SDM University Department of Speech and Hearing,"SDM College of Medical Sciences and Hospital SDM | University | Department of Speech and Hearing, Satturu Dhawad, | Karnataka-580009",Karnataka,32,139.91,listed_in_2026-02-04_register; current_activity_not_assessed
266,KK054,Institute of Speech and Hearing,"Institute of Speech and Hearing, SET Degree College, | (Unit of Sarvodaya Educational Trust), 11/2 Magadi, Main | Road, Agrahara, Dasarahalli, District – Bangalore, Karnataka | – 560079",Karnataka,32,194.87,listed_in_2026-02-04_register; current_activity_not_assessed
267,KK056,Christ (Deemed to be University),"Christ (Deemed to be University), | Dharmaram College Post, Hosur Road, Bengaluru, Karnataka | – 560029",Karnataka,32,249.83,listed_in_2026-02-04_register; current_activity_not_assessed
268,KK057,MVM College of Speech and Hearing 1336/72/2,"MVM College of Speech and Hearing | 1336/72/2, Vikas Layout, Venkatala Maruthinagar, Yelahanka, | Bengaluru – 560064",Karnataka,32,295.31,listed_in_2026-02-04_register; current_activity_not_assessed
269,KK058,National Institute of Public Cooperation and Child Development,"National Institute of Public Cooperation and Child | Development, Regional Centre Bengaluru, Ministry of | Women and Child Development, Govt. of India, | #18, Opposite Tenneco, Yelahanka New Town, Bengaluru- | 560064, Karnataka",Karnataka,32,341.99,listed_in_2026-02-04_register; current_activity_not_assessed
270,KL003,Nirmala Sadan Training College for Special Education Ernakulam (Distt.),"Nirmala Sadan Training College for Special Education | Ernakulam (Distt.), Muvattupuzha, Kerala – | 686661",Kerala,32,418.43,listed_in_2026-02-04_register; current_activity_not_assessed
271,KL004,Central Institute on Mental Retardation,"Central Institute on Mental Retardation, Murinjapalam, | Medical College P.O Thiruvananthapuram, Kerala- 011",Kerala,32,576.23,listed_in_2026-02-04_register; current_activity_not_assessed
272,KL005,C.S.I. Training Centre for Teachers of the Hearing Impaired,"C.S.I. Training Centre for Teachers of the Hearing | Impaired, P.O. Valakom, Kollam – 691 332",Kerala,32,636.35,listed_in_2026-02-04_register; current_activity_not_assessed
273,KL006,Kerala Federation of the Blind,"Kerala Federation of the Blind, | Training Centre for the Teachers of V.H., Kunnukuzhi, | Thiruvananthapuram, 695 037",Kerala,32,694.43,listed_in_2026-02-04_register; current_activity_not_assessed
274,KL008,National Institute of Speech & Hearing (NISH) Karimanal,"National Institute of Speech & Hearing (NISH) | Karimanal, NISH Road, Akkulam, Sreekaryam, | P.O. Trivandurum, Kerala – 695583",Kerala,32,747.71,listed_in_2026-02-04_register; current_activity_not_assessed
275,KL010,Faith India Institute of Special Education,"Faith India Institute of Special Education, | (Foundation for Ability Improvement and | Technology for the Handicapped – India), | Viyyakkurssi (PO), Thachampara (Via) Palakkad (Dist.), | Kerala – 678593",Kerala,33,230.15,listed_in_2026-02-04_register; current_activity_not_assessed
276,KL011,Training Institute of Multi Rehabilitation Technology “Mercy Home”,"Training Institute of Multi Rehabilitation Technology | “Mercy Home”,Chethipuzha, Kurisumoodu PO, | Changanassery 686 | 104,Kottayam Dist., Kerala",Kerala,33,308.03,listed_in_2026-02-04_register; current_activity_not_assessed
277,KL012,K.V.M College of Special Education,"K.V.M College of Special Education , | KVM Trust Complex, Post Box No. 30, Cherthala, Alappuzha | District, Kerala – 688539",Kerala,33,363.47,listed_in_2026-02-04_register; current_activity_not_assessed
278,KL013,C.H. Mohammed Koya Memorial State Institute for the Mentally Challenged (SIMC),"C.H. Mohammed Koya Memorial State Institute for the | Mentally Challenged (SIMC), Pangappara, | Thiruvananthapuram, Kerala-695 581",Kerala,33,558.47,listed_in_2026-02-04_register; current_activity_not_assessed
279,KL014,Sneha Sadan College of Special Education,"Sneha Sadan College of Special Education, Ankamaly-683 | 572, Ernakulam District , Kerala - 683572",Kerala,33,742.55,listed_in_2026-02-04_register; current_activity_not_assessed
280,KL015,Pope Paul Mercy Home Teachers Training Centre,"Pope Paul Mercy Home Teachers Training Centre, | Peringandoor-680 581, Thrissur , Dist. Kerala",Kerala,34,132.47,listed_in_2026-02-04_register; current_activity_not_assessed
281,KL017,Institute for Communicative & Cognitive Neuro Sciences (ICCONS),"Institute for Communicative & Cognitive Neuro Sciences | (ICCONS), Kavalappara, Shoranur, Palghat District, Kerala – | 679 523",Kerala,34,208.31,listed_in_2026-02-04_register; current_activity_not_assessed
282,KL019,Raksha Society for the Care of Children with Multiple Handicaps,"Raksha Society for the Care of Children with Multiple | Handicaps, “Yasmin Manzil” VII / 370, Darragh – es – Salaam | Road, Kochangadi, Cochin, Kerala– 682 002",Kerala,34,277.19,listed_in_2026-02-04_register; current_activity_not_assessed
283,KL020,Janey College of Allied Health Eroor,"Janey College of Allied Health Eroor, Ernakulam, Kerala- | 682306",Kerala,34,338.39,listed_in_2026-02-04_register; current_activity_not_assessed
284,KL021,Mar Thoma College of Special Education Badiakda,"Mar Thoma College of Special Education Badiakda, | Perdala P.O., Kasargod, Kerala – 671551/",Kerala,34,398.63,listed_in_2026-02-04_register; current_activity_not_assessed
285,KL022,RSMH Teacher Training Institute,"RSMH Teacher Training Institute, | 15/769 , Velliparamba, Calicut, Kerala – 673008",Kerala,34,520.91,listed_in_2026-02-04_register; current_activity_not_assessed
286,KL023,AWH Special College,"AWH Special College, | 21/10, Kallai, Calicut, Kerala– 673003",Kerala,34,581.03,listed_in_2026-02-04_register; current_activity_not_assessed
287,KL027,St. John The Baptist’s College of Special Education,"St. John The Baptist’s College of Special Education, | Nedumkunnam-686542 Kottayam Dist., Kerala /",Kerala,34,794.87,listed_in_2026-02-04_register; current_activity_not_assessed
288,KL031,Tropical Health Foundation of India,"Tropical Health Foundation of India, | Guruvayoor Road, Arthat P.O. Kunnamkulam, Dist- | Thrissur, Kerala – 680503 /",Kerala,35,123.47,listed_in_2026-02-04_register; current_activity_not_assessed
289,KL032,AWH College of Education,"AWH College of Education, Cheruvannur, Feroke P.O, | Calicut, Kerala–673 631",Kerala,35,175.91,listed_in_2026-02-04_register; current_activity_not_assessed
290,KL033,Amrita School of Medicine,"Amrita School of Medicine, | Amrita Institute of Medical Sciences & Research Centre | AIMS Ponekakara PO, Kochi, Ernakulam District, Kerala – | 682041",Kerala,35,365.15,listed_in_2026-02-04_register; current_activity_not_assessed
291,KL035,Baby Memorial College of Allied Medical Sciences,"Baby Memorial College of Allied Medical Sciences, P.O, | Kuthiravattom, | District – Kozhikode, Kerala – 673016",Kerala,35,451.91,listed_in_2026-02-04_register; current_activity_not_assessed
292,KL036,Government Special Teachers Training Centre,"Government Special Teachers Training Centre, | Parappanangadi, Chettippadi P.O., Malappuram District, | Kerala.",Kerala,35,509.39,listed_in_2026-02-04_register; current_activity_not_assessed
293,KL039,Government Special Teachers Training Centre,"Government Special Teachers Training Centre, Blind | School Compound, Kasargod, Kasargod District, Kerala",Kerala,35,558.59,listed_in_2026-02-04_register; current_activity_not_assessed
294,KL040,Kusumagiri Mental Health Centre,"Kusumagiri Mental Health Centre, Kusumagiri P.O., | Kakkanad, Kochi – 682030, Kerala /",Kerala,35,602.99,listed_in_2026-02-04_register; current_activity_not_assessed
295,KL041,St. John of God College of Special Education,"St. John of God College of Special Education, Vellor P.O. | Pamapady, Kottyama, Kerala – 686501",Kerala,35,659.51,listed_in_2026-02-04_register; current_activity_not_assessed
296,KL042,Yemvees Institute For Prosthetics & Orthotics,"Yemvees Institute For Prosthetics & Orthotics, | Chakrapanipuram, Uzhamalakkal Nedumangad, | Thiruvananthapuram, Kerala – 695541",Kerala,35,719.51,listed_in_2026-02-04_register; current_activity_not_assessed
297,KL044,Department of Psychology Calicut University- PO,"Department of Psychology Calicut University- PO, District | –Malappuran, Kerala PIn- 673635",Kerala,35,768.35,listed_in_2026-02-04_register; current_activity_not_assessed
298,KL045,Composite Regional Centre For Persons With Disabilities,"Composite Regional Centre For Persons With | Disabilities, | Kozhikode-Imhans Campus, Govt. Medical College, P.O. | Kozhikode, Kerala-673008",Kerala,36,114.71,listed_in_2026-02-04_register; current_activity_not_assessed
299,KL046,INSTITUTE OF MENTAL HEALTH & NEUROSCINCES (IMHANS),"INSTITUTE OF MENTAL HEALTH & NEUROSCINCES | (IMHANS), GOVT. MEDICAL COLLEGE CAMPUS, | KOZHIKODE - 673008.",Kerala,36,251.63,listed_in_2026-02-04_register; current_activity_not_assessed
300,KL047,Rajive Gandhi Memorial Education & Charitable Society,"Rajive Gandhi Memorial Education & Charitable Society, | Meeliyat, Trikaripur, PO/Dist- Kasargod, | Kerala-671310",Kerala,36,310.19,listed_in_2026-02-04_register; current_activity_not_assessed
301,KL048,National Institute of Physical Medicine and Rehabilitation,"National Institute of Physical Medicine and | Rehabilitation, | Vallakkunnu, P.O. Thrissur, | Kalletumkara, Kerala-680683",Kerala,36,361.55,listed_in_2026-02-04_register; current_activity_not_assessed
302,KL049,School of Behavioural Sciences - Mahatma Gandhi University,"School of Behavioural Sciences – Mahatma Gandhi | University, | Priyadershini Hills PO, Kottayam, Kerala -686560",Kerala,36,423.71,listed_in_2026-02-04_register; current_activity_not_assessed
303,LDK001,University of Ladakh,"University of Ladakh, Leh Campus, Taru Thang, UT Ladakh- | 194101",Ladakh,36,500.63,listed_in_2026-02-04_register; current_activity_not_assessed
304,MP001,Digdarshika Institute of Rehabilitation & Research H.No. 10,"Digdarshika Institute of Rehabilitation & Research | H.No. 10, Rohit Nagar Phase-1, Rohit Grih Nirman Samiti, | Bawadiya Kalan, Bhopal-462026 /",Madhya Pradesh,36,548.27,listed_in_2026-02-04_register; current_activity_not_assessed
305,MP003,Mahesh Dristihein Kalyan Sangh,"Mahesh Dristihein Kalyan Sangh, “Atmalochan Parisar”, | Scheme No. 54, Behind Satya Sai , Vidyala Vihar, A.B. Road, | Indore, Madhya Pradesh-452 010",Madhya Pradesh,36,685.79,listed_in_2026-02-04_register; current_activity_not_assessed
306,MP005,Institute for Hearing Impaired & Resource Centre,"Institute for Hearing Impaired & Resource Centre, | Sanjeevani Seva Sangam, Behind Satya Sai Vidya Vihar, | Scheme No: 54, Indore, Madhya Pradesh – 452 008",Madhya Pradesh,36,754.79,listed_in_2026-02-04_register; current_activity_not_assessed
307,MP006,Composite Regional Centre for Persons with Disabilities (C.R.C),"Composite Regional Centre for Persons with Disabilities | (C.R.C), | Punarwas Bhawan, Near Old SOS Village Khajurikalan Marg, | Post-Piplani, Bhopal, Madhya Pradesh– 462022",Madhya Pradesh,37,107.87,listed_in_2026-02-04_register; current_activity_not_assessed
308,MP007,Shiv Kalyan Evam Shikshan Samiti,"Shiv Kalyan Evam Shikshan Samiti, | LIG-26, 2nd floor, Harshwardhan Nagar, District –Bhopal, | Madhya Pradesh – 03",Madhya Pradesh,37,281.39,listed_in_2026-02-04_register; current_activity_not_assessed
309,MP009,Deaf Dumb Association Indore,"Deaf Dumb Association Indore, | H.S. School and Multipurpose Training Institute for the Deaf, | Scheme No. 71-B, Behind Ranjeet Hanuman, Indore, | Madhya Pradesh-9",Madhya Pradesh,37,366.11,listed_in_2026-02-04_register; current_activity_not_assessed
310,MP010,Manovikas College of Special Education (run by M.P. Viklang Sahayata Samiti,"Manovikas College of Special Education | (run by M.P. Viklang Sahayata Samiti,) | Sector-9, Jawahar Nagar, Near Nanakheda, | Ujjain, Madhya Pradesh – 456010",Madhya Pradesh,37,446.03,listed_in_2026-02-04_register; current_activity_not_assessed
311,MP011,Gurukul College of Special Education,"Gurukul College of Special Education, Gurukul Sanskrit | Shikshan Samiti, Vivekanand | Viklang Ashram, Near Kamal Filling Station, Sidhi, Dist. Sidhi, | M.P. /",Madhya Pradesh,37,557.39,listed_in_2026-02-04_register; current_activity_not_assessed
312,MP012,Welfare Association for the Disabled,"Welfare Association for the Disabled, Institute of Special | Education & Disability Management, Chandra Gupt Mourya | Chouraha, (M.R.10) I- Sector-C, Sukshliya, Indore, Madhya | Pradesh- 452010",Madhya Pradesh,37,615.95,listed_in_2026-02-04_register; current_activity_not_assessed
313,MP013,Sri Aurbindo Institute of Medical Sciences (SAIMS),"Sri Aurbindo Institute of Medical Sciences (SAIMS), | SAIMS Medical College, Hospital & Dental College, Indore – | Ujjain State Highway, Near MR – 10 Crossing, Gram | Bhanwarasala, Tehsil, Sanwer, Dist. Indore, Madhya Pradesh | – 453555 /",Madhya Pradesh,37,676.07,listed_in_2026-02-04_register; current_activity_not_assessed
314,MP014,Netaji Subash Chandra Bose Medical College (N.S.C.B),"Netaji Subash Chandra Bose Medical College (N.S.C.B), | Jabalpur – 482003, Madhya Pradesh (DHLS Study Centre of | AIISH Mysore)",Madhya Pradesh,37,776.51,listed_in_2026-02-04_register; current_activity_not_assessed
315,MP015,M. P. Welfare Association for the Blind,"M. P. Welfare Association for the Blind, | Hellen Keller Education Academy, Prakash Nagar, Near | Water Tank, Navlakha, Indore, Madhya Pradesh - | 452001 /",Madhya Pradesh,38,98.99,listed_in_2026-02-04_register; current_activity_not_assessed
316,MP016,Sharada Arunoday Kalyankari Shiksha Samiti,"Sharada Arunoday Kalyankari Shiksha Samiti, #172 Vinay | Nagar, Sector-3, Gwalior, M.P.-474012",Madhya Pradesh,38,150.23,listed_in_2026-02-04_register; current_activity_not_assessed
317,MP017,Gwalior Mansik Arogyashala Jail Road,"Gwalior Mansik Arogyashala Jail Road, Gwalior, M.P. | 474012 Office no-",Madhya Pradesh,38,233.87,listed_in_2026-02-04_register; current_activity_not_assessed
318,MP018,Bhagwan Singh Social Welfare Foundation Society,"Bhagwan Singh Social Welfare Foundation Society, | Vishwavidyalaya Road, Khutehi, Behind Agarwal Nursing | Home, Rewa, Madhya Pradesh",Madhya Pradesh,38,267.83,listed_in_2026-02-04_register; current_activity_not_assessed
319,MP019,Amar Jyoti School & Rehabilitation Centre Near IT Park,"Amar Jyoti School & Rehabilitation Centre | Near IT Park, Gola Ka Mandir, Morena Link Road, Manpur, | Distt. Gwalior, Gwalior, Madhya Pradesh",Madhya Pradesh,38,354.59,listed_in_2026-02-04_register; current_activity_not_assessed
320,MP021,"S. S. College, (Run by Chouhan Educational society) Sunkhedi via Danish Kunj","S. S. College, | (Run by Chouhan Educational society) | Sunkhedi via Danish Kunj, Kolar Road, Bhopal, Madhya | Pradesh – 462042",Madhya Pradesh,38,483.71,listed_in_2026-02-04_register; current_activity_not_assessed
321,MP023,Viklang Seva Bharti,"Viklang Seva Bharti, | 321, Galgala, Banerji Bhawan, Tilak Ward, Dist- Jabalpur, | Madhya Pradesh – 482002",Madhya Pradesh,38,622.67,listed_in_2026-02-04_register; current_activity_not_assessed
322,MP025,Society for community Development Training and Research,"Society for community Development Training and | Research, Sohagi, Rewa,M.P. – 486226",Madhya Pradesh,38,673.91,listed_in_2026-02-04_register; current_activity_not_assessed
323,MP027,Madhuri Aayaam Education And Welfare Society,"Madhuri Aayaam Education And Welfare Society, | Village – Berkhedi Bazyaft, Post- Ratibad, Tehsil- Huzur, Dist- | Bhopal -462044",Madhya Pradesh,38,727.19,listed_in_2026-02-04_register; current_activity_not_assessed
324,MP028,New Era College Of Special Education,"New Era College Of Special Education, | 199/4, Awas Nagar",Madhya Pradesh,38,794.15,listed_in_2026-02-04_register; current_activity_not_assessed
325,MP029,RAJRANI SEWA AVAM SHIKSHAN PRASHIKSHAN AND SOCIAL WELFARE SOCIETY C/O DR SHRAWAN KUMAR TIWARI VILL-POST JP PURAM MAHADEVA WARD,"RAJRANI SEWA AVAM SHIKSHAN PRASHIKSHAN AND | SOCIAL WELFARE SOCIETY | C/O DR SHRAWAN KUMAR TIWARI VILL-POST JP PURAM | MAHADEVA WARD, No.30 SATNA, Madhya Pradesh",Madhya Pradesh,39,176.87,listed_in_2026-02-04_register; current_activity_not_assessed
326,MP030,Bhagwan Singh D.Ed SE(MR) College,"Bhagwan Singh D.Ed SE(MR) College, Sanjay Colony | Pandav Nagar Shahdol District Shahdol , Madhya Pradesh – | 461111",Madhya Pradesh,39,247.79,listed_in_2026-02-04_register; current_activity_not_assessed
327,MP031,Amity Institute of Behavioural & Allied Sciences,"Amity Institute of Behavioural & Allied Sciences, Amity | University Madya Pradesh, Opposite Air Port Maharajpura, | P.O.:Gole Ka Mandir Tehsil: Morar Gwalior, Madhya Pradesh",Madhya Pradesh,39,301.07,listed_in_2026-02-04_register; current_activity_not_assessed
328,MP032,Swami Vivekanand College (Pragatisheel Viklang Sansar),"Swami Vivekanand College (Pragatisheel Viklang | Sansar), Panna, Janakpur Road, Panna, Madhya Pradesh",Madhya Pradesh,39,371.15,listed_in_2026-02-04_register; current_activity_not_assessed
329,MP033,GURUKUL COLLEGE OF SPECIAL EDUCATION NH-75,"GURUKUL COLLEGE OF SPECIAL EDUCATION NH-75, | REWA ROAD,VIVEKANAND VIKALANG ASHRAM,JAMODI | SIDHI(M.P)",Madhya Pradesh,39,410.99,listed_in_2026-02-04_register; current_activity_not_assessed
330,MP034,Vivekanand College CWSN Hostel,"Vivekanand College | CWSN Hostel, Lalpur, District – Umaria MP-484661",Madhya Pradesh,39,453.47,listed_in_2026-02-04_register; current_activity_not_assessed
331,MP035,Bardoli Jankal Evam Vikas Samiti,"Bardoli Jankal Evam Vikas Samiti, | Vansh Swaroopward, Lakhera, Katni, | Madhya Pradesh-483501",Madhya Pradesh,39,542.27,listed_in_2026-02-04_register; current_activity_not_assessed
332,MP036,National Institute of Mental Health Rehabilitation,"National Institute of Mental Health Rehabilitation, | Old Zila Panchayat Bhawan, Luniya Choraha, Mandi Road, | Sehore, Madhya Pradesh 466001",Madhya Pradesh,39,595.55,listed_in_2026-02-04_register; current_activity_not_assessed
333,MP037,SNEH-Institute for Learning & Empowerment- Suraj,"SNEH-Institute for Learning & Empowerment- Suraj, | SNEH-Bhawan-6, Shri Ram Colony, Nagda, District- Ujjain, | Madhya Pradesh",Madhya Pradesh,39,718.43,listed_in_2026-02-04_register; current_activity_not_assessed
334,MP038,Man College of Special Education & Psychological Studies,"Man College of Special Education & Psychological | Studies, | Run by – Man Samiti Guna, Madhya Pradesh Green Park | Colony, Bhullandura Byepass Road, Guna, Madhya Pradesh -",Madhya Pradesh,39,780.71,listed_in_2026-02-04_register; current_activity_not_assessed
335,MP039,Unique Mook Badhir Sewa Samiti,"Unique Mook Badhir Sewa Samiti, Institute of Special | Education and Rehabilitation Centre, Little Genius | International School Campus, Treasure Fantancy CAT Road, | Indore, Madhya Pradesh",Madhya Pradesh,40,119.87,listed_in_2026-02-04_register; current_activity_not_assessed
336,MP040,Kartikay Institute of Rehabilitation and Training Centre,"Kartikay Institute of Rehabilitation and Training Centre, | 243 Panchwati Ward No. 48 Sarvottam Nagar, Parasia Road, | Chhind Wara, Madhya Pradesh 480001",Madhya Pradesh,40,167.99,listed_in_2026-02-04_register; current_activity_not_assessed
337,MP041,Radharaman Special Education,"Radharaman Special Education, Radharaman Shiksha | Sansthan, | Niwari Road, Prithvipur, Dist- Tikamgarh, Madhya Pradesh- | 472338",Madhya Pradesh,40,222.95,listed_in_2026-02-04_register; current_activity_not_assessed
338,MP042,Youth of Sausar Association,"Youth of Sausar Association, Sausar District Chindwara, | Madhya Pradesh 480106",Madhya Pradesh,40,276.23,listed_in_2026-02-04_register; current_activity_not_assessed
339,MP043,Nirvan shikshan Sansthan Samiti,"Nirvan shikshan Sansthan Samiti, | Nandanbadi Seoni Pandhurna, dist- chhindwara, | Madhya Pradesh 480001",Madhya Pradesh,40,314.99,listed_in_2026-02-04_register; current_activity_not_assessed
340,MP044,Swami Vivekanand Mahavidyala Mohalla-Janakpur,"Swami Vivekanand Mahavidyala | Mohalla-Janakpur, Teh-Panna, Dist-Panna Madhya Pradesh- | 488001",Madhya Pradesh,40,361.67,listed_in_2026-02-04_register; current_activity_not_assessed
341,MP045,Lt. Vijay Singh Memorial Training Research & Rehabilitation Institute,"Lt. Vijay Singh Memorial Training Research & | Rehabilitation Institute, | (Run by Rajrani Sewa Avam Shikshan Prashikshan and | Social Welfare Society) Chhatarpati Nagar, Rewa, Madhya | Pradesh- 486441",Madhya Pradesh,40,423.83,listed_in_2026-02-04_register; current_activity_not_assessed
342,MP046,Kaushal Vikas Punarwas Rojgar,"Kaushal Vikas Punarwas Rojgar, Prashikshan Sansthan, | Civil Line Satna, Madhya Pradesh-485001",Madhya Pradesh,40,482.51,listed_in_2026-02-04_register; current_activity_not_assessed
343,MP047,Mahakaushal University,"Mahakaushal University, | Vill. Aithakheda, Kukunwara, Chargawan Road, Jablpur, | Madhya Pradesh – 482003",Madhya Pradesh,40,626.03,listed_in_2026-02-04_register; current_activity_not_assessed
344,MP048,Dr. Singh College of Special Education (Run by Dr. Singh Shikshan Samiti) Danish Kunj road,"Dr. Singh College of Special Education (Run by Dr. Singh | Shikshan Samiti) | Danish Kunj road, Bhopal Madhya Pradesh 462042",Madhya Pradesh,40,671.03,listed_in_2026-02-04_register; current_activity_not_assessed
345,MP049,Mahatma Gandhi Chitrakoot Gramodaya Vishwavidyalaya Chitrakoot,"Mahatma Gandhi Chitrakoot Gramodaya Vishwavidyalaya | Chitrakoot, Dist- Satna, Madhya Pradesh – | 485334",Madhya Pradesh,40,706.55,listed_in_2026-02-04_register; current_activity_not_assessed
346,MP050,Dr. Preeti Global University,"Dr. Preeti Global University, | Gram Dinara, Karera, Shivpuri Madhya Pradesh – 473665",Madhya Pradesh,40,759.35,listed_in_2026-02-04_register; current_activity_not_assessed
347,MP051,Department of Allied and Rehabilitation Sciences Amaltas University Village - Bangar,"Department of Allied and Rehabilitation Sciences | Amaltas University | Village – Bangar, District- Dewas Madhya Pradesh – 455001",Madhya Pradesh,41,100.07,listed_in_2026-02-04_register; current_activity_not_assessed
348,MP052,Malwanchal University NH 59 A Index City,"Malwanchal University | NH 59 A Index City, Newawar Road, Indore, Madya Pradesh",Madhya Pradesh,41,149.75,listed_in_2026-02-04_register; current_activity_not_assessed
349,MP053,PRAMJYOTIA DIVYANGJAN REHABILITATION COLLEGE & RESEARCH CENTRE (PDRCRC) NEAR COLLECTOR OFFICE DISTRICT SATNA,"PRAMJYOTIA DIVYANGJAN REHABILITATION COLLEGE | & RESEARCH CENTRE (PDRCRC) | NEAR COLLECTOR OFFICE DISTRICT SATNA, CIVIL LINE | ROAD, | BEHIND JAWAHAR NAGAR STEDIUM SHEETLA MATA | MANDIR LINE NO 5, | SATNA MADHYA PRADESH 485001.",Madhya Pradesh,41,194.75,listed_in_2026-02-04_register; current_activity_not_assessed
350,MP054,Savitribai Phule National Institute of Women and Child Development,"Savitribai Phule National Institute of Women and Child | Development, | REGIONAL CENTRE INDORE, | BADA BANGARDA, HATHOD ROAD, GOMAT GIRI, | INDORE, MADHYA PRADESH-452005",Madhya Pradesh,41,278.03,listed_in_2026-02-04_register; current_activity_not_assessed
351,MH002,All India Institute of Physical Medicine and Rehabilitation(A.I.I.P.M.R),"All India Institute of Physical Medicine and | Rehabilitation(A.I.I.P.M.R), Haji Ali Park, K. Khadye Marg, | Mahalaxmi, Mumbai, Maharashtra – 400 034",Maharashtra,41,370.19,listed_in_2026-02-04_register; current_activity_not_assessed
352,MH003,Ali Yavar Jung National Institute of Speech and Hearing Disabilities (Divyangjan),"Ali Yavar Jung National Institute of Speech and Hearing | Disabilities (Divyangjan), | Kishenchand Marg, Bandra (W), Mumbai-400050, | Maharashtra",Maharashtra,41,563.63,listed_in_2026-02-04_register; current_activity_not_assessed
353,MH004,Topiwala National Medical College,"Topiwala National Medical College , | C/o Dean, B.Y.L. Nair Charitable Hospital, Dr. A.L. Nair Road, | Mumbai, Maharashtra – 400008",Maharashtra,42,210.35,listed_in_2026-02-04_register; current_activity_not_assessed
354,MH005,National Institute for the Empowerment of Persons With Intellectual Disability (Divyangajan) Regional Centre,"National Institute for the Empowerment of Persons With | Intellectual Disability (Divyangajan) Regional Centre, | Navi Mumabi, Sector 5, Kharghar, Navi Mumbai, Maharashtra | – 410210",Maharashtra,42,325.79,listed_in_2026-02-04_register; current_activity_not_assessed
355,MH009,Prabodhini Trust,"Prabodhini Trust ,Old Pandit Colony, Sharanpur Road, | Nashik",Maharashtra,42,483.59,listed_in_2026-02-04_register; current_activity_not_assessed
356,MH017,Wai Akshar Institute,"Wai Akshar Institute, | 401, Ganpati Ali, Wai Distt. Satara, Maharashtra - 412803 | T.No.:",Maharashtra,42,527.87,listed_in_2026-02-04_register; current_activity_not_assessed
357,MH020,S.N.D.T. Women’s University,"S.N.D.T. Women’s University, | Department of Special Education, Sir Vithaldas Vidyavihar, | Juhu Road, Santacruz , Mumbai, Maharashtra – 400 049",Maharashtra,42,571.91,listed_in_2026-02-04_register; current_activity_not_assessed
358,MH021,Dilkush Teachers Training in Special Education Church Road,"Dilkush Teachers Training in Special Education Church | Road, Juhu, Mumbai, Maharashtra – 400049",Maharashtra,43,81.23,listed_in_2026-02-04_register; current_activity_not_assessed
359,MH022,Hashu Advani College of Special Education,"Hashu Advani College of Special Education, 64-65, | Collector’s Colony, Chembur, Mumbai, Maharashtra – 400074",Maharashtra,43,134.51,listed_in_2026-02-04_register; current_activity_not_assessed
360,MH023,Pandurang Shamrao Mulgaonkar Vishesh Shikshan Adhyapak Mahavidyalaya,"Pandurang Shamrao Mulgaonkar Vishesh Shikshan | Adhyapak Mahavidyalaya, | Survey No. 93/1/B, Parvati Payatha, Pune, Maharashtra – | 411009",Maharashtra,43,223.31,listed_in_2026-02-04_register; current_activity_not_assessed
361,MH024,Ayodhya Charitable Trust’s,"Ayodhya Charitable Trust’s, | College of Special Education | S.No. 51/2, Vikas Nagar, Wanawadi Village, Pune-411 040, | Maharashtra",Maharashtra,43,289.67,listed_in_2026-02-04_register; current_activity_not_assessed
362,MH025,Helen Keller’s Institute of Deaf & Deaf Blind,"Helen Keller’s Institute of Deaf & Deaf Blind, Aditya Birla | Centre, CC -1, TTC Industrial Area, MIDC Navi Mumbai, | Maharashtra -10",Maharashtra,43,401.03,listed_in_2026-02-04_register; current_activity_not_assessed
363,MH026,National Association for the Blind,"National Association for the Blind, | 11-12 Khan Abdul Gaffar Khan Road, Worli Sea face, | Mumbai, Maharashtra – 400030",Maharashtra,43,454.31,listed_in_2026-02-04_register; current_activity_not_assessed
364,MH030,Shri Samarth Vyayam Mandal,"Shri Samarth Vyayam Mandal, Teachers Training Centre | (DSE (HI). D.Ed. At Post Taluka Indapur, Dist Pune, | Maharashtra",Maharashtra,43,514.43,listed_in_2026-02-04_register; current_activity_not_assessed
365,MH031,Sai Education Society At Post - Gijawane. Tal. Gadhinglaj. Dist Kolhapur,"Sai Education Society | At Post - Gijawane. Tal. Gadhinglaj. Dist Kolhapur, | Maharashtra – 416502",Maharashtra,43,638.39,listed_in_2026-02-04_register; current_activity_not_assessed
366,MH032,Yashratna College of Special education Mental Retardation,"Yashratna College of Special education Mental | Retardation, Rashtramata Institutional Area, Takalghat, Post - | Butibori, MIDC, Nagpur, Maharashtra – 441122",Maharashtra,44,116.75,listed_in_2026-02-04_register; current_activity_not_assessed
367,MH033,Asha College of Special Education Asha Bhavan,"Asha College of Special Education Asha Bhavan, | Vocational Training Centre, Rahimatpur Road, Kodoli Satara, | Maharashtra–415004",Maharashtra,44,175.31,listed_in_2026-02-04_register; current_activity_not_assessed
368,MH036,Adarsh Sanskar College of Special Education,"Adarsh Sanskar College of Special Education, Run by: | Mahesh Vidya Prasarak Shikshan Sansthan, Virndawan, | Shrikrishna Nagar Chowk, Hasanbagh Road, Nagpur – | 440009, Maharashtra",Maharashtra,44,242.15,listed_in_2026-02-04_register; current_activity_not_assessed
369,MH038,Bharati Vidyapeeth,"Bharati Vidyapeeth, Deemed University, School of Audiology | & Speech Language Pathology Homeopathy Hospital Building | , Dhankawadi, Pune, Maharashtra – 411043",Maharashtra,44,362.39,listed_in_2026-02-04_register; current_activity_not_assessed
370,MH039,Akhil Maharashtra Gramin Shikshan Vikas Mandal’s Sharadchandra Pawar College of Special Education At Jatwada Road Gate No. 36,"Akhil Maharashtra Gramin Shikshan Vikas Mandal’s | Sharadchandra Pawar College of Special Education At | Jatwada Road Gate No. 36, Aurangabad, Maharashtra – | 431008",Maharashtra,44,482.63,listed_in_2026-02-04_register; current_activity_not_assessed
371,MH043,Cochlea Pune for Hearing & Speech,"Cochlea Pune for Hearing & Speech, | 161 –A, Modi Baug, Shivsagar Apt., Ganeshkhind Road, | Shivajinagar, Pune, Maharashtra – 411016",Maharashtra,44,635.27,listed_in_2026-02-04_register; current_activity_not_assessed
372,MH045,Shri Sant Gadgebaba Shikshan Sanstha,"Shri Sant Gadgebaba Shikshan Sanstha, Deshmukhwadi, | V.P.Road AT-Pachora, District – Jalgaon, Maharashtra - | 424201",Maharashtra,44,697.43,listed_in_2026-02-04_register; current_activity_not_assessed
373,MH046,Shri. Balaji Shikshan Prasarak Mandal,"Shri. Balaji Shikshan Prasarak Mandal, Guruwar Peth, | Ambajogai, Dist. Beed, Maharashtra - 431517",Maharashtra,44,782.15,listed_in_2026-02-04_register; current_activity_not_assessed
374,MH048,Jeevoday Education’s Society Jeevoday College of Special Education (MR) Residency Road,"Jeevoday Education’s Society Jeevoday College of | Special Education (MR) Residency Road, Sadar, Nagpur, | Maharashtra- 440001",Maharashtra,45,116.75,listed_in_2026-02-04_register; current_activity_not_assessed
375,MH050,Dr. Babasahab Ambedkar Teachers Training Institute,"Dr. Babasahab Ambedkar Teachers Training Institute, At | Bhandara Road, Bhandara, Maharashtra – 441904 /",Maharashtra,45,184.19,listed_in_2026-02-04_register; current_activity_not_assessed
376,MH054,Aadhar Shikshan Va Gramin Vikas Mandal’s Sai Seva Teachers Training Centre DSE (MR),"Aadhar Shikshan Va Gramin Vikas Mandal’s Sai Seva | Teachers Training Centre DSE (MR), Shirdi, Nanduri | Dumala, Tal. Sangamner, Dist. Ahmednagar, Maharashtra /",Maharashtra,45,280.43,listed_in_2026-02-04_register; current_activity_not_assessed
377,MH055,Professional Assistants for National Developing Assets (PANDA),"Professional Assistants for National Developing Assets | (PANDA), Swarswata (DSE) Vidyalaya Mendha Road, | Shashtri Ward, Bhandara, Tahl. & Dist. Bhandara, | Maharashtra – 441904",Maharashtra,45,357.35,listed_in_2026-02-04_register; current_activity_not_assessed
378,MH057,Rashtriya Drushtihin Shikshan & Punarvas Sanstha At Mohite Nagar Near Gajanan Maharaj Temple Nagalwadi Hingana Wadhdhamna - Wanadongiri,"Rashtriya Drushtihin Shikshan & Punarvas | Sanstha At Mohite Nagar Near Gajanan Maharaj Temple | Nagalwadi Hingana Wadhdhamna – Wanadongiri, Nagpur, | Maharashtra – 440023",Maharashtra,45,446.87,listed_in_2026-02-04_register; current_activity_not_assessed
379,MH060,Acharya Balashastri Jambhekar College of Special Education,"Acharya Balashastri Jambhekar College of Special | Education, Kokan Women Students Developmental | Central Society’s Bahadurshekh Naka, Gandhinagar, Tal | - Chiplun, Dist – Ratnagiri, Maharashtra – 415605",Maharashtra,45,498.11,listed_in_2026-02-04_register; current_activity_not_assessed
380,MH061,Yashoda Shikshan Prasarak Mandal’s,"Yashoda Shikshan Prasarak Mandal’s, Sojar | Teachers Training Centre, | At Paranda Road, Barshi Dt. Sola pur, Maharashtra – 413411",Maharashtra,45,567.11,listed_in_2026-02-04_register; current_activity_not_assessed
381,MH066,Shri Gajanan Maharaj College of Special Education for Mental Retardation,"Shri Gajanan Maharaj College of Special Education for | Mental Retardation, (Prabhu Vishwakarma Gramin | Bahuudeshiya Shikshan Sanstha) Karala Road, near | Wasudeo Yogashram, Wardha, Maharashtra – 442001",Maharashtra,45,668.51,listed_in_2026-02-04_register; current_activity_not_assessed
382,MH064,Dr. Sarvapalli Radhakrishnan College of Special Education,"Dr. Sarvapalli Radhakrishnan College of Special | Education, Zingabai Takli, Doye Layout, Nagpur, | Maharashtra -440030",Maharashtra,45,765.83,listed_in_2026-02-04_register; current_activity_not_assessed
383,MH071,Shri Sadguru Saibaba Seva Trust’s College of Special Education (H.I) Survey No. 161/13,"Shri Sadguru Saibaba Seva Trust’s College of | Special Education (H.I) | Survey No. 161/13, Adarsh Colony Road No. 1, Tingrenagar, | Pune – 411015, Maharashtra",Maharashtra,46,89.03,listed_in_2026-02-04_register; current_activity_not_assessed
384,MH075,Eshwari Bai Lund Training Centre for DSE (MR) College,"Eshwari Bai Lund Training Centre for DSE (MR) College, | Daund, Dist. Pune, Tq. Daund, Maharashtra – 413801",Maharashtra,46,146.03,listed_in_2026-02-04_register; current_activity_not_assessed
385,MH077,The Deaf & Dumb Relief Association,"The Deaf & Dumb Relief Association, Sainagar, | Amravati, Maharashtra – 444607",Maharashtra,46,212.99,listed_in_2026-02-04_register; current_activity_not_assessed
386,MH078,Jeevan Vikas Pratisthan’s Institute of Special Education Rehabilitation Research & Training Center,"Jeevan Vikas Pratisthan’s Institute of Special Education | Rehabilitation Research & Training Center, Plot No.: P – | 42, M.I.D.C, Kalamb Road, District – Latur, Maharashtra – | 413531",Maharashtra,46,248.51,listed_in_2026-02-04_register; current_activity_not_assessed
387,MH083,Tata Institute of Social Sciences V.N. Purav Marg,"Tata Institute of Social Sciences | V.N. Purav Marg, Deonar, P.B. No. 8313, Mumbai | – 400088, Maharashtra",Maharashtra,46,315.59,listed_in_2026-02-04_register; current_activity_not_assessed
388,MH084,Vidyaniketan Social Cultural Educational Multi- Objectal Oriented Society,"Vidyaniketan Social Cultural Educational Multi- Objectal | Oriented Society, Dhamod Post Umrade–Khurde, Tal–Dist. | Nandurbar, | Nandurbar, Maharashtra – 425412",Maharashtra,46,359.99,listed_in_2026-02-04_register; current_activity_not_assessed
389,MH089,Chamundamata Bahuuddeshjiya Vikas Parisar Dhule Tal Dist Dhule (Maharashtra) Run By:- Parishram Residential Mental Retard Boys School,"Chamundamata Bahuuddeshjiya Vikas Parisar Dhule Tal | Dist Dhule (Maharashtra) Run By:- Parishram | Residential Mental Retard Boys School, Parola, Amanerroud | Near Chaitanya Ashram Devi Padmavati, Nagar Tal. | Parola Dist. Jalgaon, Maharashtra /",Maharashtra,46,446.75,listed_in_2026-02-04_register; current_activity_not_assessed
390,MH090,‘Light House’ Special teachers Training Centre,"‘Light House’ Special teachers Training Centre, | Suhit Jeevan Trust’s Damodar Nagar, Chinchpada Pin – | 402107 Taluka, Dist – Raigad, Maharashtra",Maharashtra,46,513.11,listed_in_2026-02-04_register; current_activity_not_assessed
391,MH091,Yash Special Teacher Training Institute Kawtha,"Yash Special Teacher Training Institute Kawtha, | Tal – Risod, Dist Washim Maharashtra",Maharashtra,46,562.31,listed_in_2026-02-04_register; current_activity_not_assessed
392,MH094,Manudevi Foundation,"Manudevi Foundation, | Nandurbar, District - Nandurbar, | Maharashtra – 425412 /",Maharashtra,46,597.83,listed_in_2026-02-04_register; current_activity_not_assessed
393,MH095,Swami Vivekanand College of Special Education,"Swami Vivekanand College of Special Education, | 37, Gurudeo Nagar, Ramna Maroti Road, Ishwar Nagar | chowk Nagpur, | Maharashtra – 440009 /",Maharashtra,46,647.03,listed_in_2026-02-04_register; current_activity_not_assessed
394,MH096,National Association for the Blind,"National Association for the Blind, (Unit Maharashtra), Plot | No. P-66, Lane No. 3, Street No.1, MIDC, Satpur, Nashik, | Maharashtra -07",Maharashtra,46,705.11,listed_in_2026-02-04_register; current_activity_not_assessed
395,MH097,Shri Swami Samartha Special Teacher Training Institute,"Shri Swami Samartha Special Teacher Training Institute, | Ansing, Tq and Dist. Washim Maharashtra -444507",Maharashtra,46,749.51,listed_in_2026-02-04_register; current_activity_not_assessed
396,MH101,Mahatama Gandhi Mission Institute of Health Sciences,"Mahatama Gandhi Mission Institute of Health Sciences, | 3rd Floor , MGM Educational Campus, Plot No.1&2,Kamothe , | Navi Mumbai Maharashtra – 410209",Maharashtra,47,90.11,listed_in_2026-02-04_register; current_activity_not_assessed
397,MH102,SOPAN (Society of Parents of Children with Autistic Disorders),"SOPAN (Society of Parents of Children with Autistic | Disorders), 1st Floor B.M.C. School Building , Natwar Nagar | Road No. 5 Jogeshwari East Mumbai – 400060",Maharashtra,47,178.07,listed_in_2026-02-04_register; current_activity_not_assessed
398,MH104,Amity Instititute of Behavioural an dAllied Scienced (AIBAS) Amity University Bhatan,"Amity Instititute of Behavioural an dAllied Scienced | (AIBAS) Amity University Bhatan, | P.O. Somathne Taluka – Panvelo, Mumbai – | 410206.",Maharashtra,47,246.59,listed_in_2026-02-04_register; current_activity_not_assessed
399,MH105,Department of Mental Health Institute of Naval Medicine,"Department of Mental Health Institute of Naval Medicine, | (INHS) Asvini Colaba, District - Mumbai, Mharashtra - | 400005",Maharashtra,47,290.87,listed_in_2026-02-04_register; current_activity_not_assessed
400,MH107,Composite Regional Centre -SDR & PWDs Nagpur Krida Prabodhini Hall,"Composite Regional Centre –SDR & PWDs Nagpur | Krida Prabodhini Hall, Yashwant Stadium, Dhantoli District - | Nagpur, Maharashtra – 440012",Maharashtra,47,329.63,listed_in_2026-02-04_register; current_activity_not_assessed
401,MH108,Maharashtra Institute of Mental Health,"Maharashtra Institute of Mental Health, Sassoon General | Hospital Campus, Pune, Maharashtra",Maharashtra,47,365.27,listed_in_2026-02-04_register; current_activity_not_assessed
402,MH109,S.N.D.T. College of Education Maharshi Karve Vidya Vihar,"S.N.D.T. College of Education | Maharshi Karve Vidya Vihar, Karve Road, Pune Maharashtra - | 411038",Maharashtra,47,396.71,listed_in_2026-02-04_register; current_activity_not_assessed
403,MH110,Late Smt. Shakuntala Rajmane College of Spl.Edn. (Aadhar Shikshan Sanstha) At/Po- Tasgaon,"Late Smt. Shakuntala Rajmane College of Spl.Edn. | (Aadhar Shikshan Sanstha) At/Po- Tasgaon, Dist- Sangli, | Maharashtra - 416312",Maharashtra,47,443.87,listed_in_2026-02-04_register; current_activity_not_assessed
404,MH111,Aastha charitable Institute and Sanwad Speech Hearing Clinic and Research Foundation Rajeev College of Speech and Hearing,"Aastha charitable Institute and Sanwad Speech Hearing | Clinic and Research Foundation Rajeev College of Speech | and Hearing, 318 C, Opp Ganesh Mandir, Bhelndelane, | Shivajichowk, Kolhapur, Maharashtra",Maharashtra,47,489.95,listed_in_2026-02-04_register; current_activity_not_assessed
405,MH112,Late Kalindibai Pande Matimand Niwasi Vidyalay (Shri Sant Gadgebaba Shikshan Sanstha) Pachora Dist- Jalgoan,"Late Kalindibai Pande Matimand Niwasi Vidyalay (Shri | Sant Gadgebaba Shikshan Sanstha) Pachora | Dist- Jalgoan, Maharashtra – 424201",Maharashtra,47,548.63,listed_in_2026-02-04_register; current_activity_not_assessed
406,MH113,Chhatrapati Shivaji Maharaj University Located Near Shedung Toll Plaza Panvel,"Chhatrapati Shivaji Maharaj University | Located Near Shedung Toll Plaza | Panvel, Navi Mumbai, Maharashtra – 410206",Maharashtra,47,595.79,listed_in_2026-02-04_register; current_activity_not_assessed
407,MH114,Savitribai Phule Pune University,"Savitribai Phule Pune University, | Dept. of Psychology, | Ganeshkhind Road, Pune, Maharashtra-411007",Maharashtra,47,645.95,listed_in_2026-02-04_register; current_activity_not_assessed
408,MH115,Artificial Limb Centre,"Artificial Limb Centre, Pune | Artificial Limb Centre Near AFMC Pune, Wanowrie Road, | Pune, Maharashtra-411040",Maharashtra,47,686.75,listed_in_2026-02-04_register; current_activity_not_assessed
409,MH116,Richardson Leprosy Hospital a unit of The Leprosy Mission Trust India,"Richardson Leprosy Hospital | a unit of The Leprosy Mission Trust India, | Sangi-Miraj Road, Shivaji Nagar, | Miraj Sangli, Maharashtra - 416410",Maharashtra,47,725.99,listed_in_2026-02-04_register; current_activity_not_assessed
410,MZ001,"National Institute for the Orthopaedically Handicapped, North Eastern Regional Centre","National Institute for the Orthopaedically | Handicapped, North Eastern Regional Centre, | Chaltalang, Aizwal, Mizoram -796012",Mizoram,48,104.99,listed_in_2026-02-04_register; current_activity_not_assessed
411,MZ003,State Council of Educational Research and Training,"State Council of Educational Research and | Training, (SCERT), Chaltlang Aizawal, Mozoram- 796012",Mizoram,48,136.19,listed_in_2026-02-04_register; current_activity_not_assessed
412,MZ004,Mizoram University,"Mizoram University, Dept. of Clinical Psychology Aizawl, | Mizoram - 796004",Mizoram,48,189.47,listed_in_2026-02-04_register; current_activity_not_assessed
413,MN001,All Manipur Mentally Handicapped Person’s Welfare Organisation,"All Manipur Mentally Handicapped | Person’s Welfare Organisation, Keishamthong, Top Leirak, | Imphal-795 001",Manipur,48,247.07,listed_in_2026-02-04_register; current_activity_not_assessed
414,MN002,Regional Institute of Medical Sciences,"Regional Institute of Medical Sciences, (RIMS), | Lamphelpat, Imphal-795004",Manipur,48,337.55,listed_in_2026-02-04_register; current_activity_not_assessed
415,MN003,Spastic Society of Manipur,"Spastic Society of Manipur, | Tapokpi Bazar, Langthabal, Canchipur, Imphal 795103.",Manipur,48,454.07,listed_in_2026-02-04_register; current_activity_not_assessed
416,MN004,Bir Tikendrajit Univeristy,"Bir Tikendrajit Univeristy, | University Campus: Canchipur, | Near Manipur University, South View, Imphal, West, Manipur | – 795003",Manipur,48,499.07,listed_in_2026-02-04_register; current_activity_not_assessed
417,MN005,Composite Regional Center for Skill Development,"Composite Regional Center for Skill Development, | Rehabilitation & Empowerment of Persons with | Disabilities (CRC-Imphal) | Juvenile Justice Board Complex, Takyelpat Khongal, Imphal | West, Manipur – 795001",Manipur,48,587.39,listed_in_2026-02-04_register; current_activity_not_assessed
418,MG001,Montfort Centre for Education,"Montfort Centre for Education , Danakgre, Tura, - 794 101",Meghalaya,48,649.67,listed_in_2026-02-04_register; current_activity_not_assessed
419,MG004,Composite Regional Centre for Skill Development,"Composite Regional Centre for Skill Development, | Rehabilitation & Empowerment of Persons with | Disabilities (Divyangjan) Under the Administrative control of | NIEPMD, | Chennai, DEPwD (Divyangjan) | Ground Floor, Montfort Building Dhankheti, Shillong, | Meghalaya-793001",Meghalaya,48,736.43,listed_in_2026-02-04_register; current_activity_not_assessed
420,MG005,Mahatma Gandhi University (MGU) 13th Mile,"Mahatma Gandhi University (MGU) | 13th Mile, G.S. Road, Khanpara, Dist- Ri-Bhoi Meghalaya- | 793101",Meghalaya,49,124.67,listed_in_2026-02-04_register; current_activity_not_assessed
421,OR001,State Institute of Special Education & Research (SISER),"State Institute of Special Education & Research (SISER), | S.I.R.D. Campus, Unit – 8, Bhubaneswar – 751 012",Odisha,49,177.47,listed_in_2026-02-04_register; current_activity_not_assessed
422,OR002,Jewels international’s Chetana College of Special Education,"Jewels international’s Chetana College of | Special Education, | A/3, Institutional Area, | Near Hotel Swosti Plaza, PO – RRL Campus, Bhubaneshwar, | Orissa – 751013",Odisha,49,266.27,listed_in_2026-02-04_register; current_activity_not_assessed
423,OR003,Swami Vivekanand National Institute of Rehabilitation Training and Research,"Swami Vivekanand National Institute of Rehabilitation | Training and Research, Olatpur, | P.O. Bairoi, Distt. Cuttack – 754010",Odisha,49,411.11,listed_in_2026-02-04_register; current_activity_not_assessed
424,OR004,Regional Centre,"Regional Centre, AYJNISHD (Divyangjan), Regional | Centre BBSR, T.C.T.D. Plot No. 602 (P), Ogalpada, Janla, | Khurda, Orissa – 752054",Odisha,49,533.39,listed_in_2026-02-04_register; current_activity_not_assessed
425,OR005,Open Learning System,"Open Learning System, | Plot No: G-3/A/1, Gadakana Mouza, P.O: Mancheswar | Railway Colony , Near Press Chhak, Bhubaneshwar, Orissa- | 751017/",Odisha,49,717.83,listed_in_2026-02-04_register; current_activity_not_assessed
426,OR006,Institute of Health Sciences,"Institute of Health Sciences, | N2/41, IRC Village, Nayapalli, Bhubaneswar, Orissa – | 754005",Odisha,49,786.83,listed_in_2026-02-04_register; current_activity_not_assessed
427,OR008,Chakradhara Institute of Rehabilitation Science,"Chakradhara Institute of Rehabilitation Science, F-10, | BJB Nagar, Bhubaneswar – 751014 /",Odisha,50,141.35,listed_in_2026-02-04_register; current_activity_not_assessed
428,OR009,International Institute of Rehabilitation Sciences & Research (IIRS&R),"International Institute of Rehabilitation Sciences & | Research (IIRS&R), | Plot No. 196/2276, Jagamara, Khandagiri, In Front of SBI, | New Building Plot No. Bhubaneshwar – 751030, Odisha",Odisha,50,248.63,listed_in_2026-02-04_register; current_activity_not_assessed
429,OR010,Bijupatnaik Institute of Industrial Rehabilitation Training & Research,"Bijupatnaik Institute of Industrial Rehabilitation Training | & Research, AT/PO:Mashra, Distt. | Jajpur, Orissa-755012.",Odisha,50,328.55,listed_in_2026-02-04_register; current_activity_not_assessed
430,OR012,D. P. Mishra Institute for Advance Studies in Special Education & Technology,"D. P. Mishra Institute for Advance Studies in Special | Education & Technology, Run by:- Social Aid Improvement | and Mass Action (SAIMA), At – Sreemayee Peetha, Sisu | Vihar, In front of CHC, Tahasil Road, P.O.-Kodala, Dist– | Ganjam, Odhisa – 761032",Odisha,50,415.31,listed_in_2026-02-04_register; current_activity_not_assessed
431,OR013,Jagat Bandhu Biswa Bharati Sikshya Niketan (JBSSN),"Jagat Bandhu Biswa Bharati Sikshya Niketan (JBSSN), | At/Po. – Salepali, Via. – Jarasingha, District – | Balangir, Orissa - 767067",Odisha,50,530.75,listed_in_2026-02-04_register; current_activity_not_assessed
432,OR015,Nilachal Seva Pratishthan,"Nilachal Seva Pratishthan , Training Centre for the | Teachers of the MR, | At – Dayavihar, P.O. – Gadasahi, Via- Kanas, Dist – Puri, | Orissa – 752017",Odisha,50,606.59,listed_in_2026-02-04_register; current_activity_not_assessed
433,OR017,School of Rehabilitation & Social Sciences (A Unit of Seva Foundation) At/P.O. Dhenkkikate,"School of Rehabilitation & Social Sciences | (A Unit of Seva Foundation) At/P.O. Dhenkkikate, Dist: | Keonjhar (Orissa) Pin – 758029",Odisha,51,81.23,listed_in_2026-02-04_register; current_activity_not_assessed
434,OR018,Pingalakhi College of Special Education At/PO - Nimapara,"Pingalakhi College of Special Education At/PO – | Nimapara, Jayshree Square Dist. – Puri, Orissa – 752106",Odisha,51,189.47,listed_in_2026-02-04_register; current_activity_not_assessed
435,OR019,Binodini Special B.Ed. College,"Binodini Special B.Ed. College, | Odhisa, At/PO-Pichukuli, Via – Begunia, Opposite of | Pichukuli, Co-Operative Bank, Dist. – Khurda, Odisha – | 752064",Odisha,51,340.43,listed_in_2026-02-04_register; current_activity_not_assessed
436,OR020,Mental Health Institute (COE in Mental health) SCB Medical College & Hospital,"Mental Health Institute (COE in Mental health) SCB | Medical College & Hospital, Cuttack , Odisha 753007 /",Odisha,51,398.99,listed_in_2026-02-04_register; current_activity_not_assessed
437,OR022,Namita Devi Special B.Ed. College,"Namita Devi Special B.Ed. College, | At – Uttara Chhaka, PO-Kausalyaganga, Near Uttara Petrol | Pump, Bhubaneshwar, Odisha – | 751002",Odisha,51,459.23,listed_in_2026-02-04_register; current_activity_not_assessed
438,OR023,Prachi Mahavidyalaya for Special Education,"Prachi Mahavidyalaya for Special Education, Plot No. | 190/899, Sri Guru Nagar, Raghunathpur, Nuagon, | Bhubaneshwar, Orissa - 751002",Odisha,51,530.39,listed_in_2026-02-04_register; current_activity_not_assessed
439,OR024,Union for Learning Training and Reformative Activities (ULTRA) AT Post - Sagarguan,"Union for Learning Training and Reformative Activities | (ULTRA) | AT Post – Sagarguan, District – Khurda, Odisha - 752066",Odisha,51,619.19,listed_in_2026-02-04_register; current_activity_not_assessed
440,OR025,Seva Training Centre for Teacher of the Mentally Retarded (A Unit of Seva),"Seva Training Centre for Teacher of the Mentally | Retarded (A Unit of Seva), | AT - Seva Complex, Old Town Near New Bus | Stand Po/District – Nayagarh, Orissa - 752070",Odisha,51,681.35,listed_in_2026-02-04_register; current_activity_not_assessed
441,OR026,Sainath Institute of Special Education,"Sainath Institute of Special Education, Plot No. 786(1), | Shampur, PO-Bhartpur, PS- Khanagiri Bhubaneshwar – | Odisha",Odisha,51,724.79,listed_in_2026-02-04_register; current_activity_not_assessed
442,OR027,Jewel’s International Chetana College of Special Education,"Jewel’s International Chetana College of | Special Education, | At/PO- Compada, Near Dompada College , Dist-",Odisha,51,776.03,listed_in_2026-02-04_register; current_activity_not_assessed
443,OR028,Association for Social Recronstructive Activities (ASRA) At-Singarpur,"Association for Social Recronstructive Activities (ASRA) | At-Singarpur, PO-Nawabpatna, District - | Jagatsinghpur, Odisha",Odisha,52,104.27,listed_in_2026-02-04_register; current_activity_not_assessed
444,OR029,Orissa Association for the Blind,"Orissa Association for the Blind, | Mother Teresa Road, Kharavel Nagar, UNIT-III Bhubaneswar | 751001",Odisha,52,157.55,listed_in_2026-02-04_register; current_activity_not_assessed
445,OR030,Sri Jagannath Institute of Spl. Edu. Handicapped Welfare Organisation,"Sri Jagannath Institute of Spl. Edu. Handicapped Welfare | Organisation, Plot No. 786, Sampur, Mahalaxmi Vihar, | Khandagiri, Bhubaneswar",Odisha,52,191.51,listed_in_2026-02-04_register; current_activity_not_assessed
446,OR031,Jibanjyoti College of Special Education,"Jibanjyoti College of Special Education, | At - Jyotinagar, PO. :Govindapur, Dist-Dhenkanal- 759027, | Odisha | PH.",Odisha,52,224.39,listed_in_2026-02-04_register; current_activity_not_assessed
447,OR032,The Welfare Society for the Disable of Orissa,"The Welfare Society for the Disable of Orissa, AT-Nandika, | Po-Naya Bazar, PS-Jaleswar, Dist- | Balasore, Odhisa-756032",Odisha,52,268.79,listed_in_2026-02-04_register; current_activity_not_assessed
448,OR033,GITA Special Training Center for Disabled,"GITA Special Training Center for Disabled, At – Madana, | PO- Naindipur, Via- Garadpur, | Dist- Kendrapara, Odissa 754153",Odisha,52,303.35,listed_in_2026-02-04_register; current_activity_not_assessed
449,OR034,Nehru Sewa Sangh,"Nehru Sewa Sangh, | Post - Banpur, District – Khordha, Odisha - 752021",Odisha,52,348.35,listed_in_2026-02-04_register; current_activity_not_assessed
450,OR035,Kabi Narsingh Math Blind Deaf & MR School Bakilikana,"Kabi Narsingh Math Blind Deaf & MR School | Bakilikana, District-Ganjam, Odisha-761146",Odisha,52,374.99,listed_in_2026-02-04_register; current_activity_not_assessed
451,OR036,Association for Voluntary Action(AVA) At-Dampur,"Association for Voluntary Action(AVA) | At-Dampur, PO- Berboi, PS-Delang, Dist- Puri, Orissa - | 752016",Odisha,52,416.27,listed_in_2026-02-04_register; current_activity_not_assessed
452,OR037,CRSR College of Special Education Centre for Rehabilitation Services and Research,"CRSR College of Special Education Centre for | Rehabilitation Services and Research, | Prasanti Bhawan, Dahanigadia, Post - Charampa, District - | Bhadrak, Orissa - 756101 | T.No.",Odisha,52,459.23,listed_in_2026-02-04_register; current_activity_not_assessed
453,OR038,Aswasana College of Rehabilitation Science,"Aswasana College of Rehabilitation Science, | At/Po- Chhendipada, Dist- Anugul Odisha-759124",Odisha,52,507.95,listed_in_2026-02-04_register; current_activity_not_assessed
454,OR039,ASRA Teahcers Training College in Special Educaiton (Managed by Association for Social Reconstructive Activities) At-Sigharpur,"ASRA Teahcers Training College in Special Educaiton | (Managed by Association for Social Reconstructive | Activities) | At-Sigharpur, PO- Nabapatana | Dist- Jagatsinghpur, Odisha 754114",Odisha,52,566.99,listed_in_2026-02-04_register; current_activity_not_assessed
455,OR040,Patitapaban Seva Sansthan At Post- Chandrapada,"Patitapaban Seva Sansthan | At Post- Chandrapada, Nimapada, Puri, Orissa- 752106",Odisha,52,626.63,listed_in_2026-02-04_register; current_activity_not_assessed
456,OR041,Composite Regional Centre for Skill Development,"Composite Regional Centre for Skill Development, | Rehabilitation & Empowerment of Persons with | Disabilities (Divyangjan), (Under Administrative control | of SVNIRTAR, M/s SJE, Govt. of India | Sashtri Nagar, Near Kendriya Vidyalaya No. 2 Dist – Balangir | – 767001",Odisha,52,665.87,listed_in_2026-02-04_register; current_activity_not_assessed
457,PD001,School of Rehabilitation and Behavioural Sciences,"School of Rehabilitation and Behavioural Sciences, | Vinayaka Mission’s Research Foundation (Deemed | University), Department of Audiology and Speech Pathology, | Faculty of Allied Health Sciences, VMRF-DU, Aarupadai | Veedu Medical College Campus, Cuddalore Main Road, | Kirumambakkam, Puducherry-607402",Puducherry,52,748.55,listed_in_2026-02-04_register; current_activity_not_assessed
458,PD003,Jawaharlal Institute of Post Graduate Medical Education and Research (JIPMER),"Jawaharlal Institute of Post Graduate Medical | Education and Research (JIPMER), Pondicherry – 605006 | (DHLS Study Center of AIISH, Mysore)",Puducherry,53,170.03,listed_in_2026-02-04_register; current_activity_not_assessed
459,PD004,Vinayaka Mission’s Research Foundation (Deemed University),"Vinayaka Mission’s Research Foundation (Deemed | University), School of Allied Health Sciences, Department of | Audioogy and Speech Language Pathology, Vinayaka | Missions Medical College and Hospital Campus, | Keshakasakudy Medu, Karaikal, Puducherry-609609",Puducherry,53,222.35,listed_in_2026-02-04_register; current_activity_not_assessed
460,PD005,Pondichery University (A Central University) R V Nagar,"Pondichery University (A Central University) | R V Nagar, Chinna Kalapet, Puducherry-605014",Puducherry,53,292.79,listed_in_2026-02-04_register; current_activity_not_assessed
461,PB001,Training centre for Teachers of the Visually Handicapped,"Training centre for Teachers of the Visually | Handicapped, | Braille Bhavan, Jamalpur, Ludhiana, Punjab",Punjab,53,345.11,listed_in_2026-02-04_register; current_activity_not_assessed
462,PB003,Navjivini Institute of Special Education & Research,"Navjivini Institute of Special Education & Research, | Sular Patiala -147001",Punjab,53,421.91,listed_in_2026-02-04_register; current_activity_not_assessed
463,PB004,Umang Red Cross Institute of Spl. Edu. Baba Farid Cultural Center,"Umang Red Cross Institute of Spl. Edu. Baba Farid | Cultural Center, Kotpura Road, Faridkot, Punjab – | 151203. /",Punjab,53,541.07,listed_in_2026-02-04_register; current_activity_not_assessed
464,PB006,Jagjit Singh Sachdeva Asha Kiran Special School (Project of Asha Deep Welfare Society Regd.) V.P.O Jahankhelan,"Jagjit Singh Sachdeva Asha Kiran Special School (Project | of Asha Deep Welfare Society Regd.) V.P.O Jahankhelan, | District - Hoshiarpur, Punjab – 146110",Punjab,53,593.27,listed_in_2026-02-04_register; current_activity_not_assessed
465,PB007,Baba Kundan Rural College of Education,"Baba Kundan Rural College of Education, 33 Foota Road, | Adjoining Sarpanch Colony, Kulliawal Jamalpur, Ludhiana, | Punjab – 141010",Punjab,53,653.39,listed_in_2026-02-04_register; current_activity_not_assessed
466,PB008,St. Francis home (Regd.) Society Pathankot,"St. Francis home (Regd.) Society Pathankot, Jandwal P.O., | Dalhousie Road, Pathankot, Punjab – 145001",Punjab,53,704.63,listed_in_2026-02-04_register; current_activity_not_assessed
467,PB010,B.C.M. College of Education,"B.C.M. College of Education, | Sec-32-A, , Chandigarh Road, Urban Estate, Ludhiana, | Punjab /",Punjab,53,758.51,listed_in_2026-02-04_register; current_activity_not_assessed
468,PB011,Guru Gobind Singh Medical College and Hospital,"Guru Gobind Singh Medical College and Hospital, | Sadiq Road, Faridkot, Punjab – 151203",Punjab,54,137.27,listed_in_2026-02-04_register; current_activity_not_assessed
469,PB012,Bhagat Puran Singh Institute for Special Need,"Bhagat Puran Singh Institute for Special Need, G.T.Road, | Near Best Price, Manawala Complex, Amritsar",Punjab,54,205.19,listed_in_2026-02-04_register; current_activity_not_assessed
470,PB013,Speaking Hand Welfare Foundation,"Speaking Hand Welfare Foundation, Guru Nanak Nagar, | Nalas Road, Rajpura, Dist- Patiala, Punjab | T.No.",Punjab,54,270.11,listed_in_2026-02-04_register; current_activity_not_assessed
471,PB014,All India Pingalwara Charitable Society (Regd) Tehsil - Pura,"All India Pingalwara Charitable Society (Regd) Tehsil – | Pura, G.T. Road, District - Amritsar, Punjab – 143001",Punjab,54,332.27,listed_in_2026-02-04_register; current_activity_not_assessed
472,PB015,Dayanand Medical College & Hospital Tagore Nagar,"Dayanand Medical College & Hospital Tagore Nagar, | Ludhiana, Punjab -141001 T.No.",Punjab,54,374.63,listed_in_2026-02-04_register; current_activity_not_assessed
473,PB016,"College of Paramedical Sciences, Adesh University","College of Paramedical Sciences, Adesh University, | Bathinda, Punjab",Punjab,54,407.03,listed_in_2026-02-04_register; current_activity_not_assessed
474,PB017,Sri Guru Ram Das University of Health Sciences,"Sri Guru Ram Das University of Health Sciences, Mehta | Road, Vallah Sri Amritsar, Punjab - 143001 | T.No.:",Punjab,54,434.75,listed_in_2026-02-04_register; current_activity_not_assessed
475,PB018,Department of Education (SOE),"Department of Education (SOE), Guru Nanak Dev | University, Grand Trunk Road, Off NH-1, District – Amritsar, | Punjab - 143005",Punjab,54,471.35,listed_in_2026-02-04_register; current_activity_not_assessed
476,PB019,Gyandeep Welfare and Rehabilitation Society Adarsh Nagar,"Gyandeep Welfare and Rehabilitation Society | Adarsh Nagar, Near Preet Tractor Agency, Dasuya, Distt- | Hoshiarpur, Punjab-144205",Punjab,54,513.71,listed_in_2026-02-04_register; current_activity_not_assessed
477,PB020,Desh Bhagat University,"Desh Bhagat University, | NH-1, Amloh Road, Mandi Gobindgarh, | Dist-Fatehgarh Sahib, Punjab-147301",Punjab,54,571.19,listed_in_2026-02-04_register; current_activity_not_assessed
478,PB021,Amity University (Amity School of Education and Research) Sector 82A,"Amity University | (Amity School of Education and Research) Sector 82A, IT | City, International Airport Road Mohali, Punjab-140306",Punjab,54,666.83,listed_in_2026-02-04_register; current_activity_not_assessed
479,PB022,Punjabi University,"Punjabi University, | Patiala, Arts, Block No. 5, Patiala, Patiala, Punjab-147002",Punjab,54,719.15,listed_in_2026-02-04_register; current_activity_not_assessed
480,PB023,Lovely Professional University,"Lovely Professional University, Jalandhar-Delhi G.T. Road, | Phagwara, Dist. Kapurthala, Punjab – 144411",Punjab,54,750.59,listed_in_2026-02-04_register; current_activity_not_assessed
481,PB024,Savitribai Phule National Institute of Women and Child Development,"Savitribai Phule National Institute of Women and Child | Development, Regional Centre Mohali, | Sector 79 SAS Nagar, Mohali, Punjab-140308",Punjab,55,81.23,listed_in_2026-02-04_register; current_activity_not_assessed
482,RJ002,Sri Jagdamba Education & Research Institute Run by L.K.C. Shri Jagdamba Andh Vidyalaya Samiti Hanumangarh Road,"Sri Jagdamba Education & Research Institute Run by | L.K.C. Shri Jagdamba Andh Vidyalaya Samiti | Hanumangarh Road, Sri Ganganagar, Rajasthan – 335001",Rajasthan,55,133.55,listed_in_2026-02-04_register; current_activity_not_assessed
483,RJ004,Research Education And Audiological Development Society (READS),"Research Education And Audiological Development | Society (READS), | 162 A, Vishweshwaria Nagar, Triveni, Gopalpura Nagar | Byepass, Jaipur, Rajasthan – 302018",Rajasthan,55,273.59,listed_in_2026-02-04_register; current_activity_not_assessed
484,RJ005,"DISHA, A Resource Centre for the Disabled","DISHA, A Resource Centre for the Disabled, Pandit T.N. | Mishra Marg, Near JDA Park, Nirman Nagar – C, Jaipur – | 302019",Rajasthan,55,351.47,listed_in_2026-02-04_register; current_activity_not_assessed
485,RJ006,Prayas: Centre for Special Education & Vocational Training,"Prayas: Centre for Special Education & Vocational | Training, | J 5 – A, Jhalana Institutional Area, Jaipur, Rajasthan – 17.",Rajasthan,55,464.87,listed_in_2026-02-04_register; current_activity_not_assessed
486,RJ007,Jai Narain Vyas University Jodhpur,"Jai Narain Vyas University | Jodhpur, (TEPSE & HEPSN Scheme) | C/o Deptt. of Psychology, Jodhpur, Rajasthan",Rajasthan,55,531.83,listed_in_2026-02-04_register; current_activity_not_assessed
487,RJ008,Rajasthan Mahila Kalyan Mandal,"Rajasthan Mahila Kalyan Mandal, Ajmer, Vishwamitra | Ashram, Village – Chachiyawas, Via. – Gagwana, Ajmer, | Rajasthan – 305023",Rajasthan,55,733.67,listed_in_2026-02-04_register; current_activity_not_assessed
488,RJ011,Karam Mano Vikas Sansthan,"Karam Mano Vikas Sansthan, | B- Block, Budh Vihar, Alwar, Rajasthan – 301001",Rajasthan,56,143.39,listed_in_2026-02-04_register; current_activity_not_assessed
489,RJ013,Ajay Leela Special Teachers Training College Run by.:- Netraheen Vikas Sansthan,"Ajay Leela Special Teachers Training College Run by.:- | Netraheen Vikas Sansthan, | D- Sector, Kamla Nehru Nagar, Jodhpur, Rajasthan-342009",Rajasthan,56,332.63,listed_in_2026-02-04_register; current_activity_not_assessed
490,RJ015,Manav Dharam Mentally Retarded Teachers Training Centre,"Manav Dharam Mentally Retarded Teachers Training | Centre, Vivekananda Colony, Behind Kisan Talkies, Deoli, | Tonk, Rajasthan – 304803",Rajasthan,56,500.03,listed_in_2026-02-04_register; current_activity_not_assessed
491,RJ017,Amity Institute of Behavioural & Allied Sciences (AIBAS) Amity University Rajasthan Kant Kalwar,"Amity Institute of Behavioural & Allied Sciences | (AIBAS) Amity University Rajasthan Kant Kalwar , | NH–11C, Jaipur-Delhi National Highway Jaipur, | Rajasthan–303002",Rajasthan,56,600.47,listed_in_2026-02-04_register; current_activity_not_assessed
492,RJ018,Tapovan Manovikas Vidyalaya,"Tapovan Manovikas Vidyalaya, | 4 M.L/ Suratgarh Road, P.O.: 5-E-Chhoti, Sriganganagar, | Rajasthan – 335001",Rajasthan,56,692.99,listed_in_2026-02-04_register; current_activity_not_assessed
493,RJ019,Society for welfare of Mentally Handicapped,"Society for welfare of Mentally Handicapped, Shree | Nirmal Vivek School, | Behind Dainik Bhaskar, Jawahar Lal Nehru Marg, Jaipur, | Rajasthan – 302015",Rajasthan,57,81.23,listed_in_2026-02-04_register; current_activity_not_assessed
494,RJ021,Navjyoti Manovikas Kendra,"Navjyoti Manovikas Kendra, | Sector–10,Chopasni Housing Board, Behind Central | Academy School, Jodhpur, Rajasthan – 342008",Rajasthan,57,157.67,listed_in_2026-02-04_register; current_activity_not_assessed
495,RJ022,Dashrath Manovikas Sansthan,"Dashrath Manovikas Sansthan, | Near Ramdev Temple, Bijli Grade Ke Samne, Harsh Road | Sikar, Rajasthan-332021",Rajasthan,57,226.67,listed_in_2026-02-04_register; current_activity_not_assessed
496,RJ023,Panna Dhay Hearing Impaired Teachers Training Center,"Panna Dhay Hearing Impaired Teachers Training | Center, | Panna Dhay Marg, NH-12 Tonk, Rajasthan",Rajasthan,57,288.95,listed_in_2026-02-04_register; current_activity_not_assessed
497,RJ025,Gurukul Spastic Society,"Gurukul Spastic Society, | 13-A, Chanchal Vatika, Anand Vihar A, Binjari Marg, Benad | Road, Jhotwara, Jaipur, Rajasthan – 302012/",Rajasthan,57,375.71,listed_in_2026-02-04_register; current_activity_not_assessed
498,RJ026,Chaitanya Seva Sansthan Near Gomti Das Temple,"Chaitanya Seva Sansthan | Near Gomti Das Temple, Gomti Colony, Karauli, Rajasthan– | 322 241 | Office No.",Rajasthan,57,482.27,listed_in_2026-02-04_register; current_activity_not_assessed
499,RJ027,Umang ¾ Kabir Avenue,"Umang | ¾ Kabir Avenue, S.F.S. Mansarover Jaipur, Rajasthan /",Rajasthan,57,549.23,listed_in_2026-02-04_register; current_activity_not_assessed
500,RJ028,Garima Special School Samiti 91-92,"Garima Special School Samiti | 91-92,Radhika Vihar, Jamdoli,Agra Road, Jaipur, Rajasthan- | 302031",Rajasthan,57,593.75,listed_in_2026-02-04_register; current_activity_not_assessed
501,RJ029,Shri Sainath Manovikas Sansthan,"Shri Sainath Manovikas Sansthan, | Harsh Bijali Grid ke Samne, Mandawara, Road, Ramdev ji ke | Mandir ke Pass, Harsh road, Sikar, Rajasthan",Rajasthan,57,642.95,listed_in_2026-02-04_register; current_activity_not_assessed
502,RJ031,SONA VIKLANG PUNERWAS AVOM SODH SANSTHAN,"SONA VIKLANG PUNERWAS AVOM SODH SANSTHAN, | KUWADA ROAD, BEHIND – NOBLE & SOPHIA SCHOOL, | BHILWARA-311001",Rajasthan,57,701.51,listed_in_2026-02-04_register; current_activity_not_assessed
503,RJ032,Department of Rehabilitation Sciences,"Department of Rehabilitation Sciences, Manikya lal | Verma Shramjivi Evening College Jrn Rajasthan | Vidyapeeth Deemed University Town Hall Link Road, | Udaipur 313001",Rajasthan,57,759.59,listed_in_2026-02-04_register; current_activity_not_assessed
504,RJ033,Society for education conscientisation awareness and training (Ecat Bodhgram),"Society for education conscientisation awareness and | training (Ecat Bodhgram), Bansi Ka Bagh, Gangapur Mod, | Karaulli, Rajasthan-341519",Rajasthan,58,190.43,listed_in_2026-02-04_register; current_activity_not_assessed
505,RJ034,Diya Institute of Special Education & Research,"Diya Institute of Special Education & Research, | Near Gomti Das Temple, Gomti Collony Karauli , Rajasthan.",Rajasthan,58,236.99,listed_in_2026-02-04_register; current_activity_not_assessed
506,RJ035,Nirmal Special Teacher Training College Mundari Village - Mundari District - Jhalawar,"Nirmal Special Teacher Training College Mundari | Village - Mundari District – Jhalawar,Rajasthan. T.No.: 07432- | 294486.",Rajasthan,58,279.35,listed_in_2026-02-04_register; current_activity_not_assessed
507,RJ036,Nav Chetna Mansik Viklang and mook badhir vidhyalya Samiti 331,"Nav Chetna Mansik Viklang and mook badhir vidhyalya | Samiti | 331,Shanti Nagar ,Durgapura, Jaipur",Rajasthan,58,341.51,listed_in_2026-02-04_register; current_activity_not_assessed
508,RJ037,Sambal Samiti Jaipur C-96,"Sambal Samiti Jaipur | C-96, Anand Vihar , Jagatpura, Jaipur-302017",Rajasthan,58,401.03,listed_in_2026-02-04_register; current_activity_not_assessed
509,RJ039,MANAV DHARAM SPECIAL EDUCATION TEACHERS TRAINING CENTER PANWAR ROAD NH 12 DEOLI DISTRICT TONK RAJASTHAN 304804,MANAV DHARAM SPECIAL EDUCATION TEACHERS | TRAINING CENTER | PANWAR ROAD NH 12 DEOLI DISTRICT TONK | RAJASTHAN 304804,Rajasthan,58,480.95,listed_in_2026-02-04_register; current_activity_not_assessed
510,RJ040,ISHOM SPECIAL TEACHER TRAINING CENTER SUJANGARH BYE PASS ROAD,"ISHOM SPECIAL TEACHER TRAINING CENTER | SUJANGARH BYE PASS ROAD, LADNUN,DIST- NAGAUR | (RAJASTHAN)-341306",Rajasthan,58,533.27,listed_in_2026-02-04_register; current_activity_not_assessed
511,RJ041,Salasar Balaji B.Ed.College behind,"Salasar Balaji B.Ed.College behind, Behind Circuit House, | Jaipur Road, Sikar, | Rajasthan-332001",Rajasthan,58,622.07,listed_in_2026-02-04_register; current_activity_not_assessed
512,RJ042,Shekhawati Teachers Training Institute,"Shekhawati Teachers Training Institute, | Behind Circuit House, Jaipur Road, Sikar, | Rajasthan-332001",Rajasthan,58,728.63,listed_in_2026-02-04_register; current_activity_not_assessed
513,RJ044,Yogesh Shekshik Punarwas Awam Shodh Sansthan,"Yogesh Shekshik Punarwas Awam Shodh Sansthan, | Block-03, Indra Colony Extension Niwai-Dist-Tonk, | Rajasthan 304021",Rajasthan,59,98.99,listed_in_2026-02-04_register; current_activity_not_assessed
514,RJ045,Indian Institute of Learning Disabilities and Rehabilitation,"Indian Institute of Learning Disabilities and | Rehabilitation , | Baniyana Road, Hingotiya, Dausa, Rajashthan",Rajasthan,59,205.55,listed_in_2026-02-04_register; current_activity_not_assessed
515,RJ046,Aoes Teacher Training Centre Vinayak Nagar Jhalawar Road Baran,"Aoes Teacher Training Centre | Vinayak Nagar Jhalawar Road Baran, Rajasthan",Rajasthan,59,246.83,listed_in_2026-02-04_register; current_activity_not_assessed
516,RJ047,Shivam Special Teacher Training Center,"Shivam Special Teacher Training Center, Ladnun Road, | Sujangarh, Churu Rajasthan- 331507",Rajasthan,59,291.23,listed_in_2026-02-04_register; current_activity_not_assessed
517,RJ048,Tagore Institute of Special Education Bundi,"Tagore Institute of Special Education Bundi, | Near Reliance Petrol Pump, Silor Road, | Distict – Bundi, Rajasthan",Rajasthan,59,335.63,listed_in_2026-02-04_register; current_activity_not_assessed
518,RJ049,Majisa Special Teacher Training Center,"Majisa Special Teacher Training Center, Ladnun Road, | Sujangarh, Churu Rajasthan- 331507",Rajasthan,59,371.15,listed_in_2026-02-04_register; current_activity_not_assessed
519,RJ050,Shri Baba Ramdev Special Teacher Training Center,"Shri Baba Ramdev Special Teacher Training Center, | VPO-Bidasar, Teh-Bidasar, Dist-Churu-331501",Rajasthan,59,430.19,listed_in_2026-02-04_register; current_activity_not_assessed
520,RJ051,Shri Rudra Special Teacher Center VPO - Bidasar,"Shri Rudra Special Teacher Center | VPO – Bidasar, Tehsil – Bidasar, District – Churu, Rajasthan | – 331501",Rajasthan,59,465.71,listed_in_2026-02-04_register; current_activity_not_assessed
521,RJ052,Lal Bahadur Shastri College,"Lal Bahadur Shastri College, | Sec-1, Mahaveer Nagar Extn., Kota Rajasthan- 324009 | T.No.:91-",Rajasthan,59,527.87,listed_in_2026-02-04_register; current_activity_not_assessed
522,RJ053,Srijan Manav Shiksha Avam Kalyan Sansthan,"Srijan Manav Shiksha Avam Kalyan Sansthan, | C/o Marudhara Public Sr. Sec. School, Ummed Nagar, Tehsil | – Tinwari, Dist- Jodhpur, Rajasthan- 342305",Rajasthan,59,625.55,listed_in_2026-02-04_register; current_activity_not_assessed
523,RJ054,S.V.N. Sansthan,"S.V.N. Sansthan, | Plot no. 2A, Pratap Nagar, Kalwar Road, Jhotwara, | Jaipur-302012",Rajasthan,59,723.23,listed_in_2026-02-04_register; current_activity_not_assessed
524,RJ055,Matra Sneh Sansthan (Previously known as Nehru Adarsh Jan Swasthya Gramin Vikash Sanstha),Matra Sneh Sansthan | (Previously known as Nehru Adarsh Jan Swasthya Gramin | Vikash Sanstha),Rajasthan,59,785.39,listed_in_2026-02-04_register; current_activity_not_assessed
525,RJ056,Mansik Viklang Shikshan Prashikshan Kendra,"Mansik Viklang Shikshan Prashikshan Kendra, Jambodli | Swam Siddha Parishar, Department of SJE, Directorate of | Special Abled Person, | Jaipur, Rajasthan | T.No.:",Rajasthan,60,121.55,listed_in_2026-02-04_register; current_activity_not_assessed
526,RJ057,Rudraksh Educational and Welfare Society,"Rudraksh Educational and Welfare Society, | A-111, Shastri Nagar Jodhpur, Rajasthan",Rajasthan,60,182.75,listed_in_2026-02-04_register; current_activity_not_assessed
527,RJ058,Ganga Vision Teacher Training Institute 142 Sangam Vihar,"Ganga Vision Teacher Training Institute | 142 Sangam Vihar, Bundi road Kota, | Rajasthan – 324008",Rajasthan,60,253.79,listed_in_2026-02-04_register; current_activity_not_assessed
528,RJ059,Tapas Shekshik Punarwas and Anusandhan Sansthan,"Tapas Shekshik Punarwas and Anusandhan Sansthan, | Dungarpur Behind New Hospital, Subhas Nagar, | Dungarpur-314001",Rajasthan,60,289.31,listed_in_2026-02-04_register; current_activity_not_assessed
529,RJ060,Divya Jyoti Gyan AVM Samagik Vikas Samiti,"Divya Jyoti Gyan AVM Samagik Vikas Samiti, | Gurudwara Hari Simran Kendra Tila no. 03, | Jawahar Nagar, Jaipur-320004",Rajasthan,60,342.59,listed_in_2026-02-04_register; current_activity_not_assessed
530,RJ061,Kiran Devi Special Teacher Training Centre,"Kiran Devi Special Teacher Training Centre, Near P.G. | College, Ganesh Nagar, Dausa, Rajasthan-303303",Rajasthan,60,386.03,listed_in_2026-02-04_register; current_activity_not_assessed
531,RJ062,Jai Shri Balaji Institute of Special Education,"Jai Shri Balaji Institute of Special Education, | Hingotiya, District-Dausa, Rajasthan-303303",Rajasthan,60,452.99,listed_in_2026-02-04_register; current_activity_not_assessed
532,RJ063,Creative Hands Society for Education & Health 78/B,"Creative Hands Society for Education & Health | 78/B, Shankar Nagar, Pal Road, Jodhpur, | Rajasthan",Rajasthan,60,521.99,listed_in_2026-02-04_register; current_activity_not_assessed
533,RJ064,Prayas Seva Sansthan,"Prayas Seva Sansthan, | Tonk Near Pannadhay College, District-Tonk",Rajasthan,60,593.03,listed_in_2026-02-04_register; current_activity_not_assessed
534,RJ065,Mahatma Gandhi Medical College & Hospital Faculty of Medicine -RIICO 19-20 RIICO Institutional Area,"Mahatma Gandhi Medical College & Hospital Faculty of | Medicine –RIICO | 19-20 RIICO Institutional Area, Sitapura, Iaipur, | Rajasthan 302022",Rajasthan,60,628.55,listed_in_2026-02-04_register; current_activity_not_assessed
535,RJ066,Apex Institute of Special Education,"Apex Institute of Special Education, Apex University, | Sector-05, VI Road, | Jaipur, Rajasthan-303002",Rajasthan,60,696.47,listed_in_2026-02-04_register; current_activity_not_assessed
536,RJ067,Sweet Voice Welfare and Shiksha Society Village- Charanwas,"Sweet Voice Welfare and Shiksha Society Village- | Charanwas, Post-Aleesar, Tehsil-Chomu, District- Jaipur, | Rajasthan 303801",Rajasthan,61,219.95,listed_in_2026-02-04_register; current_activity_not_assessed
537,RJ068,Naya Sawera Shakshanik Avam Samajik Vikas Sanstha Plot No. 02,"Naya Sawera Shakshanik Avam Samajik Vikas Sanstha | Plot No. 02, Kashi Nagar, Benad Road, Jaipur Rajasthan",Rajasthan,61,264.35,listed_in_2026-02-04_register; current_activity_not_assessed
538,RJ069,Shri Bhayya Shiksha Samiti,"Shri Bhayya Shiksha Samiti, | Raj Nagar-C NH-12, Jaipur Road, Tonk Rajasthan-304001",Rajasthan,61,318.71,listed_in_2026-02-04_register; current_activity_not_assessed
539,RJ070,Mata Gujri College of Special Education,"Mata Gujri College of Special Education, Ward No. 1, | Kesav Garden Colony Suratgarh, District-Ganganagar, | Rajasthan-335804",Rajasthan,61,366.83,listed_in_2026-02-04_register; current_activity_not_assessed
540,RJ071,Shri Dev Special Teacher Training Center Gulabpura,"Shri Dev Special Teacher Training Center | Gulabpura, Hurda, Bhilwara Rajasthan – 311022",Rajasthan,61,411.35,listed_in_2026-02-04_register; current_activity_not_assessed
541,RJ072,St. Stephens Teacher Training Center,"St. Stephens Teacher Training Center, | Didwana, Nagaur, Rajasthan -341303",Rajasthan,61,446.87,listed_in_2026-02-04_register; current_activity_not_assessed
542,RJ073,Barmer College of Special Education,"Barmer College of Special Education, | Sindari Road, Baldev Nagar, District-Barmer Rajasthan",Rajasthan,61,490.79,listed_in_2026-02-04_register; current_activity_not_assessed
543,RJ074,Shekhawati Shishan Sansthan,"Shekhawati Shishan Sansthan, | N.H. 11, Narayan Ka Bass, Khuri Bari, Laxmangargh Sikar, | Rajasthan-332315",Rajasthan,61,544.07,listed_in_2026-02-04_register; current_activity_not_assessed
544,RJ075,Shree Jagdish Seva Sansthan Plot No. 487,"Shree Jagdish Seva Sansthan | Plot No. 487, Banke Bihari Marg, Brij Vihar Colony, Sawai | Madhopur Road, District-Tonk, Rajsthan-304001",Rajasthan,61,595.31,listed_in_2026-02-04_register; current_activity_not_assessed
545,RJ076,Sai Mental Retarded Rsidential School Jhalawar Radi Ke Balaji,"Sai Mental Retarded Rsidential School | Jhalawar Radi Ke Balaji, Jhalawar Rajasthan-320001",Rajasthan,61,645.95,listed_in_2026-02-04_register; current_activity_not_assessed
546,RJ077,S.S. College of Special Educaiton Chak 22 Lgw (B),"S.S. College of Special Educaiton | Chak 22 Lgw (B), Tehsil-Suratgarh, Suratgarh Road, Dist- | Sriganganagar, P.O. Dhaba B.O. Rajasthan-335803",Rajasthan,61,680.51,listed_in_2026-02-04_register; current_activity_not_assessed
547,RJ078,Shree Hem Singh Special Teachers Training College,"Shree Hem Singh Special Teachers Training College, | VPO- Chohtan , Dist-Barmer Rajasthan – 344702",Rajasthan,61,770.27,listed_in_2026-02-04_register; current_activity_not_assessed
548,RJ079,Navjeevan Shikshan Sansthan N.H. 52,"Navjeevan Shikshan Sansthan | N.H. 52, Khuri Bari, Laxmangarh, Sikar Rajasthan – 332315",Rajasthan,62,81.23,listed_in_2026-02-04_register; current_activity_not_assessed
549,RJ080,Mansi Jan Sewa Kalyan Sansthan Jyoti Nagar Hanumangarh Road,"Mansi Jan Sewa Kalyan Sansthan | Jyoti Nagar Hanumangarh Road, | Near Andhvidyalaya, Shri Ganganagar, Rajasthan-335001",Rajasthan,62,125.63,listed_in_2026-02-04_register; current_activity_not_assessed
550,RJ081,Shiksha Sanchalan & Chikitsa Prasar Samitee Baniyana Road,"Shiksha Sanchalan & Chikitsa Prasar Samitee Baniyana | Road, Hingotiya, Dausa, Rajasthan- 303303",Rajasthan,62,177.95,listed_in_2026-02-04_register; current_activity_not_assessed
551,RJ082,Rajesh Pilot Smriti Gram Udhyog Shiksha,"Rajesh Pilot Smriti Gram Udhyog Shiksha, | D-72, Ganesh Nagar, Dausa Rajasthan-303303",Rajasthan,62,222.35,listed_in_2026-02-04_register; current_activity_not_assessed
552,RJ083,Om Shikshan Wa Prashikshan Sansthan Kotkhawada Road,"Om Shikshan Wa Prashikshan Sansthan Kotkhawada | Road, Beedpinarpura, Chaksu, Jaipur, Rajasthan -303901",Rajasthan,62,256.31,listed_in_2026-02-04_register; current_activity_not_assessed
553,RJ084,Maharana Pratap Vishesh Mahavidhyalaya,"Maharana Pratap Vishesh Mahavidhyalaya, Near Jain | Nastya Uniyara, Operated by Sun Flower Shiksha Samit, | Tonk Rajasthan",Rajasthan,62,299.63,listed_in_2026-02-04_register; current_activity_not_assessed
554,RJ085,Department of Educaiton,"Department of Educaiton, Shri Khushal Das University | –SKD University, | 7 STG Near, Toll Plaza Suratgarh Road, Pilibanga, | Hanumangarh, Rajasthan - 335801",Rajasthan,62,352.91,listed_in_2026-02-04_register; current_activity_not_assessed
555,RJ086,Little Angel College of Special Education,"Little Angel College of Special Education, Getolave Road, | Dausa, Rajasthan-303303",Rajasthan,62,549.47,listed_in_2026-02-04_register; current_activity_not_assessed
556,RJ087,Adarsh Gyanoday Vikas Samiti Sort Bazar,"Adarsh Gyanoday Vikas Samiti | Sort Bazar, Sawai Madhopur - 322021 Rajasthan",Rajasthan,62,585.59,listed_in_2026-02-04_register; current_activity_not_assessed
557,RJ088,Shree Karani Shekshnik Samajik and Divyang Kalyan samiti 26 Balaji Vihar Extn. 26 Machda Jaipur,"Shree Karani Shekshnik Samajik and Divyang Kalyan | samiti | 26 Balaji Vihar Extn. 26 Machda Jaipur, Rajasthan -302012",Rajasthan,62,614.87,listed_in_2026-02-04_register; current_activity_not_assessed
558,RJ089,Sambal Samiti Near N.K. Public School,"Sambal Samiti | Near N.K. Public School, Bharthal Bypass Chauraha, | Banasthali, Tehsil – Niwai, | District- Tonk, Rajasthan-304021",Rajasthan,62,674.51,listed_in_2026-02-04_register; current_activity_not_assessed
559,RJ090,Institute for Rural Development and Technical Research Shrimsheel Ashram,"Institute for Rural Development and Technical Research | Shrimsheel Ashram, Dholan Road, Chhipabarod District | Baran Rajasthan 325221",Rajasthan,62,723.23,listed_in_2026-02-04_register; current_activity_not_assessed
560,RJ091,MJRP College of Education,"MJRP College of Education, Mahatma Jyoti Rao Phoole | University | SP 2 & 3 Ram Kalwar, RICCO Industrial Area, Lala Mode, | Achrol, Jaipur, Rajasthan 303103",Rajasthan,62,768.71,listed_in_2026-02-04_register; current_activity_not_assessed
561,RJ092,Suryodaya Vidya Mandir shiksha Samiti,"Suryodaya Vidya Mandir shiksha Samiti, Vani Vishesh | Vidhyalaya, | Indira Colony, Bundi, Rajsthan – 342307",Rajasthan,63,207.23,listed_in_2026-02-04_register; current_activity_not_assessed
562,RJ093,Shri Ram Gopal Vishesh Vidyalaya run By Prerna Education and Welfare Society,"Shri Ram Gopal Vishesh Vidyalaya run By Prerna | Education and Welfare Society, Sonwa Road, Tonk, | Rajasthan -304001",Rajasthan,63,275.03,listed_in_2026-02-04_register; current_activity_not_assessed
563,RJ094,Rajasthan Rehabilitation & Research Institute Jamdoli,"Rajasthan Rehabilitation & Research Institute | Jamdoli, Jaipur, Rajsthan 302031",Rajasthan,63,328.31,listed_in_2026-02-04_register; current_activity_not_assessed
564,RJ095,OPJS University VPO Rawatsar Kunjla Near Sankhu Fort,"OPJS University | VPO Rawatsar Kunjla | Near Sankhu Fort, Rajgarh (Sadulpur) Jhunjhunu Road, | Churu Rajasthan 331303",Rajasthan,63,365.39,listed_in_2026-02-04_register; current_activity_not_assessed
565,RJ096,Prayas Seva Sansthan Behind Petrol Pump,"Prayas Seva Sansthan | Behind Petrol Pump , Ajmer Road, Madhav Nagar, District | Bhilwara, Rajsthan-311001",Rajasthan,63,502.31,listed_in_2026-02-04_register; current_activity_not_assessed
566,RJ097,Gramin Sewa Sansthan Teacher Training Institute,"Gramin Sewa Sansthan Teacher Training Institute, | Bari Road, District – Dholpur Rajasthan – 328001",Rajasthan,63,544.19,listed_in_2026-02-04_register; current_activity_not_assessed
567,RJ098,Koshalyam Institute for Training & Research,"Koshalyam Institute for Training & Research, Shiv Jyoti | Manovikas School, | Ward 11 near new Anaj Mandi Bounday Khairthal, Alwar, | Rajasthan - 301404",Rajasthan,63,587.15,listed_in_2026-02-04_register; current_activity_not_assessed
568,RJ099,Madhav University Pindwara,"Madhav University | Pindwara, Sirohi, Post-Office-Bharja, City-Abu Road, Tehsil- | Pindwara, Dist- Sirohi | Rajasthan-307026",Rajasthan,63,644.15,listed_in_2026-02-04_register; current_activity_not_assessed
569,RJ100,Marudhara Bal shikshan Sansthan Near Ratholai Nadi Pipar City Jodhpur Rajasthan - 342601,Marudhara Bal shikshan Sansthan Near Ratholai Nadi | Pipar City Jodhpur Rajasthan – 342601,Rajasthan,63,706.31,listed_in_2026-02-04_register; current_activity_not_assessed
570,RJ101,IIS - (Deemed to be University) ICG Campus,"IIS – (Deemed to be University) | ICG Campus, Gurukul Marg, Mansarover Marg, Jaipur, | Rajasthan-302020",Rajasthan,63,744.59,listed_in_2026-02-04_register; current_activity_not_assessed
571,RJ102,Divya Sansthan Swam Siddhha Parisar,"Divya Sansthan Swam Siddhha Parisar, Agra Road, | Jamboli, Dist- Jaipur Rajasthan -302001",Rajasthan,63,773.87,listed_in_2026-02-04_register; current_activity_not_assessed
572,RJ103,Navjyoti Viklang Kalyan Evam Punarvas Sansthan Sector No. 8,"Navjyoti Viklang Kalyan Evam Punarvas Sansthan | Sector No. 8, 248 New Civil Lines, Hanumangarh Junction, | Hanumangarh, Rajasthan-335512",Rajasthan,64,107.99,listed_in_2026-02-04_register; current_activity_not_assessed
573,RJ104,Bandhan Sansthan C/o Shri Shiv Shankar Ward No. 30,"Bandhan Sansthan | C/o Shri Shiv Shankar Ward No. 30, Rcp Colony, Surutgarh, | District- Sri Ganganagar, | Rajasthan-335804",Rajasthan,64,162.95,listed_in_2026-02-04_register; current_activity_not_assessed
574,RJ105,Manav Dharam Viklang Seva Sanstha,"Manav Dharam Viklang Seva Sanstha, | SBI Bank Ke Pass New Colony, Sawar, Ajmer, Rajasthan",Rajasthan,64,261.35,listed_in_2026-02-04_register; current_activity_not_assessed
575,RJ106,Mohanlal Sukhdia University,"Mohanlal Sukhdia University, (Formerly Known as | Udaipur University) | Udaipur, Rajasthan",Rajasthan,64,300.59,listed_in_2026-02-04_register; current_activity_not_assessed
576,RJ107,Navjivan SpecialTeacher Training Centre,"Navjivan SpecialTeacher Training Centre, Ward No. 5 | Taleda Jamat, Ashok Mahan School Ke Pass, Kothun Road | Lalsot, | District- Dausa, Rajasthan - 303503",Rajasthan,64,339.83,listed_in_2026-02-04_register; current_activity_not_assessed
577,RJ108,Satyabhama Institute of Special Education and Research,"Satyabhama Institute of Special Education and Research, | C shankar Colony, Near Vardsharm asram road, | Sriganganagar, Rajasthan – 335012",Rajasthan,64,376.43,listed_in_2026-02-04_register; current_activity_not_assessed
578,RJ109,Jodhpur Badhir Kalyan Samiti,"Jodhpur Badhir Kalyan Samiti, | Mata Ka Than, Basani Tamboliyan Magra Punjala, Jodhpur, | Rajasthan",Rajasthan,64,434.99,listed_in_2026-02-04_register; current_activity_not_assessed
579,RJ110,Jubin Sapstics Home & Charitable Trust 4/94 Sukhdia Shopping Center,"Jubin Sapstics Home & Charitable Trust 4/94 Sukhdia | Shopping Center, Sri Ganganagar, Rajasthan",Rajasthan,64,476.27,listed_in_2026-02-04_register; current_activity_not_assessed
580,RJ111,Satyam Special Teacher Training Center,"Satyam Special Teacher Training Center, | Ladnun, Nagaur, Rajasthan – 341306",Rajasthan,64,522.23,listed_in_2026-02-04_register; current_activity_not_assessed
581,RJ112,Ronak Special Teacher Training Institute,"Ronak Special Teacher Training Institute, (Run by Prantiya | Gramin Vikas Avam Audyogik Prashikshan Sansthan) | 46, Shree Krishna Nagar, Sumel, Agra Road, Jaipur-302031",Rajasthan,64,556.67,listed_in_2026-02-04_register; current_activity_not_assessed
582,RJ113,Laugh n’Learn (A academy of Special Education) Tonk Road,"Laugh n’Learn (A academy of Special | Education) | Tonk Road, Jaipur, Rajasthan-302015",Rajasthan,64,613.67,listed_in_2026-02-04_register; current_activity_not_assessed
583,RJ114,Bharti Special College Dausa Run by Bhartiya Adarsh Vidya Mandir Uchch Madhyamik Vidhyalaya Sansthan,"Bharti Special College Dausa | Run by Bhartiya Adarsh Vidya Mandir Uchch Madhyamik | Vidhyalaya Sansthan, Dausa, Rajasthan",Rajasthan,64,656.03,listed_in_2026-02-04_register; current_activity_not_assessed
584,RJ115,Institute of Rehabilitation Sciences and Research (I.R.S.R.) Department of Rehabilitation Science and Research,"Institute of Rehabilitation Sciences and Research | (I.R.S.R.) | Department of Rehabilitation Science and Research, S.K.D. | University, City Office, Sec-12, Hanumangarh Jn. Rajasthan- | 335512",Rajasthan,64,703.07,listed_in_2026-02-04_register; current_activity_not_assessed
585,RJ116,Sahyog Sewa Sansthan,"Sahyog Sewa Sansthan, | Didwana, Distt- Nagaur, Rajasthan-341303",Rajasthan,64,769.55,listed_in_2026-02-04_register; current_activity_not_assessed
586,RJ117,The Lords University,"The Lords University, | Chikani Alwar, Rajasthan – 301028",Rajasthan,65,81.23,listed_in_2026-02-04_register; current_activity_not_assessed
587,RJ118,University of Technology,"University of Technology, | Fatehpura Road, Post- Kumahariyawas, Vatika, Jaipur, | Rajasthan – 303903",Rajasthan,65,134.51,listed_in_2026-02-04_register; current_activity_not_assessed
588,RJ119,Sunrise University,"Sunrise University, | Tehsil-Rampur, Dist- Alwar, Rajasthan-301030",Rajasthan,65,230.15,listed_in_2026-02-04_register; current_activity_not_assessed
589,RJ120,Aditya Institute of Rehabilitation Sciences (Run by Arya Shiksha Samiti),"Aditya Institute of Rehabilitation Sciences (Run by Arya | Shiksha Samiti), Bandikui, Th- Baswa, Dausa, Rajasthan- | 303313",Rajasthan,65,274.55,listed_in_2026-02-04_register; current_activity_not_assessed
590,RJ121,Navjyoti College of Special Education,"Navjyoti College of Special Education, | (Run by Navjyoti Viklang Kalyan Evam Punarwas Sansthan), | Behain Shiv Mandir Cinema, Collectorate Road, | Hanumangarh, Rajasthan – 335512",Rajasthan,65,317.03,listed_in_2026-02-04_register; current_activity_not_assessed
591,RJ122,"Asha Ka Jharna, Ward No. 2","Asha Ka Jharna, | Ward No. 2, Nawalgarh, Rajasthan-333042",Rajasthan,65,367.55,listed_in_2026-02-04_register; current_activity_not_assessed
592,RJ123,Kanchan Special College,"Kanchan Special College, | Run by Late Shree Badree Narayan Shiksha Samiti, | Ramgarh, Pachwara, Teh. Lalsot, Dausa Rajasthan – 303510",Rajasthan,65,401.51,listed_in_2026-02-04_register; current_activity_not_assessed
593,RJ124,Late Shri Ram Kumar College of Special Education (Run by Sundar Devi Khangaram Public School Samiti) Uttam Nagar,"Late Shri Ram Kumar College of Special Education (Run | by Sundar Devi Khangaram Public School Samiti) | Uttam Nagar, Dundlod, Nawalgarh, Jhunjhunu, Rajasthan",Rajasthan,65,452.75,listed_in_2026-02-04_register; current_activity_not_assessed
594,RJ125,Surya College of Special Education Run by Saur Chetna Evam Urja Vigyan Shodh Sansthan,"Surya College of Special Education | Run by Saur Chetna Evam Urja Vigyan Shodh Sansthan, Sri | Ganganagar, Running, Unit Bikaner, 1B, Sudarshan Nagar, | Bikaner, Rajasthan",Rajasthan,65,509.75,listed_in_2026-02-04_register; current_activity_not_assessed
595,RJ126,Shri Bapuji Special Teacher Training Centre (Run by Shree Baba Ramdev Medical Education Societyt),"Shri Bapuji Special Teacher Training Centre (Run by | Shree Baba Ramdev Medical Education Societyt), Ladnun, | Nagaur, Rajasthan – 341306",Rajasthan,65,568.79,listed_in_2026-02-04_register; current_activity_not_assessed
596,RJ128,Navjeevan Special School & Teachers Training Institute (Run by Gogameri Jan Jagarti Vikas Seva Samiti) Near Ambedkar Chowk,"Navjeevan Special School & Teachers Training Institute | (Run by Gogameri Jan Jagarti Vikas Seva Samiti) | Near Ambedkar Chowk, Bhadra, | Distt- Hanumangarh, Rajasthan",Rajasthan,65,614.27,listed_in_2026-02-04_register; current_activity_not_assessed
597,RJ129,Shree Bhadariya Ray Shikshan Sansthan,"Shree Bhadariya Ray Shikshan Sansthan, Gandhi Nagar, | Samdari Road, Balotra, Barmer Rajasthan – 344022",Rajasthan,65,686.99,listed_in_2026-02-04_register; current_activity_not_assessed
598,RJ130,Chetna Special Education Teacher Training College,"Chetna Special Education Teacher Training College, (Run | by Shri Bhayya shiksha Samiti), Nainwa Road, Uniyara, Tonk, | Rajasthan",Rajasthan,65,740.27,listed_in_2026-02-04_register; current_activity_not_assessed
599,RJ131,R. G. Special Teacher Training Centre Ladnun,"R. G. Special Teacher Training Centre Ladnun, Nagaur, | Rajasthan – 341517",Rajasthan,65,786.23,listed_in_2026-02-04_register; current_activity_not_assessed
600,RJ132,Shri Balaji Group of Special Education (Run by Shri Balaji shaikshanik Sansthan),"Shri Balaji Group of Special Education | (Run by Shri Balaji shaikshanik Sansthan), | 46, Manji Ka Hatha, Paota, Jodhpur, Rajasthan",Rajasthan,66,99.59,listed_in_2026-02-04_register; current_activity_not_assessed
601,RJ133,Yagam Special Teacher Training Center (Run by Prerna Public Shikshan Sansthan),"Yagam Special Teacher Training Center (Run by Prerna | Public Shikshan Sansthan), Sujangarh, Churu, Rajasthan – | 333801",Rajasthan,66,166.55,listed_in_2026-02-04_register; current_activity_not_assessed
602,RJ134,Ayushmaan College of Special Education,"Ayushmaan College of Special Education, | Dist- Dausa, Rajasthan-303303",Rajasthan,66,200.51,listed_in_2026-02-04_register; current_activity_not_assessed
603,RJ135,Alok Public School shiksha Samiti Tonk,"Alok Public School shiksha Samiti Tonk, Teacher Traiing | Center DSEIDD College, Shastri Nagar, Tonk, Rajasthan- | 304001",Rajasthan,66,226.67,listed_in_2026-02-04_register; current_activity_not_assessed
604,RJ136,Yash Rehabilitation Centre for Handicapped Children,"Yash Rehabilitation Centre for Handicapped Children, | Plot- No. 76-77, Himmatpura, Ranthambhore Road, Sawai | Madhopur, Rajasthan | -322001",Rajasthan,66,270.59,listed_in_2026-02-04_register; current_activity_not_assessed
605,RJ137,Shri Bhandari Special Teacher Training Centre,"Shri Bhandari Special Teacher Training Centre, (Run by | Shri Nath Jankalyan & Vikas Sansthan), Jhotwara, Jaipur, | Rajasthan",Rajasthan,66,313.55,listed_in_2026-02-04_register; current_activity_not_assessed
606,RJ138,Forex Welfare Society Shiv B.Ed. College Special Education (IDD) College,"Forex Welfare Society | Shiv B.Ed. College Special Education (IDD) College, Saoli | Mod, Teh. Dooni, Distt- Tonk, Rajasthan",Rajasthan,66,355.43,listed_in_2026-02-04_register; current_activity_not_assessed
607,RJ139,Shri Krishna Special Teacher Training Centre,"Shri Krishna Special Teacher Training Centre, | Run by shubhdeep Group Sewa Sansthan, Karni Nagar Basni | 1st Phase, Jodhpur Rajasthan-342005",Rajasthan,66,400.91,listed_in_2026-02-04_register; current_activity_not_assessed
608,RJ140,Marwar Winners Special Teacher Training College (Run by winners Educational Society),"Marwar Winners Special Teacher Training College (Run | by winners Educational Society), Osian Road, Soyia, Jodhpur, | Rajasthan-342037",Rajasthan,66,434.39,listed_in_2026-02-04_register; current_activity_not_assessed
609,RJ141,Saraswati Vidya Ashram Samiti,"Saraswati Vidya Ashram Samiti, Sawai Madhopur, | Rajasthan-324009",Rajasthan,66,505.43,listed_in_2026-02-04_register; current_activity_not_assessed
610,RJ142,Satguru Teacher Training College,"Satguru Teacher Training College, | Run by Lavanya Seva Sansthan, Nawalgarh Road, Sikar, | Rajasthan",Rajasthan,66,556.67,listed_in_2026-02-04_register; current_activity_not_assessed
611,RJ143,Shri Kalyan Special Teacher Center (Run by Guman Public Sansthan),"Shri Kalyan Special Teacher Center | (Run by Guman Public Sansthan), | Vill- Meharana, Post- Jawla, Nagaur, Rajasthan- 341503",Rajasthan,66,602.63,listed_in_2026-02-04_register; current_activity_not_assessed
612,RJ144,Anmol Special Teacher Training Center,"Anmol Special Teacher Training Center, (Run by Anmol | Janhit Sansthan) Jhotwara, Jaipur, Rajasthan",Rajasthan,66,652.79,listed_in_2026-02-04_register; current_activity_not_assessed
613,RJ145,Madhur Special Shikshan Prashikshan Sansthan,"Madhur Special Shikshan Prashikshan Sansthan, | Depalsar Road, Churu, Rajasthan-331001",Rajasthan,66,687.83,listed_in_2026-02-04_register; current_activity_not_assessed
614,RJ146,The First One Institute of Special Education,"The First One Institute of Special Education, Aabadhi | Bhumi Kabri dungri, Mundota, Jaipur, Rajasthan-303706",Rajasthan,66,727.07,listed_in_2026-02-04_register; current_activity_not_assessed
615,RJ147,Vivek Vardhini Shiksha Avm Manovikas Sewa samiti,"Vivek Vardhini Shiksha Avm Manovikas Sewa samiti, | Bhedola Road Choth Ka Barwada, Sawai Madhopur, | Rajasthan-303002",Rajasthan,67,81.23,listed_in_2026-02-04_register; current_activity_not_assessed
616,RJ148,Veer Teja Special Teacher Training College (Run by Shri Mahadev shikshan Sansthan),"Veer Teja Special Teacher Training College (Run by Shri | Mahadev shikshan Sansthan), Nimbalkot, Sindhari, Rajasthan- | 344001",Rajasthan,67,128.39,listed_in_2026-02-04_register; current_activity_not_assessed
617,RJ149,Shri Mahadev Special Teacher Training Center (Run By Shri Shiv Bal Vidhya Mandir Sansthan),"Shri Mahadev Special Teacher Training Center (Run By | Shri Shiv Bal Vidhya Mandir Sansthan), VPO-Gotan, Teh. | Merta City, | Nagaur, Rajasthan-342902",Rajasthan,67,171.35,listed_in_2026-02-04_register; current_activity_not_assessed
618,RJ150,Shyam University,"Shyam University, Department of Special Education, | Dehlal-Didwana, Tehsil- Lalsot, Dausa, Rajasthan- 303511",Rajasthan,67,215.27,listed_in_2026-02-04_register; current_activity_not_assessed
619,RJ151,National Education & Welfare Society Teacher Training,"National Education & Welfare Society Teacher Training, | Vill-Kolana, Bandikui(Dausa), Rajasthan-303313",Rajasthan,67,354.83,listed_in_2026-02-04_register; current_activity_not_assessed
620,RJ152,Life Style Welfare Sanstha,"Life Style Welfare Sanstha, | NH-52, Kirdoli Road, Bhadhadar, Dist-Sikar Rajasthan- | 322315",Rajasthan,67,399.35,listed_in_2026-02-04_register; current_activity_not_assessed
621,RJ153,Rudraksh Special Teachers Training College,"Rudraksh Special Teachers Training College, Run by | Rudraksh Educational and Welfare Society, | 326, Mohan Nagar ‘B’ BJS Colony, Jodhpur, | Rajasthan-342006",Rajasthan,67,451.67,listed_in_2026-02-04_register; current_activity_not_assessed
622,RJ154,Madhani College of Special Educaiton (Run by Lakshay shekshnik & Samajik Sansthan),"Madhani College of Special Educaiton | (Run by Lakshay shekshnik & Samajik Sansthan), Ramsar- | Barmer, Rajasthan-344502",Rajasthan,67,503.03,listed_in_2026-02-04_register; current_activity_not_assessed
623,RJ155,Department of Education,"Department of Education, | Maharaj Vinayak Global University, | NH 11C Delhi National Highway Dhand Ajmer Jaipur, | Rajasthan-302028",Rajasthan,67,543.83,listed_in_2026-02-04_register; current_activity_not_assessed
624,RJ156,Tanwar Shiksha Sansthan,"Tanwar Shiksha Sansthan, | KH. No. 18, Ramjan Ka Hatha, Banar Road, Jodhpur, | Rajasthan-342015",Rajasthan,67,614.87,listed_in_2026-02-04_register; current_activity_not_assessed
625,RJ157,Govt. Teacher Training Center for HI,"Govt. Teacher Training Center for HI, | (Run by Mansik Viklang shikshak Prashikshan Kendra), | Jamdoli, Jaipur, Rajasthan -302001",Rajasthan,67,657.71,listed_in_2026-02-04_register; current_activity_not_assessed
626,RJ158,Marudhar Special Teachers Training College,"Marudhar Special Teachers Training College, | Saran Nagar, Banar Road, Jodhpur Rajasthan-302015",Rajasthan,67,708.47,listed_in_2026-02-04_register; current_activity_not_assessed
627,RJ159,Swami Vivekanand Punarvas Sansthan,"Swami Vivekanand Punarvas Sansthan, | VPO- Bassi Jaipur, Rajasthan-303301",Rajasthan,67,761.75,listed_in_2026-02-04_register; current_activity_not_assessed
628,RJ160,Sweekar Special School Samiti,"Sweekar Special School Samiti, | 68 Maharsi Gautam Nagar-II, Bilwa Sanganer, Jaipur",Rajasthan,67,796.79,listed_in_2026-02-04_register; current_activity_not_assessed
629,RJ161,Om Shikshan Sansthan,"Om Shikshan Sansthan, | Choudhary Charan Singh Colony, Sarvoday Basti, Bikaner, | Rajasthan – 334001",Rajasthan,68,115.79,listed_in_2026-02-04_register; current_activity_not_assessed
630,RJ162,T.R. Memorial Special Teacher Training College Deora (Run by shree Ganesh shiksha Samiti) Teh. Chitalwana,"T.R. Memorial Special Teacher Training College Deora | (Run by shree Ganesh shiksha Samiti) | Teh. Chitalwana, Dist-Jalore Rajasthan-343040",Rajasthan,68,161.27,listed_in_2026-02-04_register; current_activity_not_assessed
631,RJ163,Assent Special Teacher Training Center (Run by Prayas Seva Sansthan) Didwana,"Assent Special Teacher Training Center | (Run by Prayas Seva Sansthan) Didwana, Nagaur, Rajasthan- | 341303",Rajasthan,68,205.19,listed_in_2026-02-04_register; current_activity_not_assessed
632,RJ164,The Little Star Special Teacher Training Center (Run by Vinod Kumar Gurjar Memorial Educational Society),"The Little Star Special Teacher Training Center (Run by | Vinod Kumar Gurjar Memorial Educational Society), Didwana, | Nagaur, Rajasthan – 345108",Rajasthan,68,239.75,listed_in_2026-02-04_register; current_activity_not_assessed
633,RJ165,"M. D. Sansthan, Plot No. 8","M. D. Sansthan, | Plot No. 8, Shree Ram Vatika, Govind Pura, Sanganer, | Jaipur, Rajasthan -302022",Rajasthan,68,281.51,listed_in_2026-02-04_register; current_activity_not_assessed
634,RJ166,Raj Special Education Teacher Training College ( Run by G.L.S. Academy Edu. & Welfare Society),"Raj Special Education Teacher Training College ( Run by | G.L.S. Academy Edu. & Welfare Society), | Sikar Road Deep Pura Kuchaman City, Nagaur, Rajasthan- | 345108",Rajasthan,68,325.43,listed_in_2026-02-04_register; current_activity_not_assessed
635,RJ167,Lovely Mamta Special College of Education (Run by Mamta Punarvas Evam Samajik Shodh Sansthan S1 Greenland Clone near Udemsingh Chok Kesrisinghpur,"Lovely Mamta Special College of Education (Run by | Mamta Punarvas Evam Samajik Shodh Sansthan | S1 Greenland Clone near Udemsingh Chok Kesrisinghpur, Sri | Ganganagar, Rajasthan-335027",Rajasthan,68,375.71,listed_in_2026-02-04_register; current_activity_not_assessed
636,RJ168,Little Feet Institute of Special Education,"Little Feet Institute of Special Education, Lalsot, Dist- | Dausa, Rajasthan- 303503",Rajasthan,68,436.91,listed_in_2026-02-04_register; current_activity_not_assessed
637,RJ169,Shri Ram Special Teacher Training College (Run by Shri Rawatsingh Bhomiyaji Shikshan Shod Sansthan),"Shri Ram Special Teacher Training College | (Run by Shri Rawatsingh Bhomiyaji Shikshan Shod | Sansthan),, | Gagari Road, Tinware, | Jodhpur, Rajasthan-342306",Rajasthan,68,474.59,listed_in_2026-02-04_register; current_activity_not_assessed
638,RJ170,Suresh Gyan Vihar University Mahal,"Suresh Gyan Vihar University | Mahal, Jagatpura, Jaipur, Rajasthan-302017",Rajasthan,68,549.95,listed_in_2026-02-04_register; current_activity_not_assessed
639,RJ171,Maa Vankal College of Special Education (Run by Maalani Jan Kalyan Evam shikshan Sansthan),"Maa Vankal College of Special Education (Run by Maalani | Jan Kalyan Evam shikshan Sansthan), Chohtan Barmer, | Rajasthan-344702",Rajasthan,68,588.23,listed_in_2026-02-04_register; current_activity_not_assessed
640,RJ172,Samarpan Teacher Training Institute (Run by Samarpan Sansthan) Near New Allen School,"Samarpan Teacher Training Institute | (Run by Samarpan Sansthan) | Near New Allen School, Kota Road, Baran Rajasthan – | 325205",Rajasthan,68,654.11,listed_in_2026-02-04_register; current_activity_not_assessed
641,RJ173,Manohar Bal Mandir Samiti,"Manohar Bal Mandir Samiti, | MBM D.Ed. Special College Sector No. 2, Housing Board, | Jawahar Nagar, Sri Ganganagar, Rajasthan-303103",Rajasthan,68,701.27,listed_in_2026-02-04_register; current_activity_not_assessed
642,RJ174,Swera Rehabilitation Training Institute (Run by Society for Single Women Empowerment and Relief),"Swera Rehabilitation Training Institute | (Run by Society for Single Women Empowerment and Relief), | Gurukul Parisar Kishanghat, Jetwai Road, Jaisalmer, | Rajasthan -345001",Rajasthan,68,752.03,listed_in_2026-02-04_register; current_activity_not_assessed
643,RJ175,Viraj Special Education Teacher Training College,"Viraj Special Education Teacher Training College, (Run by | Shri Viklang Vikas Sewa Samiti), Sikar Road Deep Pura",Rajasthan,68,794.99,listed_in_2026-02-04_register; current_activity_not_assessed
644,RJ176,Mahatma Jyotirao Phule Rehabilitation Center,"Mahatma Jyotirao Phule Rehabilitation Center, | Sadulpur, Churu, Rajasthan-331023",Rajasthan,69,128.39,listed_in_2026-02-04_register; current_activity_not_assessed
645,RJ177,Bharati Bal Mandir Samiti,"Bharati Bal Mandir Samiti, | New Ramgarh Road, Jaipur (Subhash Chowk), Rajasthan- | 302002",Rajasthan,69,166.07,listed_in_2026-02-04_register; current_activity_not_assessed
646,RJ178,Bhagwati Teacher Training Institute Near Railway Station Opp. Ramdwara,"Bhagwati Teacher Training Institute | Near Railway Station Opp. Ramdwara, | NH 27, Bassi Chittorgarh, Rajasthan-332702",Rajasthan,69,206.87,listed_in_2026-02-04_register; current_activity_not_assessed
647,RJ179,Rehan Public Shikshan Sansthan,"Rehan Public Shikshan Sansthan, | DANTA, TEH.-DANTARAMGARH, | SIKAR, RAJASTHAN-332702",Rajasthan,69,250.31,listed_in_2026-02-04_register; current_activity_not_assessed
648,RJ180,SAI College of Special Education & Research,"SAI College of Special Education & Research, | Run by Yogita Udhyamita Evam Vikas Sansthan, | Radi Ke Balagi, Jhalawar, Rajasthan-326001",Rajasthan,69,292.19,listed_in_2026-02-04_register; current_activity_not_assessed
649,RJ181,Shree Dev Narayan Shiksha Samiti Shanti Nagar,"Shree Dev Narayan Shiksha Samiti | Shanti Nagar, Tikariya Road, Chaksu, Jaipur, Rajasthan",Rajasthan,69,358.07,listed_in_2026-02-04_register; current_activity_not_assessed
650,RJ182,KCP Special Education Teacher Training College(Run by Raj Shaikshaik Evam Prashaikshik Sew Sansthan),"KCP Special Education Teacher Training College(Run by | Raj Shaikshaik Evam Prashaikshik Sew Sansthan), | Basni Kalan, Fatenagar, Mavli, Udaipur, Rajasthan-313206",Rajasthan,69,404.03,listed_in_2026-02-04_register; current_activity_not_assessed
651,RJ183,Parmanand Trilokchand Rehabiltiation Center Sujangarh,"Parmanand Trilokchand Rehabiltiation Center | Sujangarh, Dist- Churu, Rajasthan-331507",Rajasthan,69,462.11,listed_in_2026-02-04_register; current_activity_not_assessed
652,RJ184,B.R. Memorial Special Teacher’s Training College 3,"B.R. Memorial Special Teacher’s Training | College | 3, Park Residency Colony, Kishorepura Road Hatoj, District | –Jaipur | Rajasthan -302012",Rajasthan,69,499.79,listed_in_2026-02-04_register; current_activity_not_assessed
653,RJ185,Lokmanya Tilak Special D.Ed.College (Lokmanya Tilak Jankalyan Shikshan Sansthan) VPO- Bindayak,"Lokmanya Tilak Special D.Ed.College (Lokmanya Tilak | Jankalyan Shikshan Sansthan) | VPO- Bindayak, Sirsi Road, Jhothwara, Jaipur Rajasthan- | 302041",Rajasthan,69,558.95,listed_in_2026-02-04_register; current_activity_not_assessed
654,RJ186,Disha Special Teacher Training Institute Run by Anu Shiksha Avam Swasthya Samiti Near Joshi Ki Kothi,"Disha Special Teacher Training Institute Run by Anu | Shiksha Avam Swasthya Samiti | Near Joshi Ki Kothi, Lalsot Road, Dausa, Rajasthan-303303",Rajasthan,69,602.87,listed_in_2026-02-04_register; current_activity_not_assessed
655,RJ187,Kalyan Jan Seva Shiksha Evam Gramin Vikas Samiti Jain Mandir Ke Pass,"Kalyan Jan Seva Shiksha Evam Gramin Vikas Samiti | Jain Mandir Ke Pass, Sevar Road, Gandhinagar, Bharatpur, | Rajasthan -321001",Rajasthan,69,644.15,listed_in_2026-02-04_register; current_activity_not_assessed
656,RJ188,Social Development and Education Society Weir,"Social Development and Education Society | Weir, Bharatpur, Rajasthan – 321408",Rajasthan,69,695.51,listed_in_2026-02-04_register; current_activity_not_assessed
657,RJ189,Pancholi Vishesh T.T. College Run by Pancholi Siksha Samiti Mai Road,"Pancholi Vishesh T.T. College | Run by Pancholi Siksha Samiti | Mai Road, Parsavara, Nadbai, Bharatpur, Rajasthan-321602",Rajasthan,69,733.67,listed_in_2026-02-04_register; current_activity_not_assessed
658,RJ190,Shree Krishna Jan Sewa Sansthan (Run by Krishna Adarsh Vidya Mandir Samiti) 293,"Shree Krishna Jan Sewa Sansthan (Run by Krishna Adarsh | Vidya Mandir Samiti) | 293, Lalkua Se Kasganj Road, Nadbai Bharatpur, Rajasthan – | 321602",Rajasthan,69,785.51,listed_in_2026-02-04_register; current_activity_not_assessed
659,RJ191,Milan Special College Run by Milan Defence Shiksha Samiti Jaipur Road,"Milan Special College | Run by Milan Defence Shiksha Samiti | Jaipur Road, Chomu Dist. Jaipur , Rajasthan – | 303702",Rajasthan,70,110.03,listed_in_2026-02-04_register; current_activity_not_assessed
660,RJ192,Annie Beasant Special Teachers Training College (Run by Marwar Kesari Shikshan Sansthan),"Annie Beasant Special Teachers Training College (Run by | Marwar Kesari Shikshan Sansthan), | Jodhpur, Rajasthan – 342006",Rajasthan,70,161.87,listed_in_2026-02-04_register; current_activity_not_assessed
661,RJ193,Aaina Special Teacher Training Institute Run by Aaina Social Welfare Society Kalwar Road,"Aaina Special Teacher Training Institute Run by Aaina | Social Welfare Society | Kalwar Road, Near Jhotara, Sheravatpura, Jaipur, Rajasthan | – 302032",Rajasthan,70,209.03,listed_in_2026-02-04_register; current_activity_not_assessed
662,RJ194,Prayas Seva Sansthan,"Prayas Seva Sansthan, | Near Reliance Petrol Pump. Jaipur Road Deoli, Dist-Tonk, | Rajasthan 304804",Rajasthan,70,258.71,listed_in_2026-02-04_register; current_activity_not_assessed
663,RJ195,Nims School of Humanities and Social Sciences,"Nims School of Humanities and Social Sciences, Nims | University Rajasthan | Jaipur NH 11-C, Jaipur Delhi Highway, Jaipur Rajasthan- | 303121",Rajasthan,70,305.87,listed_in_2026-02-04_register; current_activity_not_assessed
664,RJ196,M.B.M. University Jodhpur,"M.B.M. University | Jodhpur, Rajasthan – 342011",Rajasthan,70,374.99,listed_in_2026-02-04_register; current_activity_not_assessed
665,RJ197,Kavya Shiksha Evam Vikas Seva Sansthan 132 KV,"Kavya Shiksha Evam Vikas Seva Sansthan | 132 KV, GSS Colony, Karauli, Rajasthan- 322241",Rajasthan,70,413.75,listed_in_2026-02-04_register; current_activity_not_assessed
666,RJ198,Aadhar Special B.Ed.College (Run by Bharti Vidya Mandir,"Aadhar Special B.Ed.College | (Run by Bharti Vidya Mandir, Samiti) Jaipur road, Chomu, | District – Jaipur, Rajasthan – 303702",Rajasthan,70,451.43,listed_in_2026-02-04_register; current_activity_not_assessed
667,RJ199,Sarswati Babu-Divyang Shikshan Sansthan (Run by New Rajasthan Welfare Society) Beeenjhbayala,"Sarswati Babu-Divyang Shikshan Sansthan | (Run by New Rajasthan Welfare Society) Beeenjhbayala, | VPO – Beenjhbalaya, Tehsil – Padampur, Sri Ganganagar, | Rajasthan – 335041",Rajasthan,70,495.95,listed_in_2026-02-04_register; current_activity_not_assessed
668,RJ200,Pacific Medical College and Hospital (Affiliated to pacific Medical University) Bhilon ka bedla,"Pacific Medical College and Hospital (Affiliated to pacific | Medical University) Bhilon ka bedla, Amberi NH- 27, | Udaipur, Rajasthan – 313024",Rajasthan,70,554.63,listed_in_2026-02-04_register; current_activity_not_assessed
669,RJ201,Shri Dev Special Teacher Training Center (Run by Kala Bal Mandir Shikshan Sansthan) Deogarh,"Shri Dev Special Teacher Training Center (Run by Kala Bal | Mandir Shikshan Sansthan) Deogarh, Rajsamand, Rajsthan- | 313331",Rajasthan,70,598.07,listed_in_2026-02-04_register; current_activity_not_assessed
670,RJ202,Samarpan Special Institute (Run by Ayoush Sansthan Chasku) Usmanpura NH-12,"Samarpan Special Institute | (Run by Ayoush Sansthan Chasku) Usmanpura NH-12, Tonk, | Rajasthan-304001",Rajasthan,70,638.87,listed_in_2026-02-04_register; current_activity_not_assessed
671,RJ203,Sankalp Special Institute (Run by Priyanshu Shiksha Samiti) Newai Tonk,"Sankalp Special Institute | (Run by Priyanshu Shiksha Samiti) Newai | Tonk, Rajasthan-143030",Rajasthan,70,681.23,listed_in_2026-02-04_register; current_activity_not_assessed
672,RJ204,Mahaveer Special Teacher Training Educaiton Institute,"Mahaveer Special Teacher Training Educaiton Institute, | (Run by Mahaveer Bal Shiksha Avam Vikas Samiti) | Syalawas, Sikandra Road, Bandikui, Th. Bandikui Dist- | Dausa, Rajasthan – 300331",Rajasthan,70,728.39,listed_in_2026-02-04_register; current_activity_not_assessed
673,RJ205,Sangam Special Institute Peeplu,Sangam Special Institute Peeplu | (Run by Shri Devnarayan Shiksha Samiti) Tonk Rajasthan –,Rajasthan,70,796.43,listed_in_2026-02-04_register; current_activity_not_assessed
674,RJ206,Shri Dev Special Teacher Training Center (Run by Adarsh Vidhya Mandir Sansthan) Shahpura,"Shri Dev Special Teacher Training Center (Run by Adarsh | Vidhya Mandir Sansthan) Shahpura, Bhilwara, Rajasthan- | 313331",Rajasthan,71,112.67,listed_in_2026-02-04_register; current_activity_not_assessed
675,RJ207,Shri Devnarayan Special Teacher Training Center (Run by Shri Ishom shiksha Samiti Sansthan),"Shri Devnarayan Special Teacher Training Center (Run by | Shri Ishom shiksha Samiti Sansthan), | Gulabpura, Hurda Bhilwara, Rajasthan",Rajasthan,71,155.03,listed_in_2026-02-04_register; current_activity_not_assessed
676,RJ208,Sanskaar Special Education College (Shiv Seva Samiti) Peeplu,"Sanskaar Special Education College | (Shiv Seva Samiti) Peeplu, hospital to Nayagaon Road, Peelu | District- Tonk, Rajasthan-304801",Rajasthan,71,202.19,listed_in_2026-02-04_register; current_activity_not_assessed
677,RJ209,Shri Dev Special Teacher Training Center Raithan Shiksha & Career Samiti) Asind,"Shri Dev Special Teacher Training Center | Raithan Shiksha & Career Samiti) Asind, Bhilwara, Rajasthan",Rajasthan,71,249.35,listed_in_2026-02-04_register; current_activity_not_assessed
678,RJ210,Adarsh Gyanodaya Special Education Teacher Training Center (adarsh Gyanoday Vikash Samiti),"Adarsh Gyanodaya Special Education Teacher Training | Center (adarsh Gyanoday Vikash Samiti), | Pathwari Marg, Satation Road, Ladnun Nagaur Rajasthan- | 304001",Rajasthan,71,289.67,listed_in_2026-02-04_register; current_activity_not_assessed
679,RJ211,S.V. College of Special Education (Run by Saneshwaram Manav Seva Samiti,"S.V. College of Special Education (Run by Saneshwaram | Manav Seva Samiti, | Khangri road, Sumerpur, Dist-Pali, Rajasthan",Rajasthan,71,341.03,listed_in_2026-02-04_register; current_activity_not_assessed
680,RJ212,Ayushmaan Institute of Special Teacher Training Tonk Road,"Ayushmaan Institute of Special Teacher Training | Tonk Road, Jaipur, Rajasthan",Rajasthan,71,382.91,listed_in_2026-02-04_register; current_activity_not_assessed
681,RJ213,Murli Singh Yadav Memorial Divyang STC College,"Murli Singh Yadav Memorial Divyang | STC College, Udairamsa, Bikaner, Rajasthan",Rajasthan,71,424.19,listed_in_2026-02-04_register; current_activity_not_assessed
682,RJ214,Shyam Sarovar College of Education Run by Sent Johns English Academy Society) Nadbai,"Shyam Sarovar College of Education | Run by Sent Johns English Academy Society) Nadbai, District | – Bharatpur, Rajasthan",Rajasthan,71,473.39,listed_in_2026-02-04_register; current_activity_not_assessed
683,RJ215,Composite Regional Centre for Skill Development,"Composite Regional Centre for Skill Development, | Rehabilitation & Empowerment of Persons with | Disabilities (Divyangjan)- Jaipur, Under the | Administrative control of PDUNIPPD New Delhi, DEPwD | (Divyangjan), M/oSJE, Govt. of India | Samajik Nyay Sankul, Jamdoli, Near ICFAI University, Jaipur - | 302031",Rajasthan,71,517.31,listed_in_2026-02-04_register; current_activity_not_assessed
684,RJ216,Tantia University Sri Ganganagar,"Tantia University | Sri Ganganagar, Rajsthan -335002 | Department of Audiology and Speech Language Pathology, | Tantia University, | Hanumangarh Road, RIICO, Sri Gaganagar Rajasthan - | 335002",Rajasthan,71,608.99,listed_in_2026-02-04_register; current_activity_not_assessed
685,RJ217,Saraswati Teacher Training College,"Saraswati Teacher Training College, | Sardarshahar, Churu, Rajasthan – 331403",Rajasthan,71,678.59,listed_in_2026-02-04_register; current_activity_not_assessed
686,RJ218,Shiv Vidya Mandir Near Near Sindhi Mohala,"Shiv Vidya Mandir Near | Near Sindhi Mohala, Shri Vijaynagar Anupgarh, Ganganagar, | Rajasthan – 335704",Rajasthan,71,714.23,listed_in_2026-02-04_register; current_activity_not_assessed
687,RJ219,Tagore Public Isitep College Plot No. 06,"Tagore Public Isitep College | Plot No. 06, Abohar By-Pass Road Hanumangarh Junction, | Hanumangarh, Rajasthan-335512",Rajasthan,71,757.19,listed_in_2026-02-04_register; current_activity_not_assessed
688,RJ220,M.B.D. Memorial College Tilak Nagar,"M.B.D. Memorial College | Tilak Nagar, Bikaner Rajasthan-334001",Rajasthan,72,81.23,listed_in_2026-02-04_register; current_activity_not_assessed
689,RJ221,Nehru Special Teacher Training College Churu Rajasthan Babosa Murti Ke Pass Near Career College,"Nehru Special Teacher Training College Churu Rajasthan | Babosa Murti Ke Pass Near Career College, Churu, | Rajasthan – 331001",Rajasthan,72,112.67,listed_in_2026-02-04_register; current_activity_not_assessed
690,RJ222,Bhagwani Devi Divyang Isitep College Karni Coach Udairamsar,"Bhagwani Devi Divyang Isitep College Karni Coach | Udairamsar, Bikaner, Rajasthan- 334402",Rajasthan,72,160.79,listed_in_2026-02-04_register; current_activity_not_assessed
691,RJ223,New Indian Special Teacher Training College VPO- Dundpd,"New Indian Special Teacher Training College | VPO- Dundpd, Teh- Nawalgarh, | Dist- Jhunjhunu, Rajasthan – 333702",Rajasthan,72,200.03,listed_in_2026-02-04_register; current_activity_not_assessed
692,RJ224,Deep Foundation and Special T.T. College Jodhpur 124 Ashapurna Nagar Opp. D.P.S. Pal Road,"Deep Foundation and Special | T.T. College Jodhpur 124 Ashapurna Nagar Opp. D.P.S. Pal | Road, Jodhpur Rajasthan – 342010 | Mobi. No.",Rajasthan,72,241.43,listed_in_2026-02-04_register; current_activity_not_assessed
693,RJ225,KISHAN JAN KALYAN SHIKSHAN SANSTHAN,"KISHAN JAN KALYAN SHIKSHAN SANSTHAN, | NAHAR ROAD PAOTA TEH.- PAOTA DISTT.-KOTPUTLI- | BEHROR RAJ. 303106, JAIPUR, RAJASTHAN-303106",Rajasthan,72,286.43,listed_in_2026-02-04_register; current_activity_not_assessed
694,RJ226,S.S SPECIAL TEACHER TRAINING COLLEGE,"S.S SPECIAL TEACHER TRAINING COLLEGE, Baldev | Nagar Barmer, BARMER, RAJASTHAN-344001",Rajasthan,72,338.87,listed_in_2026-02-04_register; current_activity_not_assessed
695,RJ227,SHEKHAWATI SHIKSHAN SANSTHAN DIVYANG ISITEP COLLEGE TEHANDESAR BIDASAR,"SHEKHAWATI SHIKSHAN SANSTHAN DIVYANG ISITEP | COLLEGE | TEHANDESAR BIDASAR, SH. 20 ,NOKHA ROAD | TEHANDESAR, AIDANPURA, GRAM - TEHANDESAR , | TEHASIL- BIDASAR, CHURU, RAJASTHAN-331517",Rajasthan,72,382.79,listed_in_2026-02-04_register; current_activity_not_assessed
696,RJ228,Sharda Special Education College Peeplu,"Sharda Special Education College | Peeplu, vpt peeplu dist tonk rajasthan 304801, TONK, | RAJASTHAN-304801",Rajasthan,72,443.39,listed_in_2026-02-04_register; current_activity_not_assessed
697,RJ229,MARUBHUMI TEACHER TRAINING COLLEGE,"MARUBHUMI TEACHER TRAINING COLLEGE, | Sardarshahar , Churu, Rajasthan, CHURU, RAJASTHAN- | 331403",Rajasthan,72,485.27,listed_in_2026-02-04_register; current_activity_not_assessed
698,RJ230,Dhattarwal College of Education,"Dhattarwal College of Education, | VPO-Lamba Via Bagar, JHUNJHUNU, RAJASTHAN-333023",Rajasthan,72,527.15,listed_in_2026-02-04_register; current_activity_not_assessed
699,RJ231,Health Welfare Sansthan,"Health Welfare Sansthan, | boranada doli road jodhpur, JODHPUR, RAJASTHAN- | 342001",Rajasthan,72,569.03,listed_in_2026-02-04_register; current_activity_not_assessed
700,RJ232,SARSWATI SPECIAL TEACHER TRANING COLLEGE JHALRAPATAN,"SARSWATI SPECIAL TEACHER TRANING COLLEGE | JHALRAPATAN, IMLI GATE JHALRAPATAN JHALAWAR, | JHALAWAR, RAJASTHAN-326023",Rajasthan,72,610.91,listed_in_2026-02-04_register; current_activity_not_assessed
701,RJ233,KESHAV SPECIAL TEACHER TRAINING CENTER,"KESHAV SPECIAL TEACHER TRAINING CENTER, | RAMNAGARIYA JAGATPURA, JAIPUR, RAJASTHAN- | 302012",Rajasthan,72,652.79,listed_in_2026-02-04_register; current_activity_not_assessed
702,RJ234,Society for Education for Differently Abled -SEDA,"Society for Education for Differently Abled -SEDA, | 346/25, OTC Scheme, UDAIPUR, RAJASTHAN-313001",Rajasthan,72,694.67,listed_in_2026-02-04_register; current_activity_not_assessed
703,RJ235,NARAYAN JAN KALYAN SEWA SANSTHAN,"NARAYAN JAN KALYAN SEWA SANSTHAN, | GRAM NAHARIYA KA BAS , CHAKSU JAIPUR, JAIPUR, | RAJASTHAN-303903",Rajasthan,72,744.35,listed_in_2026-02-04_register; current_activity_not_assessed
704,RJ236,SHREE KRISHNA SPECIAL COLLEGE DEH,"SHREE KRISHNA SPECIAL COLLEGE DEH, | Kunjal Mata Mandir K Pass Deh, | NAGAUR, RAJASTHAN-341022",Rajasthan,73,81.23,listed_in_2026-02-04_register; current_activity_not_assessed
705,RJ237,JAI MINESH ADIVASI UNIVERSITY (All India Shree Meena Social and Educational Society) In front of IIIT,"JAI MINESH ADIVASI UNIVERSITY | (All India Shree Meena Social and Educational Society) | In front of IIIT, Ranpur, | KOTA, RAJASTHAN-325003",Rajasthan,73,130.91,listed_in_2026-02-04_register; current_activity_not_assessed
706,RJ238,SHAKTI SARASWATI SPECIAL TEACHER TRAINING COLLEGE (run by Adarsh Vidyaniketan Sansthan) Training College Sardarshahar,"SHAKTI SARASWATI SPECIAL TEACHER TRAINING | COLLEGE | (run by Adarsh Vidyaniketan Sansthan) | Training College Sardarshahar, | Churu, Rajasthan-331403",Rajasthan,73,275.51,listed_in_2026-02-04_register; current_activity_not_assessed
707,RJ239,SUBODH SIKSHAN SANSTHAN Special ISITEP College KANUTA,"SUBODH SIKSHAN SANSTHAN Special ISITEP College | KANUTA, CHURU, RAJASTHAN - 331507",Rajasthan,73,336.23,listed_in_2026-02-04_register; current_activity_not_assessed
708,RJ240,GRAMOTTHAN SPECIAL TEACHER TRAINING COLLEGE,"GRAMOTTHAN SPECIAL TEACHER TRAINING COLLEGE, | PARIHARA, CHURU, POWER HOUSE KE PASS, MEGA | HIGHWAY, VPO - PARIHARA, | TEH. - RATANGARH, DIST. -CHURU, RAJASTHAN-331505",Rajasthan,73,393.23,listed_in_2026-02-04_register; current_activity_not_assessed
709,RJ241,K D SPECIAL EDUCATION COLLEGE,"K D SPECIAL EDUCATION COLLEGE, | (run by DREAM BOAT SOCIETY ( SHAHIBA IRFAN HASINI | FOUNDATION)) | C SCHEME NERA K D COLLEGE CHAKSU JAIPUR, | JAIPUR, RAJASTHAN-303901",Rajasthan,73,463.19,listed_in_2026-02-04_register; current_activity_not_assessed
710,SK001,Sikkim Alpine University,"Sikkim Alpine University, | South Sikkim, Sikkim-737126",Sikkim,73,537.83,listed_in_2026-02-04_register; current_activity_not_assessed
711,SK002,Composite Regional Centre for Skill Development,"Composite Regional Centre for Skill Development, | Rehabilitation & Empowerment of Persons with | Disabilities (CRC-Sikkim), Under the administrative | control of NILD, Kolkata), DEPwD (Divyangjan), MSJ&E | Govt. of India | Assam Lingzey, P.S. Pakyong, Sikkim – 737135",Sikkim,73,582.23,listed_in_2026-02-04_register; current_activity_not_assessed
712,SK003,Medhavi Skill University (Sikkim) Topakhani,"Medhavi Skill University (Sikkim) | Topakhani, Lower Chisopani, PO- Singtam Bazar, Gantok | Sikkim – 737134",Sikkim,73,652.91,listed_in_2026-02-04_register; current_activity_not_assessed
713,SK004,Pannadhay University,"Pannadhay University, | Department of Special Education | Salghari Zoom, Gangtok, Sikkim – 737126",Sikkim,73,687.35,listed_in_2026-02-04_register; current_activity_not_assessed
714,TN001,SCHIEFFELIN INSTITUTE OF HEALTH RESEARCH AND LEPROSY CENTRE,"SCHIEFFELIN INSTITUTE OF HEALTH RESEARCH AND | LEPROSY CENTRE, | SLRS P.O. KARIGIRI, VELLORE, TAMIL NADU-632106",Tamil Nadu,73,735.59,listed_in_2026-02-04_register; current_activity_not_assessed
715,TN002,Faculty of Disability Management and Special Education,"Faculty of Disability Management and Special Education, | Ramakrishna Mission Vivekananda University (RKMVU), | SRKV Post, IHRDC Campus, Ramakrishna Mission",Tamil Nadu,73,785.75,listed_in_2026-02-04_register; current_activity_not_assessed
716,TN004,The Clarke School for the Deaf,"The Clarke School for the Deaf, “Sadhna”, No.3, | 3rd Street, Dr. Radhakrishna Road, Mylapore, | Chennai – 600004",Tamil Nadu,74,716.87,listed_in_2026-02-04_register; current_activity_not_assessed
717,TN006,Spastic Society of Tamil Nadu,"Spastic Society of Tamil Nadu, | Opp. T.T.T.I., Taramani Road, Chennai – 600 113",Tamil Nadu,74,781.31,listed_in_2026-02-04_register; current_activity_not_assessed
718,TN008,Bala Vihar Training School,"Bala Vihar Training School, | Halls Road, Kilpauk Garden, Chennai – 10",Tamil Nadu,75,125.63,listed_in_2026-02-04_register; current_activity_not_assessed
719,TN011,S.B.T. College of Special Education Anbagam extension,"S.B.T. College of Special Education | Anbagam extension, Dr. M.A. Thangaraj Compound, D.R.O. | Colony, Madurai, Tamilnadu – 625007",Tamil Nadu,75,185.75,listed_in_2026-02-04_register; current_activity_not_assessed
720,TN012,Holy Cross College,"Holy Cross College, | Department of Rehabilitation Science & Special Education, | Teppakulam Post, Tiruchirapalli, Tamilnadu – 620002",Tamil Nadu,75,308.03,listed_in_2026-02-04_register; current_activity_not_assessed
721,TN013,Christian Medical College,"Christian Medical College, (CMC) | P.O. Thorapudi, Bagayam, | District – Vellore, Tamilnadu – 632002",Tamil Nadu,75,515.03,listed_in_2026-02-04_register; current_activity_not_assessed
722,TN014,Avinashlingam Institute for Home Science & Higher Education for Women,"Avinashlingam Institute for Home Science & Higher | Education for Women, | Faculty of Education, Department of Special Education, | Campus 2, Veerapalyen, Coimbatore-641 043",Tamil Nadu,75,627.35,listed_in_2026-02-04_register; current_activity_not_assessed
723,TN015,Sri Ramachandra Institute of Higher Educaiton and Research (Deemed to be University) Dept. of Clinical Psychology,"Sri Ramachandra Institute of Higher Educaiton and | Research (Deemed to be University) | Dept. of Clinical Psychology, Sri Ramchandra Faculty of | Behavioural and Social Sciences, Sri Ramchandra Institue of | Higher Educaiton and Research (Deemed University), | Porur,Chennai – 600 116",Tamil Nadu,76,163.91,listed_in_2026-02-04_register; current_activity_not_assessed
724,TN017,Bala Vidyalaya Institute for Teachers Training,"Bala Vidyalaya Institute for Teachers Training , 18, 1st | Cross Street, Shastri Nagar, Chennai- 600020",Tamil Nadu,76,348.95,listed_in_2026-02-04_register; current_activity_not_assessed
725,TN018,Vijay Human Services,"Vijay Human Services, #4, Lakshmipuram, 3rd Street, | Royapettah, Chennai-14",Tamil Nadu,76,391.31,listed_in_2026-02-04_register; current_activity_not_assessed
726,TN020,N.K.T National College of Education for Women,"N.K.T National College of Education for Women, | 21, Dr. Besant Road, Triplicane, Madras – 600 005 | /",Tamil Nadu,76,435.71,listed_in_2026-02-04_register; current_activity_not_assessed
727,TN021,Mrs. Ann Fischer Memorial Training Institute for Special Education,"Mrs. Ann Fischer Memorial Training Institute for Special | Education, (A Unit of Ecomwel | Orthopaedic Centre), 5.5/44.1, Ecomwel Campus, Near R.C. | Church, Tharamangalam P.O. Salem, Dist. – 636502 P.O., | Salem Dist-636 502, | Tamilnadu /",Tamil Nadu,76,495.83,listed_in_2026-02-04_register; current_activity_not_assessed
728,TN023,National Institute for Empowerment of Persons with Multiple Disabilities,"National Institute for Empowerment of Persons with | Multiple Disabilities, | East Coast, Muttukadu, Kancheepuram Dist., Kovalam Post, | Tamilnadu – 603112.",Tamil Nadu,76,578.51,listed_in_2026-02-04_register; current_activity_not_assessed
729,TN024,Vidya Sagar (Formerly,"Vidya Sagar (Formerly, The Spastic Society of | India, Chennai) | No. 1 Ranjith Road, Kotturpuram | Chennai – 600085/",Tamil Nadu,77,393.71,listed_in_2026-02-04_register; current_activity_not_assessed
730,TN025,National Institute for the Visually Handicapped,"National Institute for the Visually Handicapped, Regional | Centre, 522, Trunk Road, Poonamallee, Chennai – 600056",Tamil Nadu,77,461.15,listed_in_2026-02-04_register; current_activity_not_assessed
731,TN027,SRM Medical College Hospital & Research Centre,"SRM Medical College Hospital & Research Centre, SRM | Deemed University, SRM Nagar, Potheri, Kattankulathur Post, | Chengalpattu Dist., Tamilnadu-603 203",Tamil Nadu,77,554.75,listed_in_2026-02-04_register; current_activity_not_assessed
732,TN028,Indira Gandhi College of Special Education (Mary Kanagam Memorial Educational Trust) Holy Cross Campus,"Indira Gandhi College of Special Education (Mary | Kanagam Memorial Educational Trust) Holy Cross Campus, | Thadagam Road Kanuvai, Coimbatore, Tamilnadu -641108.",Tamil Nadu,77,738.11,listed_in_2026-02-04_register; current_activity_not_assessed
733,TN032,Madras ENT Research Foundation Charitable Trust MERF Institute of Speech & Hearing (A Unit of Madras ENT Research Foundation (P). Ltd.),"Madras ENT Research Foundation Charitable Trust MERF | Institute of Speech & Hearing (A Unit of Madras ENT | Research Foundation (P). Ltd.)No. 1, 1st Cross Street, Off II | Main Road, Raja Annamalaipuram, Chennai – 600028",Tamil Nadu,78,81.23,listed_in_2026-02-04_register; current_activity_not_assessed
734,TN037,School of prosthetics & Orthotics,"School of prosthetics & Orthotics, Govt. Institute of | Rehabilitation Medicine, | K.K. Nagar, Chennai – 600083",Tamil Nadu,78,210.35,listed_in_2026-02-04_register; current_activity_not_assessed
735,TN038,C.S.I. Balar Gnana,"C.S.I. Balar Gnana, | Illam Hasthampatty, Salem – 636007",Tamil Nadu,78,303.95,listed_in_2026-02-04_register; current_activity_not_assessed
736,TN042,CSI College of Education,"CSI College of Education, CSI Institutional Campus, | Pasumalai, Madurai – 625004, Tamilnadu, India",Tamil Nadu,78,355.19,listed_in_2026-02-04_register; current_activity_not_assessed
737,TN043,Kalaslingam University (Kalaslingam Academy of Research & Education),"Kalaslingam University (Kalaslingam Academy of | Research & Education), Anand Nagar, Krishnakoli – | 626126, Srivilliputhur(Via), Virudhunagar, Tamilnadu /",Tamil Nadu,78,399.71,listed_in_2026-02-04_register; current_activity_not_assessed
738,TN044,The Spastic Society of Tiruchirapalli No 5 Revival Nagar Ramalinga Nagar South Extension Vayalur Road Tiruchirapalli Tamil Nadu,The Spastic Society of Tiruchirapalli | No 5 Revival Nagar Ramalinga Nagar South | Extension Vayalur Road Tiruchirapalli Tamil Nadu,Tamil Nadu,78,460.43,listed_in_2026-02-04_register; current_activity_not_assessed
739,TN045,Alagappa University,"Alagappa University, | Alagappapuram, | Karaikudi – 630003 Tamilnadu",Tamil Nadu,78,511.67,listed_in_2026-02-04_register; current_activity_not_assessed
740,TN046,Department of Education,"Department of Education, | Mother Teresa Woman’s University, Kodaikanal Dindigul | District, Tamilnadu – 624101",Tamil Nadu,78,614.15,listed_in_2026-02-04_register; current_activity_not_assessed
741,TN047,Paul institute of Special Teacher Training Athiyanthal Village perumbakkam Road,"Paul institute of Special Teacher Training Athiyanthal | Village perumbakkam Road, Tiruvannamalai, Tamilnadu – | 606603",Tamil Nadu,78,729.71,listed_in_2026-02-04_register; current_activity_not_assessed
742,TN048,Ishwar Institute of Prosthetics & Orthotics,"Ishwar Institute of Prosthetics & Orthotics, AA 23, 3rd Street, | 3rd Main Road, Anna Nagar",Tamil Nadu,78,789.83,listed_in_2026-02-04_register; current_activity_not_assessed
743,TN049,Madhuram Narayanan Centre for Exceptional Children,"Madhuram Narayanan Centre for Exceptional Children, | No. 18, Prakasham Street, T. Nagar, Chennai – 600017 /",Tamil Nadu,79,114.71,listed_in_2026-02-04_register; current_activity_not_assessed
744,TN050,Amar Seva Sangam,"Amar Seva Sangam, Sulochana Gardens, | 7-4-104B Tenkasi Road, Ayikudy – 627852 Tirunelveli Dist. | Tamilnadu",Tamil Nadu,79,165.95,listed_in_2026-02-04_register; current_activity_not_assessed
745,TN052,Madras Medical College/Government General Hospital,"Madras Medical College/Government General Hospital, | E.V.R. Periayr Salai, Chennai – 600003 Tamilnadu /",Tamil Nadu,79,236.99,listed_in_2026-02-04_register; current_activity_not_assessed
746,TN053,Dr. MGR Institute of Special Education and Research,"Dr. MGR Institute of Special Education and Research, Dr. | MGR Home & Higher Secondary School for the Speech & | Hearing Impaired, MGR Garden Ramavaram, Chennai – | 600089",Tamil Nadu,79,286.19,listed_in_2026-02-04_register; current_activity_not_assessed
747,TN055,"NETHRODAYA, No. 47/1","NETHRODAYA, | No. 47/1, Phase-II, Nolambur, Magappair West, Chennai- | 600037, Tamilnadu",Tamil Nadu,79,355.79,listed_in_2026-02-04_register; current_activity_not_assessed
748,TN056,Institute Of Mental Health,"Institute Of Mental Health, | Medavakkam Tank Road , Kilpauk, Chennai, Tamilnadu – | 600010.",Tamil Nadu,79,405.95,listed_in_2026-02-04_register; current_activity_not_assessed
749,TN057,National Institute For Empowerment of Persons with Multiple Disabilities,"National Institute For Empowerment of Persons with | Multiple Disabilities, Extension Centre, C/o Ryhthem Social | Society for Women Nirmala College Campus, Redfield | Coimbatore, Tamil Nadu-6041018",Tamil Nadu,79,456.71,listed_in_2026-02-04_register; current_activity_not_assessed
750,TN058,Noorul Islam Centre for Higher Education Kumaracoil,"Noorul Islam Centre for Higher Education | Kumaracoil, Thuckalay, Kanyakumari, | Tamil Nadu – 629180",Tamil Nadu,79,520.55,listed_in_2026-02-04_register; current_activity_not_assessed
751,TN059,Saveetha Institute of Medical and Technical Sciences (Deemed to be University) No.162,"Saveetha Institute of Medical and Technical Sciences | (Deemed to be University) | No.162, Poonamalle High Road, Velappanchavadi, District- | Chennai, Tamilnadu- 600007",Tamil Nadu,79,592.79,listed_in_2026-02-04_register; current_activity_not_assessed
752,TN060,"SANKALP, The Learning Centre & Special Needs School","SANKALP, The Learning Centre & Special Needs School, | #88 Thiruvalluvar Street, Kolappancheri, Poonamallee – | Pattabiram Road, Chennai, Tamilnadu-600072",Tamil Nadu,79,642.95,listed_in_2026-02-04_register; current_activity_not_assessed
753,TN061,Composite Regional Centre for Skill Development,"Composite Regional Centre for Skill Development, | Rehabilitation & Empowerment of Persons with | Disabilities (CRC-Madurai) Under the administrative | control of National Institute for Empowerment of Persons | with Multiple Disabilities (NIEPMD) (Divyangjan) TNHB, | Villapuaram, Subramaniapuram Post, Madurai – 625011",Tamil Nadu,79,696.83,listed_in_2026-02-04_register; current_activity_not_assessed
754,TN062,Sree Balaji Medical College and Hospital(SBMCH),"Sree Balaji Medical College and Hospital(SBMCH), | No. 7 Works Roads, Chromepet, Chengalpattu, Chennai, | Tamil Nadu-600044",Tamil Nadu,80,81.23,listed_in_2026-02-04_register; current_activity_not_assessed
755,TN063,Nava Jyothi Trust 40,"Nava Jyothi Trust | 40, Menambedu Road, SIDCO, Industrial Estate Ambattur, | Chennai – 600098",Tamil Nadu,80,134.63,listed_in_2026-02-04_register; current_activity_not_assessed
756,TN064,Maanavoo Special School and Rehabilitation Center,"Maanavoo Special School and Rehabilitation Center, | No.1,vadamalaigoundanur, Attur, | KARUR, TAMIL NADU-639008",Tamil Nadu,80,178.55,listed_in_2026-02-04_register; current_activity_not_assessed
757,TL001,Thakur Hari Prasad Institute of Research & Rehabilitation for the Mentally Handicapped,"Thakur Hari Prasad Institute of Research & | Rehabilitation for the Mentally Handicapped, Vivekananda | Nagar, Dilsukhnagar, Hyderabad, Telangana – 500060",Telangana,80,241.31,listed_in_2026-02-04_register; current_activity_not_assessed
758,TL002,National Institute for the Empowerment of Persons with Intellectual disabilities,"National Institute for the Empowerment of Persons with | Intellectual disabilities, Manovikas Nagar, P.O. Bowenpally, | Secunderabad, Telangana – 500009",Telangana,80,483.83,listed_in_2026-02-04_register; current_activity_not_assessed
759,TL003,Sweekar Academy of Rehabilitation Sciences,"Sweekar Academy of Rehabilitation Sciences, Upkaar | Complex, Upkaar Circle, Picket, Secunderabad, Telangana | – 500 003",Telangana,81,81.23,listed_in_2026-02-04_register; current_activity_not_assessed
760,TL004,Helen Keller’s Institute of Research and Rehabilitation for the Disabled Children,"Helen Keller’s Institute of Research and | Rehabilitation for the Disabled Children, | Bank Colony, Ramakrishnapuram, Secunderabad, Telangana | – 500056 /",Telangana,81,540.59,listed_in_2026-02-04_register; current_activity_not_assessed
761,TL005,Training Centre for Teachers of the Visually Handicapped,"Training Centre for Teachers of the Visually | Handicapped, | H. No.10-3-60, Nehru Nagar, | East Maredpally, Campus of Govt. Institute of",Telangana,81,656.03,listed_in_2026-02-04_register; current_activity_not_assessed
762,TL006,Ali Yavar Jung National Institute of Speech and Hearing Disabilities (Divyangjan),"Ali Yavar Jung National Institute of Speech and Hearing | Disabilities (Divyangjan) , Southern Regional Centre | (SRC), | National Institute for the Mentally Handicapped Campus, | Manovikas Nagar, P.O. Bowenpally, Secunderabad, | Telangana – 500009",Telangana,81,725.03,listed_in_2026-02-04_register; current_activity_not_assessed
763,TL007,Andhra Mahila Sabha College of Teachers Education,"Andhra Mahila Sabha College of Teachers Education, | Durgabai Deshmukh Academic Campus, Osmania University | Road, Hyderabad, Telangana -500007 /",Telangana,82,241.07,listed_in_2026-02-04_register; current_activity_not_assessed
764,TL008,"Swayamkrushi, Survey No. 687","Swayamkrushi, | Survey No. 687, 688, Jawahar Nagar, Villl- Chenapuri Yapral, | Telangana",Telangana,82,298.07,listed_in_2026-02-04_register; current_activity_not_assessed
765,TL009,Durgabai Deshmukh Vocational Training and Rehabilitation Centre for Handicapped,"Durgabai Deshmukh Vocational Training and | Rehabilitation Centre for Handicapped, Andhra Mahila | Sabha, Osmania university Road, Vidyanagar, Hyderabad, | Telangana – 500044",Telangana,82,380.75,listed_in_2026-02-04_register; current_activity_not_assessed
766,TL010,Child Guidance Centre,"Child Guidance Centre, | Post Box No.2, H.No.:7-6/2 Santosh Sadan, Ganesh Nagar, | Uppal Depot, Peerzadiguda Village, | District – Hyderabad, Telangana – 500039",Telangana,82,513.59,listed_in_2026-02-04_register; current_activity_not_assessed
767,TL013,Sannidhi Center for Life Skills (A Unit of Shankar Foundation),"Sannidhi Center for Life Skills (A Unit of Shankar | Foundation), Survey No. 295, Gandiceruvu Village Road, | Koheda (Village), Hayath Nagar (Mandal), Rangareddy | (Dist.), Hyderabad, Telangana",Telangana,82,597.23,listed_in_2026-02-04_register; current_activity_not_assessed
768,TL014,DAWN College of Special Education,"DAWN College of Special Education, (Deaf & Hard of | Hearing), Vempadu (Village), Nidamanoor (Mandal), | Nalgonda (District), Telangana – 508278/",Telangana,82,644.87,listed_in_2026-02-04_register; current_activity_not_assessed
769,TL015,"Ashray Akruti, 8-3-1027/A2","Ashray Akruti, | 8-3-1027/A2, Lane Opposite to Indian Bank, Srinagar | Colonyy, Hyderabad, Telangana – 500073",Telangana,82,703.91,listed_in_2026-02-04_register; current_activity_not_assessed
770,TL019,Padmanayaka College of Special Education,"Padmanayaka College of Special Education, | PLOT No.11 & 12, Part 131/P, Mangalpally Village, Adipatla | Municipality,Ibrahimpatnam (M) | Rangareddy Dist, Hyderabad 501510, Telangana",Telangana,82,766.07,listed_in_2026-02-04_register; current_activity_not_assessed
771,TL021,Balavikas Education Society for the Disabled Children,"Balavikas Education Society for the Disabled Children, | H.No. 3-2-29, Bagh Ameer, Kukatpally, Hyderabad, | Telangana – 500072",Telangana,83,107.87,listed_in_2026-02-04_register; current_activity_not_assessed
772,TL022,Holy faith College Of Special Education (D.ED-Deaf & Hard Of Hearing),"Holy faith College Of Special Education | (D.ED-Deaf & Hard Of Hearing), D.No: 2-1-10/1, Old | Paloncha (Village & Post) Paloncha (Mandal), | Khamm(Dist.),Telangana – 507115",Telangana,83,149.15,listed_in_2026-02-04_register; current_activity_not_assessed
773,TL023,Maa Institute of Speech & Hearing,"Maa Institute of Speech & Hearing, Maa Research | Foundation, | H.No. 8-2-293/82/A/2166, Road No. 36, Hills, | District- Hyderabad, Telangana-500033",Telangana,83,197.87,listed_in_2026-02-04_register; current_activity_not_assessed
774,TL024,Sahara Institute for Rehabiltiation & Developmental Studies (IRRS) #12-86 Mig-42,"Sahara Institute for Rehabiltiation & Developmental | Studies (IRRS) | #12-86 Mig-42, Phase-2PR Pally, Sangareddy, | Telangana – 502001",Telangana,83,248.51,listed_in_2026-02-04_register; current_activity_not_assessed
775,TL025,Telangana College of Special Education (ID) Santosh Nagar,"Telangana College of Special Education (ID) Santosh | Nagar, Miryalaguda, Nalgonda, Telangana-508004",Telangana,83,310.67,listed_in_2026-02-04_register; current_activity_not_assessed
776,TL026,Deaf Enabled Foundation 2nd Floor 204 Navketan Campus S.D. Road,"Deaf Enabled Foundation | 2nd Floor 204 Navketan Campus | S.D. Road, Secunderabad Hyderabad, Telangana-500003",Telangana,83,353.63,listed_in_2026-02-04_register; current_activity_not_assessed
777,TR002,The Institute of Chartered Financial Analyst of India (ICFAI) University,"The Institute of Chartered Financial Analyst of India | (ICFAI) University, PO.Kamalghat, Sadar, Mohanpur, Tripura | (West) – 799210.",Tripura,83,404.27,listed_in_2026-02-04_register; current_activity_not_assessed
778,TR004,Composite Regional Centre for Skills Development,"Composite Regional Centre for Skills Development, | Rehabiliation & Empowerment for the Persons with | Disabilities, | Juremile Home Complex, Narsingarh, P.O. Bimangarh, | Agartala, Tripura-799015",Tripura,83,617.99,listed_in_2026-02-04_register; current_activity_not_assessed
779,UP001,JIMARS (Jyoti Institute of Medical & Rehabilitation Sciences) (Formerly known as Viklang Kendra) (Run by: Rotary Sponsored Crippled and Youth Welfare Society) Opposite Bharadwaj Ashram,"JIMARS (Jyoti Institute of Medical & Rehabilitation | Sciences) (Formerly known as Viklang Kendra) (Run by: | Rotary Sponsored Crippled and Youth Welfare Society) | Opposite Bharadwaj Ashram, Jawahar Lal Nehru Road, | Allahabad, Uttar Pradesh – 211 002",Uttar Pradesh,83,697.55,listed_in_2026-02-04_register; current_activity_not_assessed
780,UP002,U.P. Institute for the Hearing Handicapped,"U.P. Institute for the Hearing Handicapped , 4-7, Malviya | Road, George Town, Allahabad – 211 002",Uttar Pradesh,83,782.27,listed_in_2026-02-04_register; current_activity_not_assessed
781,UP004,Chetna (A Society of the Welfare of Handicapped),"Chetna | (A Society of the Welfare of Handicapped), | Sector – C, Aliganj, Lucknow, Uttar Pradesh – 226024",Uttar Pradesh,84,114.71,listed_in_2026-02-04_register; current_activity_not_assessed
782,UP005,Training College for Teachers of the Deaf,"Training College for Teachers of the Deaf, N. C. | Chaturvedi School for the Deaf, Aishbagh (Tilak Nagar), | Lucknow, Uttar Pradesh – 226004",Uttar Pradesh,84,219.23,listed_in_2026-02-04_register; current_activity_not_assessed
783,UP007,Nav Vani School for the Deaf,"Nav Vani School for the Deaf, Teachers Training Centre | Village Koirajpur, Harhua P.O Varanasi, Uttar Pradesh - | 221102 /",Uttar Pradesh,84,309.71,listed_in_2026-02-04_register; current_activity_not_assessed
784,UP008,Training Centre for the Teachers of the Visually handicapped,"Training Centre for the Teachers of the Visually | handicapped, Government Inter College for the Blind, | Mohaan Road, Lucknow, Uttar Pradesh.",Uttar Pradesh,84,354.11,listed_in_2026-02-04_register; current_activity_not_assessed
785,UP010,Banaras Hindu University,"Banaras Hindu University, | Faculty of Education, (BHU) Kamachha, Varanasi, Uttar | Pradesh – 221010",Uttar Pradesh,84,431.99,listed_in_2026-02-04_register; current_activity_not_assessed
786,UP011,Integrated Institute for the Disabled,"Integrated Institute for the Disabled, Karaundi B.H.U., | (Susuwahi) Varanasi, Uttar Pradesh – 221005",Uttar Pradesh,84,603.47,listed_in_2026-02-04_register; current_activity_not_assessed
787,UP014,Israji Devi Shikshan Sansthan’s Raj Shikshak Prashikshan Kendra,"Israji Devi Shikshan Sansthan’s Raj Shikshak | Prashikshan Kendra , | 23-B, Park Road, Allahabad. /",Uttar Pradesh,84,761.27,listed_in_2026-02-04_register; current_activity_not_assessed
788,UP015,Jagadguru Rambhadracharya Divyang University,"Jagadguru Rambhadracharya Divyang University, District – | Chitrakoot , | Uttar Pradesh – 210 204",Uttar Pradesh,85,90.11,listed_in_2026-02-04_register; current_activity_not_assessed
789,UP017,Amity Institute of Behavioural (Health) & Allied Sciences (AIBHAS),"Amity Institute of Behavioural (Health) & Allied Sciences | (AIBHAS), Amity University, Amity Campus, Sector -125, Plot | No. 4, Gautam Budh | Nagar, Noida-",Uttar Pradesh,85,215.15,listed_in_2026-02-04_register; current_activity_not_assessed
790,UP018,Institute of Mental Health and Hospital,"Institute of Mental Health and Hospital, Billochpura, Old | Mathura Road, Agra, Uttar Pradesh – 282002",Uttar Pradesh,85,367.79,listed_in_2026-02-04_register; current_activity_not_assessed
791,UP019,Composite Regional Rehabilitation Centre for Persons with Disability (Min. of S.J. & E. Govt. of India) Mohaan Road,"Composite Regional Rehabilitation Centre for Persons | with Disability (Min. of S.J. & E. Govt. of India) Mohaan | Road, Near G. B. Pant Polytechnic, Lucknow, Uttar Pradesh – | 226017",Uttar Pradesh,85,419.51,listed_in_2026-02-04_register; current_activity_not_assessed
792,UP020,Mata Kalawati College of Special Education,"Mata Kalawati College of Special Education, “Gramin | Viklang Vidhalay & Rehabilitation Centre” A Unit of | Purvanchal Khadi Gramoudyog Vikas Samiti, 407/258/A, New | Sohbatiyabagh, Allahabad, Uttar Pradesh – 211006",Uttar Pradesh,85,568.43,listed_in_2026-02-04_register; current_activity_not_assessed
793,UP023,Rachna Vishesh Vdyalaya (A Unit of Integrated Institute for the Disabled),"Rachna Vishesh Vdyalaya | (A Unit of Integrated Institute for the Disabled), Ishapur, | Sadar, Jaunpur, Uttar Pradesh – 222001",Uttar Pradesh,85,704.39,listed_in_2026-02-04_register; current_activity_not_assessed
794,UP024,SAMMAN (Branch of Integrated Institute for the Disabled),"SAMMAN (Branch of Integrated Institute for the Disabled), | Alinagar, Wrd No. 13, Mughalsarai, Chandauli, U.P.- 232101",Uttar Pradesh,86,90.11,listed_in_2026-02-04_register; current_activity_not_assessed
795,UP025,Shubhasheesh Shiksha Evam Vikas Sewa Sansthan,"Shubhasheesh Shiksha Evam Vikas Sewa Sansthan, | E-27, industrial Area, Site No.2, Shubhasheesh Amawan | Road, Rae Bareli, Uttar Pradesh – 229001",Uttar Pradesh,86,178.91,listed_in_2026-02-04_register; current_activity_not_assessed
796,UP027,Gramodyog Seva Sansthan,"Gramodyog Seva Sansthan, Musafirkhana – Sultanpur, U.P. | – 227813",Uttar Pradesh,86,283.43,listed_in_2026-02-04_register; current_activity_not_assessed
797,UP031,Maa Baliraji Sewa Sanstha,"Maa Baliraji Sewa Sanstha, | Vani Avam Shravan Usandhan Kendra Dhudh Nath railway | Crossing Vindhyachal Road Mirzapur, | U.P. – 231307",Uttar Pradesh,86,394.79,listed_in_2026-02-04_register; current_activity_not_assessed
798,UP032,Institute of Rehabilitation,"Institute of Rehabilitation, | Plot No. C – 9, Shalimar Garden Extn–II, Sahibabad, | Ghaziabad, Uttar Pradesh - 201005",Uttar Pradesh,86,702.11,listed_in_2026-02-04_register; current_activity_not_assessed
799,UP033,Jeevan Jyoti Institute for the Disabled (Jeevan Jyoti School for the Blind) Aktha,"Jeevan Jyoti Institute for the Disabled (Jeevan Jyoti | School for the Blind) Aktha, Samarth Post, Varanasi, Uttar | Pradesh – 221007",Uttar Pradesh,87,265.31,listed_in_2026-02-04_register; current_activity_not_assessed
800,UP034,Meerut Institute of Special Education (MISE) P.S. - 2 ‘H’ Pocket,"Meerut Institute of Special Education (MISE) | P.S. – 2 ‘H’ Pocket, Ganga Nagar (Mawana Road) Meerut | (U.P.) – 250 001",Uttar Pradesh,87,329.15,listed_in_2026-02-04_register; current_activity_not_assessed
801,UP035,Nehru Gram Bharati,"Nehru Gram Bharati, Deemed University Rajiv Gandhi Post | Graduate College, Gram & Post: Kotwa Allahabad",Uttar Pradesh,87,422.75,listed_in_2026-02-04_register; current_activity_not_assessed
802,UP036,Satyanand Vaani Training College for “Teachers of the Deaf” P-1,"Satyanand Vaani Training College for | “Teachers of the Deaf” P-1, Pallavpuram, Phase | – II, Meerut, U.P.- 250110 C/o Friends of Handicapped-India, | 245/6, Thapar Nagar, Meerut, Uttar Pradesh-250001",Uttar Pradesh,87,640.31,listed_in_2026-02-04_register; current_activity_not_assessed
803,UP037,Lt. Sh. Jagat Narayan Training College for Mentally Handicapped,"Lt. Sh. Jagat Narayan Training College for Mentally | Handicapped, | 201/1E, Prayag Puram, Naini, Allahabad C/o Jan Chetna | Sansthan 60 M/44, 5 A Nawab Yusuf Road, Civil Lines, | Allahabad, | Uttar Pradesh",Uttar Pradesh,87,708.23,listed_in_2026-02-04_register; current_activity_not_assessed
804,UP038,"CBSM, Rae Bareli Speech & Hearing Institute","CBSM, Rae Bareli Speech & Hearing Institute, | 221, Amar Nagar, Raebareli, | U.P. – 229001",Uttar Pradesh,88,107.87,listed_in_2026-02-04_register; current_activity_not_assessed
805,UP039,Gyanodaya Samekit Sanshan,"Gyanodaya Samekit Sanshan, | Jagdishpur, Phulpur, Azamgarh – 276304, U.P.",Uttar Pradesh,88,320.63,listed_in_2026-02-04_register; current_activity_not_assessed
806,UP040,Dr. Shakuntala Misra National Rehabilitation University (D.S.M.N.R.U.),"Dr. Shakuntala Misra National Rehabilitation University | (D.S.M.N.R.U.), | Mohaan Road (Near Buddheswar Crossing), Lucknow, Uttar | Pradesh – 226017",Uttar Pradesh,88,431.99,listed_in_2026-02-04_register; current_activity_not_assessed
807,UP041,Pramila Katiyar Special Education Institute,"Pramila Katiyar Special Education Institute, Kalpi Road, | Pukhrayan Kanpur Dehat, | Uttar Pradesh 209111",Uttar Pradesh,89,516.95,listed_in_2026-02-04_register; current_activity_not_assessed
808,UP042,Vasudha Kalyani Special Education Institute,"Vasudha Kalyani Special Education Institute, Vill. & Post – | Asana, Dist. Chandauli, Uttar Pradesh-232110",Uttar Pradesh,89,727.67,listed_in_2026-02-04_register; current_activity_not_assessed
809,UP043,"Kiran Society, Kiran Village - Modhopur Post","Kiran Society, | Kiran Village – Modhopur Post, | Post Box No. – 5032, Dist. Varanasi, Uttar Pradesh-221005",Uttar Pradesh,90,81.23,listed_in_2026-02-04_register; current_activity_not_assessed
810,UP044,Rehabilitation Society of the Visually Impaired,"Rehabilitation Society of the Visually Impaired, 1st floor, | Motilal Memorial Society, 2 Rana Pratap Marg, Lucknow, | Uttar Pradesh – 226001",Uttar Pradesh,90,141.35,listed_in_2026-02-04_register; current_activity_not_assessed
811,UP046,Chhatrapati Shahujee Maharaj Medical University (Erstwhile King George’s Medical College),"Chhatrapati Shahujee Maharaj Medical University | (Erstwhile King George’s Medical College), Chowk, Lucknow, | Uttar Pradesh – 226003 (DHLS Study Center of AIISH, | Mysore)",Uttar Pradesh,90,200.39,listed_in_2026-02-04_register; current_activity_not_assessed
812,UP047,PYSSUM Research & Training Centre,"PYSSUM Research & Training Centre, 537/8 Puraniya | Sitapur Road, Lucknow – 226024",Uttar Pradesh,90,281.99,listed_in_2026-02-04_register; current_activity_not_assessed
813,UP048,Navada Gram Udyog Vikas Samiti’s Ali Mobeen Memorial Institute for Handicapped,"Navada Gram Udyog Vikas Samiti’s Ali Mobeen | Memorial Institute for Handicapped, Mohalla Bagla Amroha | (J. P. Nagar) U.P – 244221",Uttar Pradesh,90,333.23,listed_in_2026-02-04_register; current_activity_not_assessed
814,UP049,Kalyanam Karoti,"Kalyanam Karoti, | Kalyan Dham, | Masani-Delhi Road, Mathura, U.P. – 281003",Uttar Pradesh,90,387.11,listed_in_2026-02-04_register; current_activity_not_assessed
815,UP050,Vishal Institute of Rehabilitation Sciences,"Vishal Institute of Rehabilitation Sciences, 12 Guru Nanak | Nagar, Lane 1, Naini Prayagraj, Uttar Pradesh – 211008",Uttar Pradesh,90,665.15,listed_in_2026-02-04_register; current_activity_not_assessed
816,UP051,Maharishi Dayanand Rehabilitation Institute,"Maharishi Dayanand Rehabilitation Institute, | Village and Post – Ral, Dist. – Mathura, Uttar Pradesh – | 281001",Uttar Pradesh,90,707.63,listed_in_2026-02-04_register; current_activity_not_assessed
817,UP052,Pawahari Smriti Parishad,"Pawahari Smriti Parishad, Station Road, Ghazipur, Uttar | Pradesh – 233001",Uttar Pradesh,91,183.71,listed_in_2026-02-04_register; current_activity_not_assessed
818,UP053,King George’s Medical university,"King George’s Medical university, Department of | Psychiatry, KGMU Chowk, Shahmina Road, Lucknow, Uttar | Pradesh – 226003",Uttar Pradesh,91,252.71,listed_in_2026-02-04_register; current_activity_not_assessed
819,UP054,Gautam Buddha University,"Gautam Buddha University, | Near Yamuna Expressway, Greater Noida, Dist. Gautam | Budh Nagar, Uttar Pradesh – | 201308",Uttar Pradesh,91,312.83,listed_in_2026-02-04_register; current_activity_not_assessed
820,UP055,K.S. Memorial College for Research & Rehabilitaiton,"K.S. Memorial College for Research & Rehabilitaiton, | Gram-Pyarepur, Post- Harchandpur, Dist- Raebareli- 229303, | U.P.",Uttar Pradesh,91,378.71,listed_in_2026-02-04_register; current_activity_not_assessed
821,UP056,Balram Mahavidyalaya,"Balram Mahavidyalaya, | Sirhir, Meja, Allahabad, Uttar Pradesh – 212301",Uttar Pradesh,91,554.27,listed_in_2026-02-04_register; current_activity_not_assessed
822,UP057,Gyanvati Memorial Shikshan Sansthan (Charitable Trust),"Gyanvati Memorial Shikshan Sansthan (Charitable Trust), | Village- Gopiya Ganj, Post- Bharthana, Dist: Etawah, Uttar | Pradesh- 206242",Uttar Pradesh,91,599.27,listed_in_2026-02-04_register; current_activity_not_assessed
823,UP058,Handicapped Development Council,"Handicapped Development Council, Shastripuram, Phase | 1, Sikandra, Agra, Uttar Pradesh – 282007",Uttar Pradesh,91,650.51,listed_in_2026-02-04_register; current_activity_not_assessed
824,UP059,Sri Mahadew Jee Ram Adhar Biklang Shikshan Prashikshan Kendra,"Sri Mahadew Jee Ram Adhar Biklang Shikshan | Prashikshan Kendra, Kendra, | Vill-Audhari, Post-Sikhari, Tehsil-Jakhanian, Dist. – Ghazipur, | Uttar Pradesh – 275202",Uttar Pradesh,91,721.55,listed_in_2026-02-04_register; current_activity_not_assessed
825,UP061,Amar Jyoti Institute of Special Education,"Amar Jyoti Institute of Special Education, | (Run by: Amar Jyoti Society), Vill. + P.O. Dargah – | Madhuban, Dist. Mau, Uttar Pradesh -276306",Uttar Pradesh,92,143.39,listed_in_2026-02-04_register; current_activity_not_assessed
826,UP062,Amity University,"Amity University, Malhore, | Near Railway Station, Gomti Nagar Extension, Lucknow, Uttar | Pradesh– 226 028",Uttar Pradesh,92,251.63,listed_in_2026-02-04_register; current_activity_not_assessed
827,UP063,K.S MEMORIAL COLLEGE FOR RESEARCH & REHABILITATION,"K.S MEMORIAL COLLEGE FOR RESEARCH & | REHABILITATION , | Near Mohanlal Ganj Bus Stand, Opp. UPAL factory, Mohanlal | Ganj, Lucknow-226301 Ph:-",Uttar Pradesh,92,395.39,listed_in_2026-02-04_register; current_activity_not_assessed
828,UP064,"SANKALP, Opposite Govt Hospital","SANKALP , | Opposite Govt Hospital, Barahpur, Nandganj,Ghazipur, Uttar | Pradesh – 233302",Uttar Pradesh,92,448.67,listed_in_2026-02-04_register; current_activity_not_assessed
829,UP065,Sarrthi Institute of Developmental Studies,"Sarrthi Institute of Developmental Studies, Run by Society | for Advanced Research Rehabilitation Training & Health | Initiatives (SARRTHI), H/o Sri Kamlesh Chandra Mishra, | Baunonhari, Sidhauli, Sitapur District, Uttar Pradesh",Uttar Pradesh,92,498.83,listed_in_2026-02-04_register; current_activity_not_assessed
830,UP066,Usha Charitable Trust,"Usha Charitable Trust , | 441/125/5,Rastogi Nagar, Balaganj, Lucknow, Uttar Pradesh | – 226003",Uttar Pradesh,92,569.87,listed_in_2026-02-04_register; current_activity_not_assessed
831,UP067,Yuva Viklang Evam Dristibadhitarth Kalyan Sewa Sansthan,"Yuva Viklang Evam Dristibadhitarth Kalyan Sewa | Sansthan, (Pt.Ratiram Shukla Shiv Kumari Maha Vidyalaya | Evam Prodyogiki Sansthan) Vill & Post – Bijhuri, Kurebhar, | Tehsil & Ps–Jaisinghpur, District – Sultanpur, Uttar Pradesh- | 228151",Uttar Pradesh,92,629.99,listed_in_2026-02-04_register; current_activity_not_assessed
832,UP068,Rajesh Tiwari Punarvas Kendra Evam Sansthan (Unit of Purvanchal Khadi Gramoudyog Vikas Samiti) Training Center- Near Kedarnath Saraswati Shishu Mandir,"Rajesh Tiwari Punarvas Kendra Evam Sansthan (Unit of | Purvanchal Khadi Gramoudyog Vikas Samiti) Training Center- | Near Kedarnath Saraswati Shishu Mandir, Junior High | School, Delhupur, Pratapgarh – 230304",Uttar Pradesh,92,718.79,listed_in_2026-02-04_register; current_activity_not_assessed
833,UP070,Amar Jyoti Sansthan,"Amar Jyoti Sansthan, | Kol Baz Bahadur, | Naveen Sarawati school,Azamgarh, Uttar Pradesh",Uttar Pradesh,92,781.55,listed_in_2026-02-04_register; current_activity_not_assessed
834,UP071,Jay Nand Special Teachers’ Training Institute,"Jay Nand Special Teachers’ Training Institute, Mahmad | Bhari, Saray Khargi, Bikapur, Faizabad, Uttar Pradesh – 224 | 207",Uttar Pradesh,93,104.75,listed_in_2026-02-04_register; current_activity_not_assessed
835,UP072,Sarveshwari Shikshan Sansthan,"Sarveshwari Shikshan Sansthan, | Sahso Bazar, Sahso, Allahabad, Uttar Pradesh",Uttar Pradesh,93,269.39,listed_in_2026-02-04_register; current_activity_not_assessed
836,UP073,National Institute for the Empowerment of Persons with Intellectual Disabilities (Divyangjan) (NIEPID) Northern Regional Centre,"National Institute for the Empowerment of Persons with | Intellectual Disabilities (Divyangjan) (NIEPID) | Northern Regional Centre, C-44A, Sector-40, Noida, Gautam | Budh Nagar, Uttar Pradesh – 201301",Uttar Pradesh,93,393.71,listed_in_2026-02-04_register; current_activity_not_assessed
837,UP074,Ali Yavar Jung National Institute of Speech and Hearing Disabilities (Divyangjan) Regional Centre,"Ali Yavar Jung National Institute of Speech and Hearing | Disabilities (Divyangjan) Regional Centre, | Plot No.19, Block-P, Amitash Marg, Sector-12, Noida, | Opposite Noida Stadium, Gate No. 6, Uttar Pradesh – | 201301",Uttar Pradesh,93,529.67,listed_in_2026-02-04_register; current_activity_not_assessed
838,UP076,Nai Subah (Institute of Mental Health & Behavioural Sciences) Khanav,"Nai Subah | (Institute of Mental Health & Behavioural Sciences) Khanav, | near Water Tank, Post- Bachav, District- Varanasi -221011",Uttar Pradesh,93,674.51,listed_in_2026-02-04_register; current_activity_not_assessed
839,UP075,Akanksha Institute Of Rehabilitation,"Akanksha Institute Of Rehabilitation, (Run by: Amar Jyoti | Society) , Kharagipur Gangupur, District – Mau, Uttar Pradesh",Uttar Pradesh,93,730.91,listed_in_2026-02-04_register; current_activity_not_assessed
840,UP077,Vijay Singh Pal Balika Degree College,"Vijay Singh Pal Balika Degree College, Gurghari Talaab | (Sakra) Mohan Road, Post Kakori,District – Lucknow, Uttar | Pradesh",Uttar Pradesh,93,782.63,listed_in_2026-02-04_register; current_activity_not_assessed
841,UP078,Central Public School,"Central Public School, (Institute of litracy development) | Sector- 8 Rajni Khand, Sharda Nagar, Lucknow, Uttar | Pradesh – 226002 /",Uttar Pradesh,94,143.39,listed_in_2026-02-04_register; current_activity_not_assessed
842,UP079,Society for Institute Of Psychological Research And Health,"Society for Institute Of Psychological Research And | Health, Aas Mandbudhi Vishisht Vidhalaya Behind Kundan | Model Inter College Talwar Shah Street Amroha, District - | Amroha Uttar Pradesh - 244221",Uttar Pradesh,94,187.79,listed_in_2026-02-04_register; current_activity_not_assessed
843,UP082,T.S. Misra Medical College And Hospital A Unit Of Vedic And Futuristic Edutech,"T.S. Misra Medical College And Hospital A Unit Of Vedic | And Futuristic Edutech, | 463/1, Village Anaura, Pargana Bijnore, Tehsil And District | Lucknow, Uttar Pradesh -226008",Uttar Pradesh,94,332.63,listed_in_2026-02-04_register; current_activity_not_assessed
844,UP083,Hind Mahavidyalaya Murarpur,"Hind Mahavidyalaya | Murarpur, Near Railway Station, Dariyabad, Barabanki, Uttar | Pradesh",Uttar Pradesh,94,391.19,listed_in_2026-02-04_register; current_activity_not_assessed
845,UP084,Anchal Foundation,"Anchal Foundation, | Kamaluddinpur, Bhawanipur, | Antu Pratapgarh,Uttar Pradesh – 230501",Uttar Pradesh,94,564.11,listed_in_2026-02-04_register; current_activity_not_assessed
846,UP085,Saurabh Shobhit Shikshan Prashikshan Kendra,"Saurabh Shobhit Shikshan Prashikshan Kendra, Punjab | Expalor Compound, Meerut road, Ghaziabad, Uttar Pradesh | (Shri Adwait Pariwar Foundation, A-2, Siddiknagar, opp.uttam | tyata, meerut road, Ghaziabad, UP-201003)",Uttar Pradesh,94,657.71,listed_in_2026-02-04_register; current_activity_not_assessed
847,UP087,Madan Gopal Training Institute for Special Education,"Madan Gopal Training Institute for Special Education, | 221, Race Course, Meerut Cantt,Uttar Pradesh /",Uttar Pradesh,94,730.31,listed_in_2026-02-04_register; current_activity_not_assessed
848,UP088,College Of Higher Studies,"College Of Higher Studies, | Vill- Habibpur,Teh – Phoolpur, Jhunsi, District – Allahabad",Uttar Pradesh,94,789.35,listed_in_2026-02-04_register; current_activity_not_assessed
849,UP089,Institute of Rehabilitation and Allied Studies,"Institute of Rehabilitation and Allied Studies, C/o Santosh | Memorial Education & Welfare Society, 116 K.M.Stone, Delhi | –Mathura Road, | Chhata, Mathura, Uttar Pradesh",Uttar Pradesh,95,123.71,listed_in_2026-02-04_register; current_activity_not_assessed
850,UP091,Smt. Fulehra Vishisht B.T.C. Prashikshan Kendra,"Smt. Fulehra Vishisht B.T.C. Prashikshan Kendra, | Village – Kamtailla, Rasra, | District – Ballia, Uttar Pradesh – 221712",Uttar Pradesh,95,231.95,listed_in_2026-02-04_register; current_activity_not_assessed
851,UP090,Baba Sunder Singh Shiksha Samiti,"Baba Sunder Singh Shiksha Samiti, | Kanoongopura(South),Behind Police Chowki, Dist. – | Bahraich, Uttar Pradesh – 271801",Uttar Pradesh,95,350.15,listed_in_2026-02-04_register; current_activity_not_assessed
852,UP093,Medha Special Teacher Training Institution,"Medha Special Teacher Training Institution, Purana Fazil | Nagar Road, Kashiya, Kushinagar, UP-274402. (GRAMIN | SHIKSHA PARISAD, VILL. & POST BAHADURPUR, DISTT. | BASTI, | Uttar Pradesh",Uttar Pradesh,95,399.83,listed_in_2026-02-04_register; current_activity_not_assessed
853,UP094,Sanskriti University,"Sanskriti University, School of Rehabilitation | 28 KM Stone, Mathura – Delhi Highway, Chhata, | District – Mathura, Uttar Pradesh – 281 401",Uttar Pradesh,95,486.11,listed_in_2026-02-04_register; current_activity_not_assessed
854,UP095,Prayag College of Special Education 117/731 W2,"Prayag College of Special Education 117/731 W2, Vasant | Vihar Naubasta, Kanpur Nagar, Uttar Pradesh - 208021 | Ph.",Uttar Pradesh,95,705.47,listed_in_2026-02-04_register; current_activity_not_assessed
855,UP096,Shri Dayal Janhit Shikshan Sansthan,"Shri Dayal Janhit Shikshan Sansthan, | J.K. Samekit Public School Kanausi, manak nagar, Lucknow, | Uttar Pradesh",Uttar Pradesh,95,753.11,listed_in_2026-02-04_register; current_activity_not_assessed
856,UP097,Patel Shiksha Samiti Village - Terwa Gausganj,"Patel Shiksha Samiti | Village – Terwa Gausganj, District – Hardoi, | Uttar Pradesh",Uttar Pradesh,96,221.99,listed_in_2026-02-04_register; current_activity_not_assessed
857,UP099,Sarva Seva Sansthan Village-Navaratanpur,"Sarva Seva Sansthan | Village-Navaratanpur,Post-Nawanagar,District- Ballia(UP),Pin | Code- 2217171",Uttar Pradesh,96,355.19,listed_in_2026-02-04_register; current_activity_not_assessed
858,UP100,Panna Lal Memorial Institute For Handicapped,"Panna Lal Memorial Institute For Handicapped, Vill.- | Kuchawali, Kanth Road, District- Moradabad, Uttar Pradesh",Uttar Pradesh,96,395.51,listed_in_2026-02-04_register; current_activity_not_assessed
859,UP101,Prakash Kiran Educational Institution Saiyyad Sarawan,"Prakash Kiran Educational Institution Saiyyad Sarawan, | Kaushambi ( Allahabad, Uttar Pradesh",Uttar Pradesh,96,438.35,listed_in_2026-02-04_register; current_activity_not_assessed
860,UP102,Happiness Teachers Training Institute Mandi Chauraha Rukmani Vihar,"Happiness Teachers Training Institute Mandi Chauraha | Rukmani Vihar, District - Mathura, Uttar Pradesh",Uttar Pradesh,96,562.67,listed_in_2026-02-04_register; current_activity_not_assessed
861,UP103,Premlata Jan Kalyan Trust Special Education,"Premlata Jan Kalyan Trust Special Education , Vill- | Dildarnagar Ghazipur Thana Ke Samne District – Ghazipur, | Uttar Pradesh",Uttar Pradesh,96,624.83,listed_in_2026-02-04_register; current_activity_not_assessed
862,UP104,Chandan Memorial Awasi Viklang Vidyalaya Tera Mill Chauraha,"Chandan Memorial Awasi Viklang | Vidyalaya Tera Mill Chauraha, Gouspur Road, Kaushambi, | Uttar Pradesh - 212214",Uttar Pradesh,96,686.51,listed_in_2026-02-04_register; current_activity_not_assessed
863,UP105,Indra Pal Singh Memorial Rehabilitation Institute 442/682 Near Atul School,"Indra Pal Singh Memorial Rehabilitation Institute | 442/682 Near Atul School, Generalganj, Lucknow, Uttar | Pradesh - 226003",Uttar Pradesh,96,733.07,listed_in_2026-02-04_register; current_activity_not_assessed
864,UP106,Srijan Vishesh Shikshak Prashikshan Sansthan Village - Khalilabad,"Srijan Vishesh Shikshak Prashikshan Sansthan | Village - Khalilabad, Sant Kabir Nagar, UP",Uttar Pradesh,96,786.35,listed_in_2026-02-04_register; current_activity_not_assessed
865,UP107,Srijan Vishesh Shikshak Prashikshan Sansthan Anand Nagar,"Srijan Vishesh Shikshak Prashikshan Sansthan Anand | Nagar, Maharajganj, Uttar Pradesh",Uttar Pradesh,97,116.75,listed_in_2026-02-04_register; current_activity_not_assessed
866,UP108,ITM Institute Of Higher Education,"ITM Institute Of Higher Education, | Village Jungal, Post-cherhri, The pharenda, Dist Maharajganj, | Uttar Pradesh",Uttar Pradesh,97,170.03,listed_in_2026-02-04_register; current_activity_not_assessed
867,UP109,Shanti Niketan Special School 30A,"Shanti Niketan Special School | 30A, Panna Lal Road, Allahabad, Pin 211002",Uttar Pradesh,97,214.43,listed_in_2026-02-04_register; current_activity_not_assessed
868,UP110,Raj Kishori Devi Sikshan Prasikshan Sewa Sansthan Vill- Babhnaouli Post- Garwar Dist- Ballia,"Raj Kishori Devi Sikshan Prasikshan Sewa Sansthan | Vill- Babhnaouli Post- Garwar Dist- Ballia, Uttar Pradesh - | 277121",Uttar Pradesh,97,303.23,listed_in_2026-02-04_register; current_activity_not_assessed
869,UP111,Chaudhary Charan Singh Institute Of Special Education Chaprauli Road Baraut District - Baghpat,"Chaudhary Charan Singh Institute Of Special Education | Chaprauli Road Baraut District - Baghpat, Uttar Pradesh - | 250611",Uttar Pradesh,97,365.39,listed_in_2026-02-04_register; current_activity_not_assessed
870,UP112,Amity University Amity Institute of Rehabilitation Sciences,"Amity University | Amity Institute of Rehabilitation Sciences, Room G-12, | Ground Floor, I-2 Block, | Sector – 125, Noida, Uttar Pradesh – 201303",Uttar Pradesh,97,445.31,listed_in_2026-02-04_register; current_activity_not_assessed
871,UP113,Liladhar Siksha Prsaran Samiti Village - Palchandrhan post - Tari Bara Gaon,"Liladhar Siksha Prsaran Samiti | Village - Palchandrhan post - Tari Bara Gaon, District - Ballia, | Uttar Pradesh",Uttar Pradesh,97,785.51,listed_in_2026-02-04_register; current_activity_not_assessed
872,UP114,Siddarth Degree College,"Siddarth Degree College, | Siddarth Shiksha Niketan, | Birdpur, Siddarth Nagar, Uttar Pradesh",Uttar Pradesh,98,125.63,listed_in_2026-02-04_register; current_activity_not_assessed
873,UP115,Krishna Jan Kalyan Sikshan Sansthan,"Krishna Jan Kalyan Sikshan Sansthan, | 115/A Gopal Nagar, Maal Road, Mathura 281001",Uttar Pradesh,98,169.07,listed_in_2026-02-04_register; current_activity_not_assessed
874,UP116,LRS World College,"LRS World College, | Vill- Shahpur Abdulwari, Post- Buderna, Distt- Moradabad UP | 244221",Uttar Pradesh,98,246.95,listed_in_2026-02-04_register; current_activity_not_assessed
875,UP117,Parivartan Institute for Differently Abled Vill & Post Bachchhanv,"Parivartan Institute for Differently Abled | Vill & Post Bachchhanv, Dist- Varanasi, UP - 221011",Uttar Pradesh,98,307.07,listed_in_2026-02-04_register; current_activity_not_assessed
876,UP118,Chandrdeep Singh Smark Mahavidyalaya Raghopur Rasra Ballia Vill-Raghopur,"Chandrdeep Singh Smark Mahavidyalaya | Raghopur Rasra Ballia Vill-Raghopur, Post Athilapura Rasara | Ballia –UP-221712",Uttar Pradesh,98,351.47,listed_in_2026-02-04_register; current_activity_not_assessed
877,UP119,Swaraj College of Education,"Swaraj College of Education, | NH-3, Agra Gwalior Road, Tehra, Tehsil- | Kheragarh, Agra-283124 UP",Uttar Pradesh,98,401.15,listed_in_2026-02-04_register; current_activity_not_assessed
878,UP120,Bimla International Public School,"Bimla International Public School, | Makhddompur, Kaithi, Jaiti Kheda, Sarojinii Nagar, Lucknow",Uttar Pradesh,98,434.63,listed_in_2026-02-04_register; current_activity_not_assessed
879,UP121,Cross Belly Rehabilitation Sansthan,"Cross Belly Rehabilitation Sansthan, Kukuripur, Sathiaon, | Azamgarh UP – 276406",Uttar Pradesh,98,505.67,listed_in_2026-02-04_register; current_activity_not_assessed
880,UP122,Kamkus College of Special Education (Bhagirathi Seva Sansthan),"Kamkus College of Special Education (Bhagirathi Seva | Sansthan), | R-10/44 New Rajnagar, Dist- Ghaziabad 201- 2002, UP",Uttar Pradesh,98,594.47,listed_in_2026-02-04_register; current_activity_not_assessed
881,UP123,VINDA Pal Ugrasen Pal Institute for Special Education,"VINDA Pal Ugrasen Pal Institute for Special Education, | Vill-Siktaha Parmeshwarpur, Post-Siktaha Dhanghata, Dist- | Sant Kabir Nagar-272172 UP",Uttar Pradesh,98,638.87,listed_in_2026-02-04_register; current_activity_not_assessed
882,UP124,Bharat Mata Samajotthan Samiti,"Bharat Mata Samajotthan Samiti , | 545 KAA/HN/24, Hansh Nagar, Near Para Police Chowki, | Lucknow-226011-UP",Uttar Pradesh,98,701.03,listed_in_2026-02-04_register; current_activity_not_assessed
883,UP125,Shri Bajrangi Singh Shiksha Samiti,"Shri Bajrangi Singh Shiksha Samiti, | Vill-Jogiya Post-Ghughli, Dist-Maharajganj, UP- 273151",Uttar Pradesh,98,754.31,listed_in_2026-02-04_register; current_activity_not_assessed
884,UP126,M. L. Academy College of Special Education,"M. L. Academy College of Special Education, Village- Hari | Narayanpur, Post-Anjana, Thana Pura Kalandar , Tehsil | Sadar Distd-Faizabad, UP- 224172",Uttar Pradesh,99,81.23,listed_in_2026-02-04_register; current_activity_not_assessed
885,UP127,Ramsanehi School of Special Education Vill & Post - Kajha Khurd,"Ramsanehi School of Special Education Vill & Post – | Kajha Khurd, District – Mau Uttar Pradesh-276403",Uttar Pradesh,99,116.75,listed_in_2026-02-04_register; current_activity_not_assessed
886,UP128,Krishna Kant School of Special Education,"Krishna Kant School of Special Education, | GARAWA PAHASA, Dist- Mau-221705",Uttar Pradesh,99,178.91,listed_in_2026-02-04_register; current_activity_not_assessed
887,UP129,Sanskaar Special School Jayantipur,"Sanskaar Special School | Jayantipur, sulem Sarai, Allahabad, U.P",Uttar Pradesh,99,249.95,listed_in_2026-02-04_register; current_activity_not_assessed
888,UP130,Suveera Institute for Rehabilitation and Disabilities 102 / 83A,"Suveera Institute for Rehabilitation and Disabilities 102 / | 83A, Maharishi Nagar Vistar, Bhitauli, Near IIM, Sitapur Road, | Lucknow 226013",Uttar Pradesh,99,312.11,listed_in_2026-02-04_register; current_activity_not_assessed
889,UP131,Mahant Digvijanath School for Special Education,"Mahant Digvijanath School for Special Education, | Vill & Post- Umapur Dist-Mau-275101",Uttar Pradesh,99,374.27,listed_in_2026-02-04_register; current_activity_not_assessed
890,UP132,Jai Maa Saraswati Sewa Sansthan,"Jai Maa Saraswati Sewa Sansthan, | Kol Pandey Bhwarnath, Tehsil Sadar, Dist- | Azamgarh, UP",Uttar Pradesh,99,427.55,listed_in_2026-02-04_register; current_activity_not_assessed
891,UP133,Shree Kailash Disability and Rehabilitation Society,"Shree Kailash Disability and Rehabilitation Society, Head | Office near kaifi Azami Marg, Post- | Phoolpur, Dist-Azamgarh-276304-UP",Uttar Pradesh,99,484.55,listed_in_2026-02-04_register; current_activity_not_assessed
892,UP134,Lucknow College of Rehabilitation Studies,"Lucknow College of Rehabilitation Studies, | 567-Anubhav, ELDECO-2, Raibareli Road, | Lucknow, Uttar Pradesh - 226025",Uttar Pradesh,99,518.99,listed_in_2026-02-04_register; current_activity_not_assessed
893,UP135,Late Prem Narayan Krishna Tripathi Smarak Siksha Evam Gramin Vikas Samiti,"Late Prem Narayan Krishna Tripathi Smarak Siksha Evam | Gramin Vikas Samiti, | Village –Partawal Bazar, Post- Partawal, Dist- | Maharajganj – Uttar Pradesh",Uttar Pradesh,99,636.11,listed_in_2026-02-04_register; current_activity_not_assessed
894,UP136,AID CANCER and Tuberculosis Society Makhdoompur Kaithi,"AID CANCER and Tuberculosis Society Makhdoompur | Kaithi, Jaiti Kheda , Sarojini Nagar, Lucknow",Uttar Pradesh,99,678.47,listed_in_2026-02-04_register; current_activity_not_assessed
895,UP137,Smt. Shubhraji Devi Degree College Tiwaripur,"Smt. Shubhraji Devi Degree College Tiwaripur, Barhyapar, | Gorakhpur UP",Uttar Pradesh,99,751.19,listed_in_2026-02-04_register; current_activity_not_assessed
896,UP139,Sarrthi Institute of Developmental Studies,"Sarrthi Institute of Developmental Studies, Run by Society | for Advanced Research Rehabilitation Training & Health | Initiatives (SARRTHI), House No-11, Singla Complex, | Safedabad, Dist- Barabanki, Uttar Pradesh-225003",Uttar Pradesh,99,777.83,listed_in_2026-02-04_register; current_activity_not_assessed
897,UP140,Ramlali Patel Shaikshik Vikas Sansthan,"Ramlali Patel Shaikshik Vikas Sansthan, | Village Kherwa Posat Purbawa, | Dist Hardoi- 241303 UP",Uttar Pradesh,100,125.63,listed_in_2026-02-04_register; current_activity_not_assessed
898,UP141,Amar Jyoti Sansthan,"Amar Jyoti Sansthan, | Vill-Kirtupur, Po Mohammaddalla, Teh- Sadat, Dist- | Azamgarh, Uttar Pradesh",Uttar Pradesh,100,205.55,listed_in_2026-02-04_register; current_activity_not_assessed
899,UP142,Shree Chandra Bhan Singh Degree college Village- Chandpur,"Shree Chandra Bhan Singh Degree college Village- | Chandpur, Post- Gonapur, Police Station Sikarara Dist- | Jaunpur UP-222131",Uttar Pradesh,100,278.27,listed_in_2026-02-04_register; current_activity_not_assessed
900,UP143,Integrated Institute of Rehab. for the Disabled (Viklang Punarwas Sansthan),"Integrated Institute of Rehab. for the Disabled (Viklang | Punarwas Sansthan), | 376, Jangjeet Nagar, Rajpur Chungi, Shamshabad Road, | District – Agra, Uttar .Pradesh-282001",Uttar Pradesh,100,349.31,listed_in_2026-02-04_register; current_activity_not_assessed
901,UP144,Purvanchal Shiksha Samiti,"Purvanchal Shiksha Samiti, Vill- Manchobha, PO-Kakrahta, | Dist-Azamgarh UP",Uttar Pradesh,100,406.91,listed_in_2026-02-04_register; current_activity_not_assessed
902,UP145,Gopinath P.G. College,"Gopinath P.G. College, | Dwali Salamatpur, Ghazipur, UP- 275201",Uttar Pradesh,100,460.19,listed_in_2026-02-04_register; current_activity_not_assessed
903,UP146,Sri Maruti College of Research and Rehabiitation,"Sri Maruti College of Research and Rehabiitation, | 40A/34, Elgin Road, Civil Lines, Allhabad-U.P.",Uttar Pradesh,100,491.03,listed_in_2026-02-04_register; current_activity_not_assessed
904,UP147,Maa Bhawani Mahila Mahavidyalaya,"Maa Bhawani Mahila Mahavidyalaya, | Sogai, Dist- Chandauli U.P.",Uttar Pradesh,100,526.55,listed_in_2026-02-04_register; current_activity_not_assessed
905,UP148,Samarpan Badhir Vidyalaya,"Samarpan Badhir Vidyalaya, | 25, Krishnana Kunj, Kalindi Puram, Mau Road, Khandari, | Agra-282005",Uttar Pradesh,100,552.23,listed_in_2026-02-04_register; current_activity_not_assessed
906,UP149,Bhartiya Chauhan Samiti,"Bhartiya Chauhan Samiti, | Vill- Balrampur, PO- Pathakhauli, Dadar, Dist- Azamgarh-UP-",Uttar Pradesh,100,623.27,listed_in_2026-02-04_register; current_activity_not_assessed
907,UP150,Janka Devi Institute,"Janka Devi Institute, | Near Basant Lal Budhewar Chouraha Mohan Road, Lucknow, | Uttar Pradesh - 226017",Uttar Pradesh,100,690.23,listed_in_2026-02-04_register; current_activity_not_assessed
908,UP151,Gaya Prasad Educational Trust,"Gaya Prasad Educational Trust, | Infront of Malihabad Railway Station, Malihabad Lucknow- | 227111, UP",Uttar Pradesh,100,725.75,listed_in_2026-02-04_register; current_activity_not_assessed
909,UP152,Jainath Memorial Rehabilitation Sansthan Harairampur,"Jainath Memorial Rehabilitation Sansthan Harairampur, | Post- Chirkihit, Lalganj, Azamgarh- 276202 UP",Uttar Pradesh,100,761.27,listed_in_2026-02-04_register; current_activity_not_assessed
910,UP153,Ram Murat Smarak Shikshan Seva Sameeti Vill - Basirhan,"Ram Murat Smarak Shikshan Seva Sameeti Vill - Basirhan, | Post- Gambhirpur, District – Azamgarh, Uttar Pradesh",Uttar Pradesh,101,90.11,listed_in_2026-02-04_register; current_activity_not_assessed
911,UP154,Shree Mahavir College of Education Vill- Rajpur Kotla,"Shree Mahavir College of Education | Vill- Rajpur Kotla, Tehsil and Dist- Firozabad, UP",Uttar Pradesh,101,143.39,listed_in_2026-02-04_register; current_activity_not_assessed
912,UP155,Kaushik Mahavidyalaya Vill- Surwat,"Kaushik Mahavidyalaya | Vill- Surwat, Post- Pali, Teh-Kasimabad, Dist- Ghazipur, UP",Uttar Pradesh,101,178.91,listed_in_2026-02-04_register; current_activity_not_assessed
913,UP156,National Association for the Blind,"National Association for the Blind, | Asharphi Bhawan Chouraha, | MO. Katra Baba, Haridas Nagar Colony, Ayodhya, Faizabad- | UP- 224123",Uttar Pradesh,101,232.19,listed_in_2026-02-04_register; current_activity_not_assessed
914,UP157,Shanti Niketan College of Business Management and Computer Science,"Shanti Niketan College of Business Management and | Computer Science, | NH-3 Agra Gwalior Road Tehra Kheragarh, UP",Uttar Pradesh,101,301.19,listed_in_2026-02-04_register; current_activity_not_assessed
915,UP158,Chandan Memorial Viklang Vikas Samitee Deep Special Teachers Training Centre,"Chandan Memorial Viklang Vikas Samitee Deep Special | Teachers Training Centre, | Maluli Pulia, Gosain Ganj, Sultanpur Road, Lucknow -226501",Uttar Pradesh,101,335.63,listed_in_2026-02-04_register; current_activity_not_assessed
916,UP159,Prema Institute for Special Education,"Prema Institute for Special Education, | Vill- Achhiya, Post- Menhdawal, Dist- Sant Kabir Nagar, UP-",Uttar Pradesh,101,388.43,listed_in_2026-02-04_register; current_activity_not_assessed
917,UP160,Shree Mahavir College Vill- Chittrai,"Shree Mahavir College | Vill- Chittrai, Tehsil- Tundla and District - | Firozabad, Uttar Pradesh",Uttar Pradesh,101,422.39,listed_in_2026-02-04_register; current_activity_not_assessed
918,UP161,Balwanti Devi Rehabilitaition Institute Satheri Bitawdha,"Balwanti Devi Rehabilitaition Institute | Satheri Bitawdha, Muzaffarnagar, Uttar Pradesh | M-",Uttar Pradesh,101,457.91,listed_in_2026-02-04_register; current_activity_not_assessed
919,UP162,Gyanodaya Samekit Sansthan (Branch Ambedkar Nagar) Alipur,"Gyanodaya Samekit Sansthan (Branch Ambedkar Nagar) | Alipur, Surhupur Road, Jalalpur, Ambedkar Nagar, | U.P. -224149",Uttar Pradesh,101,520.07,listed_in_2026-02-04_register; current_activity_not_assessed
920,UP163,Maa Yashoda Memorial Shikshak Prashikshan Sansthan,"Maa Yashoda Memorial Shikshak Prashikshan Sansthan, | Vill- Purwa Malihabad, Lucknow 226102",Uttar Pradesh,101,619.43,listed_in_2026-02-04_register; current_activity_not_assessed
921,UP164,Samarpan Institute of Nursing & Paramedical (Run By Akshay Sewa Sansthan),"Samarpan Institute of Nursing & Paramedical (Run By | Akshay Sewa Sansthan), 1056, Goyla, Jainabad, Near | Telco-Uptron Chauraha, Chinhat Dewa Road, Lucknow - | 226028",Uttar Pradesh,101,654.95,listed_in_2026-02-04_register; current_activity_not_assessed
922,UP165,Shri Krishna Shikshan Prashikshan Sansthan,"Shri Krishna Shikshan Prashikshan Sansthan, Hasanur, | Balipur, Chandauli,Uttar Pradesh 232104",Uttar Pradesh,101,701.51,listed_in_2026-02-04_register; current_activity_not_assessed
923,UP166,Medha Vishesh Shikshan Prakshikshan Sansthan,"Medha Vishesh Shikshan Prakshikshan Sansthan, | Gauri Bazar, Deoria, Uttar Pradesh",Uttar Pradesh,101,737.15,listed_in_2026-02-04_register; current_activity_not_assessed
924,UP167,Vageshwari Shikshan Sansthan Mahavidyalaya Mayil Dist- Deoria,"Vageshwari Shikshan Sansthan Mahavidyalaya | Mayil Dist- Deoria, Uttar Pradesh -274505",Uttar Pradesh,102,81.23,listed_in_2026-02-04_register; current_activity_not_assessed
925,UP169,Harshit Foundation 6KM,"Harshit Foundation | 6KM, Mile Stone, Lucknow Road, Kulhanamu, | Jaunpur, Uttar Pradesh",Uttar Pradesh,102,152.27,listed_in_2026-02-04_register; current_activity_not_assessed
926,UP170,Jeevandhara Rehabilitation Research Institute,"Jeevandhara Rehabilitation Research Institute, | Jeevandhara Complex, Above Central Bank of India, | Shyamganj Crossing Bareilly, Uttar Pradesh- 243005",Uttar Pradesh,102,181.07,listed_in_2026-02-04_register; current_activity_not_assessed
927,UP171,Ram Lali Smarak Vikas Sansthan,"Ram Lali Smarak Vikas Sansthan, | 632 OBLQ 61, Sanatan Nagar (Kamta) Chinhat, Lucknow, | Uttar Pradesh-226028",Uttar Pradesh,102,234.35,listed_in_2026-02-04_register; current_activity_not_assessed
928,UP172,Divya College of Special Education,"Divya College of Special Education, | Vill- Mahuawa, Tappa Kathra, Pargana-Haveli Tehsil | Maharajganj Uttar Pradesh",Uttar Pradesh,102,294.47,listed_in_2026-02-04_register; current_activity_not_assessed
929,UP173,Rajkumari Shikshan Awam Prashikshan Kendra,"Rajkumari Shikshan Awam Prashikshan Kendra, | Majhwara, Mau, Uttar Pradesh",Uttar Pradesh,102,336.23,listed_in_2026-02-04_register; current_activity_not_assessed
930,UP174,Shri Durga Ji Hospital Seva Sansthan,"Shri Durga Ji Hospital Seva Sansthan, | Village- Sehda. Post Maharajpur, Distt-Azamgarh, Uttar | Pradesh-276135.",Uttar Pradesh,102,380.63,listed_in_2026-02-04_register; current_activity_not_assessed
931,UP175,Army Institute of Education,"Army Institute of Education, | Plot M-1 Pocket P-5 Sector Chi Greater Noida Dist- Gautam | Budh Nagar,Uttar Pradesh-201306",Uttar Pradesh,102,415.67,listed_in_2026-02-04_register; current_activity_not_assessed
932,UP176,Dr. RPS Institute of Education Village-Nahil Nagariya,"Dr. RPS Institute of Education | Village-Nahil Nagariya, Post- Bara Gaon, Tehsil- Ghiror, Dist- | Mainpuri",Uttar Pradesh,102,441.71,listed_in_2026-02-04_register; current_activity_not_assessed
933,UP177,Composite Regional Centre for skill Development,"Composite Regional Centre for skill Development, | Rehabilitation & Empowerment of PWDs, | 10, Sitapur Eye Hospital, Park Street, Civil Lines, Gorakhpur, | Uttar Pradesh -273009",Uttar Pradesh,102,494.99,listed_in_2026-02-04_register; current_activity_not_assessed
934,UP178,Maharishi Dayanand Rehabilitation Institute,"Maharishi Dayanand Rehabilitation Institute, | Ogipur, Aligarh – 202132 Uttar Pradesh",Uttar Pradesh,102,574.91,listed_in_2026-02-04_register; current_activity_not_assessed
935,UP179,Adarsh Sewa Samiti,"Adarsh Sewa Samiti, | Paliya Pashchim Jagdishpur, address musafirkhana, Dist- | Amethi, -227813 Uttar Pradesh",Uttar Pradesh,102,637.07,listed_in_2026-02-04_register; current_activity_not_assessed
936,UP180,J.M.C. Institute of Divyangjan (J.M.C. Degree College) 166 Civil Lines,"J.M.C. Institute of Divyangjan (J.M.C. Degree College) | 166 Civil Lines, District-Meerut, Uttar Pradesh",Uttar Pradesh,102,699.23,listed_in_2026-02-04_register; current_activity_not_assessed
937,UP181,Parvarish School,"Parvarish School, | B-184 Raidas Mandir Nriala Nagar, Luckow , Uttar Pradesh - | 226020",Uttar Pradesh,102,734.75,listed_in_2026-02-04_register; current_activity_not_assessed
938,UP182,Mansoori Academy,"Mansoori Academy, | C/o Nirmal Public Sr. Sec. School, Dhampur Road, Noorpur, | Dist-Bijnor Uttar Pradesh-246734",Uttar Pradesh,102,787.55,listed_in_2026-02-04_register; current_activity_not_assessed
939,UP183,Mamata Shiksha Samiti Radhika Vihar,"Mamata Shiksha Samiti Radhika Vihar, Sonkh Road, Mandi | Chauraha, Mathura Uttar Pradesh-281004",Uttar Pradesh,103,111.11,listed_in_2026-02-04_register; current_activity_not_assessed
940,UP184,Maa Ganga Devi Divyang Seva Sansthan,"Maa Ganga Devi Divyang Seva Sansthan, | Laxmanpur (Lakhipur), Post- Khaga, Dist- Fatehpur, Uttar | Pradesh – 212655",Uttar Pradesh,103,176.99,listed_in_2026-02-04_register; current_activity_not_assessed
941,UP185,Vaishishtyam Teacher’s Training Institute,"Vaishishtyam Teacher’s Training Institute, Param Shakti | Peeth, Vatsalya Gram, Mathura Virndavan, Uttar Pradesh – | 281003",Uttar Pradesh,103,227.75,listed_in_2026-02-04_register; current_activity_not_assessed
942,UP186,Divyang Kalyanam Institute for Rehabilitation,"Divyang Kalyanam Institute for Rehabilitation, Post- Kota, | Village – Mahamauni, Mursan, Hathras, Uttar Pradesh",Uttar Pradesh,103,288.35,listed_in_2026-02-04_register; current_activity_not_assessed
943,UP187,Divya Chetna Educational Institute,"Divya Chetna Educational Institute, | (Run by Baba Yamandeep alp Shiksha Samiti) Taiyapur | Laxmi Nagar, Taiyapur, Mathura Uttar Pradesh",Uttar Pradesh,103,354.23,listed_in_2026-02-04_register; current_activity_not_assessed
944,UP188,Agra Deaf Education Foundation Naglra Kans Wala Road,"Agra Deaf Education Foundation | Naglra Kans Wala Road, aon Bans Mahapat Malhela, Kundol, | Agra -283111",Uttar Pradesh,103,419.15,listed_in_2026-02-04_register; current_activity_not_assessed
945,UP189,Kanav Institute of Education,"Kanav Institute of Education, Noorupur Amroha Road Opp | Bus Stop, Vill and Post Pheena Tehsil Chandpur, | Block Noorpur, Bijnor, Uttar Pradesh – 246734",Uttar Pradesh,103,467.75,listed_in_2026-02-04_register; current_activity_not_assessed
946,UP190,Indu Institute of Education Mustafabad Road,"Indu Institute of Education Mustafabad Road, Shikohabad, | Janpad, District – Firozabad Uttar Pradesh",Uttar Pradesh,103,520.07,listed_in_2026-02-04_register; current_activity_not_assessed
947,UP191,Kamla Prashikshan Sansthan (Run by Gyan shiksha Samiti,"Kamla Prashikshan Sansthan | (Run by Gyan shiksha Samiti, Azamgarh) Village and Post- | Utraula, Distrcit – Balrampur Uttar Pradesh – 271604",Uttar Pradesh,103,563.51,listed_in_2026-02-04_register; current_activity_not_assessed
948,UP192,Riya International College,"Riya International College, | Kaliyanpur G.T. Road Aligarh | Village Kaliyanpur Post Khera Narayan Singh Aligarh, Uttar | Pradesg 202121",Uttar Pradesh,103,612.11,listed_in_2026-02-04_register; current_activity_not_assessed
949,UP193,Samarpan Sansthan 7-V Shastri Nagar,"Samarpan Sansthan | 7-V Shastri Nagar, District - Ghazipur, Uttar Pradesh -233001",Uttar Pradesh,103,661.31,listed_in_2026-02-04_register; current_activity_not_assessed
950,UP194,Bajrang Shiksha Samiti Vill & Post Gaddopur Bilariyaganj,"Bajrang Shiksha Samiti | Vill & Post Gaddopur | Bilariyaganj, Azamgarh, Uttar Pradesh 276121 T.No.:",Uttar Pradesh,103,702.59,listed_in_2026-02-04_register; current_activity_not_assessed
951,UP195,Society for Institute of Pscyhological Research and Health Bhawalpur Wasil,"Society for Institute of Pscyhological Research and | Health | Bhawalpur Wasil, PO- Sarkara Kamal, District Sambhal Uttar | Pradesh 244304",Uttar Pradesh,103,743.87,listed_in_2026-02-04_register; current_activity_not_assessed
952,UP196,C.B.S.M. Pratapgarh-shukulpur,"C.B.S.M. Pratapgarh-shukulpur, Dahilamau, Pratapgarh, | Opp-FCI Godown, Uttar Pradesh -230001",Uttar Pradesh,103,789.35,listed_in_2026-02-04_register; current_activity_not_assessed
953,UP197,Samarth Foundation Ghusiya Gopiganj,"Samarth Foundation | Ghusiya Gopiganj, Bhadohi Uttar Pradesh",Uttar Pradesh,104,97.43,listed_in_2026-02-04_register; current_activity_not_assessed
954,UP198,Maharshi Baba Gulu Das Ganga Sagar Shikshan Prashikshan Sewa Shanstan,"Maharshi Baba Gulu Das | Ganga Sagar Shikshan Prashikshan Sewa Shanstan, Vill- | shahamuhammadpur | Post- Chandrawar, Dist- Ballia Uttar Pradesh",Uttar Pradesh,104,130.91,listed_in_2026-02-04_register; current_activity_not_assessed
955,UP199,S.B.M. Teacher Training & Rehab. Centre Delhi- Saharanpur road,"S.B.M. Teacher Training & Rehab. Centre Delhi- | Saharanpur road, Near New Block, Dist- Baghpat, Uttar | Pradesh-250611",Uttar Pradesh,104,182.75,listed_in_2026-02-04_register; current_activity_not_assessed
956,UP200,Swami Omanand Sarasvati Special Education and Training Institute,"Swami Omanand Sarasvati Special Education and | Training Institute, | Nehtaur Dhampur Road Village Kashmiri Post Nehtaur Dist- | Bijnor, Uttar Pradesh 246733",Uttar Pradesh,104,239.75,listed_in_2026-02-04_register; current_activity_not_assessed
957,UP201,Akhil Bhartiya Institute of Rehabilitation Bharatpur Road,"Akhil Bhartiya Institute of Rehabilitation | Bharatpur Road, Mathura Uttar Pradesh – 281001",Uttar Pradesh,104,296.27,listed_in_2026-02-04_register; current_activity_not_assessed
958,UP202,Baba Gilasu Smarak shikshan Sewa Sanstha Bhandari Nagara,"Baba Gilasu Smarak shikshan Sewa Sanstha | Bhandari Nagara, Ballia, Uttar Pradesh – 221711",Uttar Pradesh,104,344.39,listed_in_2026-02-04_register; current_activity_not_assessed
959,UP203,Babu Vishnu Pratap Singh Smarak Mahavidyalaya Babhanauli Barwa Bazar,"Babu Vishnu Pratap Singh Smarak Mahavidyalaya | Babhanauli Barwa Bazar, | Dist- Kushinagar Uttar Pradesh – 274305",Uttar Pradesh,104,378.35,listed_in_2026-02-04_register; current_activity_not_assessed
960,UP204,Sarvangeen Netraheen Evam Viklang Kalyan Samiti C/o Kishan Sharma,"Sarvangeen Netraheen Evam Viklang Kalyan Samiti | C/o Kishan Sharma, House No. – 5 | Gali No. 3 Near Ice Factory, Etah Road, Tundla, Firozabad, | Uttar Pradesh 283202",Uttar Pradesh,104,430.67,listed_in_2026-02-04_register; current_activity_not_assessed
961,UP205,Sampata Parents and Guardians Association of Mentally Challenged Persons Plot No. 777 & 781,"Sampata Parents and Guardians Association of Mentally | Challenged Persons | Plot No. 777 & 781, Raebareli, Uttar Prades - 229301",Uttar Pradesh,104,493.55,listed_in_2026-02-04_register; current_activity_not_assessed
962,UP206,Disha College of Special Education Near Gurunanak Dharmshala,"Disha College of Special Education | Near Gurunanak Dharmshala, Ajadpura Lalitpur Uttar | Pradesh -284403",Uttar Pradesh,104,539.03,listed_in_2026-02-04_register; current_activity_not_assessed
963,UP207,Shishu Evam Mahila Kalyan Prashikshan Sansthan,"Shishu Evam Mahila Kalyan Prashikshan Sansthan, | 545/K/N.K./646/ Govindnagar, Para, Lucknow- 226011, Uttar | Pradesh",Uttar Pradesh,104,593.39,listed_in_2026-02-04_register; current_activity_not_assessed
964,UP208,Shivanand Anand Madhav Mahavidhyalaya,"Shivanand Anand Madhav Mahavidhyalaya, | Nagla Ball Sirsaganj, District Firozabad, Uttar Pradesh- | 283151",Uttar Pradesh,104,646.19,listed_in_2026-02-04_register; current_activity_not_assessed
965,UP209,Shri Vikrama Chaubey S.M. Rehab Vidyalaya Vill-Deva,"Shri Vikrama Chaubey S.M. Rehab Vidyalaya | Vill-Deva, Post- Dullapur, | Dist-Ghazipur, Uttar Pradesh-275202",Uttar Pradesh,104,691.67,listed_in_2026-02-04_register; current_activity_not_assessed
966,UP210,Paras Muni Shiksha Awam Samaj Seva Sansthan Trust Vill- Rakauli,"Paras Muni Shiksha Awam Samaj Seva Sansthan Trust | Vill- Rakauli, Post- Bahadurganj, Distt- Mau, Uttar Pradesh- | 275101",Uttar Pradesh,104,739.79,listed_in_2026-02-04_register; current_activity_not_assessed
967,UP211,Shri Ram Lakhan Lal College of special Education,"Shri Ram Lakhan Lal College of special Education | Shanichara Bazar, Sant Kabir Nagar, Uttar Pradesh-272162",Uttar Pradesh,104,787.91,listed_in_2026-02-04_register; current_activity_not_assessed
968,UP212,Om Maa Aadi Shakti Rehab Institute of Education Village - Dewa,"Om Maa Aadi Shakti Rehab Institute of Education | Village - Dewa, Post- Dullahapur, Dist- Ghazipur Uttar | Pradesh-275202",Uttar Pradesh,105,126.71,listed_in_2026-02-04_register; current_activity_not_assessed
969,UP213,Maa Asharfi Shikshan Seva Samiti Village - Jafarpur,"Maa Asharfi Shikshan Seva Samiti Village - Jafarpur, Post- | Bisham, Tehsil- Mehnagar, | District - Azamgarh, Uttar Pradesh - 276205",Uttar Pradesh,105,175.79,listed_in_2026-02-04_register; current_activity_not_assessed
970,UP214,Umang Foundation House No. 51,"Umang Foundation | House No. 51, Bateshwar Road, Shikohabad Dist- Firozabad, | Uttar Pradesh-283203",Uttar Pradesh,105,217.55,listed_in_2026-02-04_register; current_activity_not_assessed
971,UP215,Dr. Ram Murti Prasad Mishra Training Institute ( Run by Dr. Ram Murti Prasad Mishra Gita Foundation) Vill - Harehu,"Dr. Ram Murti Prasad Mishra Training Institute ( Run by | Dr. Ram Murti Prasad Mishra Gita Foundation) | Vill – Harehu, Post- Balua, Dist- Varanasi, Uttar Pradesh- | 221201",Uttar Pradesh,105,280.43,listed_in_2026-02-04_register; current_activity_not_assessed
972,UP216,Aanchal Foundation House No. 1103,"Aanchal Foundation | House No. 1103, Near Shiv Mandir, Adarsh Nagar, | shikohabad, Firozabad, Uttar Pradesh – 283135",Uttar Pradesh,105,343.79,listed_in_2026-02-04_register; current_activity_not_assessed
973,UP217,Maa Gomti Kalyan Seva Samiti,"Maa Gomti Kalyan Seva Samiti, | SS-II, 1630, Sector – D1, L.D.A. Colony, Kanpur Road, | Lucknow-226012",Uttar Pradesh,105,387.23,listed_in_2026-02-04_register; current_activity_not_assessed
974,UP218,Om Shikshan Seva Sansthan,"Om Shikshan Seva Sansthan, | Vill + Post- Jajauli No. 2, | Dist-Ballia, Uttar Pradesh-221716",Uttar Pradesh,105,431.63,listed_in_2026-02-04_register; current_activity_not_assessed
975,UP219,Sushil Vishesh Shikshan Sansthan (Run by Adarsh Aacharya Kulam Trust) Vill & Post-Kajha Khurd,"Sushil Vishesh Shikshan Sansthan | (Run by Adarsh Aacharya Kulam Trust) Vill & Post-Kajha | Khurd, | Dist- Mau , Uttar Pradesh 276403",Uttar Pradesh,105,497.51,listed_in_2026-02-04_register; current_activity_not_assessed
976,UP220,Shri Rajroop Memorial Foundation Evam Educational Trust,"Shri Rajroop Memorial Foundation Evam Educational | Trust, | Village- Harpur Beelhi, Post- Tamkhuhiraj District- Kushi | Nagar – 274407",Uttar Pradesh,105,549.23,listed_in_2026-02-04_register; current_activity_not_assessed
977,UP221,Dr. S. R. Sharma Institute of Rehabilitation and Research Aegis of Adhunik Vidya Mandir Avm Junior High School Samiti 83-shyam Nagar Etawah,"Dr. S. R. Sharma Institute of Rehabilitation and Research | Aegis of Adhunik Vidya Mandir Avm Junior High School | Samiti | 83-shyam Nagar Etawah, Uttar Pradesh – 206001",Uttar Pradesh,105,602.03,listed_in_2026-02-04_register; current_activity_not_assessed
978,UP222,Anuragi Devi Mahavidyalay Vill- Bahuas,"Anuragi Devi Mahavidyalay | Vill- Bahuas, Post- Singhari Bazar | Dist- Kushinagar, Uttar Pradesh – 274301",Uttar Pradesh,105,653.87,listed_in_2026-02-04_register; current_activity_not_assessed
979,UP223,Shri Baijnath Girls Institute of Education and Management Aladadpur Post Trivediganj,"Shri Baijnath Girls Institute of Education and | Management Aladadpur Post Trivediganj, Dist- Barabanki | Uttar Pradesh-225126",Uttar Pradesh,105,698.39,listed_in_2026-02-04_register; current_activity_not_assessed
980,UP224,Sri Sai Baba Teachers Training Institute of Special Education 692,"Sri Sai Baba Teachers Training Institute of Special | Education | 692, Dwivedi Nagar in front of Paharpur Chungi, | Naubasta, Kanpur, Uttar Pradesh-208021",Uttar Pradesh,105,742.31,listed_in_2026-02-04_register; current_activity_not_assessed
981,UP225,Swami Ramananad Rehab Shikshan Prashikshan Sansthan,Swami Ramananad Rehab Shikshan Prashikshan | Sansthan,Uttar Pradesh,105,789.47,listed_in_2026-02-04_register; current_activity_not_assessed
982,UP226,Rainbow School for Special Education Nandganj,"Rainbow School for Special Education Nandganj, | Ghazipur, Uttar Pradesh – 233302",Uttar Pradesh,106,120.47,listed_in_2026-02-04_register; current_activity_not_assessed
983,UP227,Swami Vivekanand Institute for Empowerment of Persons with Disabilities,"Swami Vivekanand Institute for Empowerment of | Persons with Disabilities, | Ghat Road, Rourki Delhi Bypass, Meerut Uttar Pradesh- | 250001",Uttar Pradesh,106,168.59,listed_in_2026-02-04_register; current_activity_not_assessed
984,UP228,Kaivalya Foundation,"Kaivalya Foundation, | Shan City Near C.R.C. Mohan Road, Lucknow, Uttar Pradesh",Uttar Pradesh,106,221.39,listed_in_2026-02-04_register; current_activity_not_assessed
985,UP229,Tathya Rehabilitation Education Disabled Institute,"Tathya Rehabilitation Education Disabled Institute, | Run by Kamla Sikshan Sansthan, Gopal Ganj, Mathura, | Bateshwar Road, Shikohabad, Firozabad, Uttar Pradesh- | 225201",Uttar Pradesh,106,266.39,listed_in_2026-02-04_register; current_activity_not_assessed
986,UP230,Ayoush College of Special Education,"Ayoush College of Special Education, RIER Campus, | Jaitupur, Malik Mau, Raibareli, Uttar Pradesh 209010",Uttar Pradesh,106,323.39,listed_in_2026-02-04_register; current_activity_not_assessed
987,UP231,Children Choice Shikshan Sewa Samiti,"Children Choice Shikshan Sewa Samiti, | Vill- Newada Sambhupur, Post-Bibipur, Tehsil- Nizamabad, | Distt- Azamgarh Uttar Pradesh- 276135",Uttar Pradesh,106,366.83,listed_in_2026-02-04_register; current_activity_not_assessed
988,UP232,Shiv Shankar Audhyogik Shikshan Prashikshan Sansthan,"Shiv Shankar Audhyogik Shikshan Prashikshan | Sansthan, | Azamgarh, Uttar Pradesh – 246734",Uttar Pradesh,106,409.67,listed_in_2026-02-04_register; current_activity_not_assessed
989,UP233,Panna Institute of Rehabilitation,"Panna Institute of Rehabilitation, | Farah, Mathura, Uttar Pradesh",Uttar Pradesh,106,452.63,listed_in_2026-02-04_register; current_activity_not_assessed
990,UP234,Shivkumari Special School & Teacher’s Training Centre (Run by Sri Dayal Janhit Shikshan Sansthan) Shubh City,"Shivkumari Special School & Teacher’s | Training Centre | (Run by Sri Dayal Janhit Shikshan Sansthan) Shubh City, | Narauna, Mohaan Road, Lucknow, Uttar Pradesh-226101",Uttar Pradesh,106,495.59,listed_in_2026-02-04_register; current_activity_not_assessed
991,UP235,Sanskriti Rehabilitation Educational Institute (Run by Krishna Jan Kalyan shikshan Sansthan),"Sanskriti Rehabilitation Educational Institute (Run by | Krishna Jan Kalyan shikshan Sansthan), Mainpuri Road, | Aranv, Shikohabad, Firozabad, Uttar Pradesh -283141",Uttar Pradesh,106,558.47,listed_in_2026-02-04_register; current_activity_not_assessed
992,UP236,Maa Gayatri Punarvas Kendra (Run by Shri Deo Gayatri Shikshan Evam Jan Kalyan Samiti Tinhari Parsupur Mau) Rampur Nagar Kshetra Maunath Bhanjan,"Maa Gayatri Punarvas Kendra | (Run by Shri Deo Gayatri Shikshan Evam Jan Kalyan Samiti | Tinhari Parsupur Mau) | Rampur Nagar Kshetra Maunath Bhanjan, Mau, Uttar | Pradesh-275307",Uttar Pradesh,106,610.31,listed_in_2026-02-04_register; current_activity_not_assessed
993,UP237,Yoginath Vidhyapeeth (Run by Saint Yoginath Educational Trust) Sarurpur Kalan,"Yoginath Vidhyapeeth | (Run by Saint Yoginath Educational Trust) Sarurpur Kalan, | Baghpat, Uttar Pradesh-250619",Uttar Pradesh,106,668.39,listed_in_2026-02-04_register; current_activity_not_assessed
994,UP238,Surya Training & Rehabilitaiton Institute,"Surya Training & Rehabilitaiton Institute, | Run by – adarsh Sewa Samiti, | Doora Road Saiyad baba Masjid Ke Pass, Fatehpur Sikari, | Agra, Uttar Pradesh-283110",Uttar Pradesh,106,714.47,listed_in_2026-02-04_register; current_activity_not_assessed
995,UP239,Mahatma Jyotirao Phule Shikshan Prashikshan v Manav Seva Sansthan Maharajganj,"Mahatma Jyotirao Phule Shikshan Prashikshan v Manav | Seva Sansthan | Maharajganj, Azamgarh, Uttar Pradesh-276137",Uttar Pradesh,107,81.23,listed_in_2026-02-04_register; current_activity_not_assessed
996,UP240,Spectrum College of Special Educaiton (Run by Advait Foundation Charitable Trust) Vill- Jamoli,"Spectrum College of Special Educaiton (Run by Advait | Foundation Charitable Trust) | Vill- Jamoli, Post-Kurebhar, Sultanpur, Uttar Pradesh-228151",Uttar Pradesh,107,127.31,listed_in_2026-02-04_register; current_activity_not_assessed
997,UP241,Prasad College of Rehabilitation Sciences (Raipur tappa haveli Murai Ka Bagh Dalmau) Raebareli,"Prasad College of Rehabilitation Sciences (Raipur tappa | haveli Murai Ka Bagh Dalmau) Raebareli, Uttar Pradesh- | 229207",Uttar Pradesh,107,176.99,listed_in_2026-02-04_register; current_activity_not_assessed
998,UP242,Pragati College of Education,"Pragati College of Education, | Village- Mamrakhapur- Teukhar, | Chandeshwar Azamgarh, Uttar Pradesh-276128",Uttar Pradesh,107,219.35,listed_in_2026-02-04_register; current_activity_not_assessed
999,UP243,S. M. Educational and Welfare Society Bilram,"S. M. Educational and Welfare Society Bilram, Kasganj, | Uttar Pradesh-207124",Uttar Pradesh,107,258.59,listed_in_2026-02-04_register; current_activity_not_assessed
1000,UP244,Shri Ram Sahay Sikshan Prashikshan Kendra,"Shri Ram Sahay Sikshan Prashikshan Kendra, | Ghatampur Waya Bhaisahi, Chakiya, Dist. Chandauli Uttar | Pradesh-232103",Uttar Pradesh,107,284.15,listed_in_2026-02-04_register; current_activity_not_assessed
1001,UP245,Sugamya D.Ed. College,"Sugamya D.Ed. College, | (Run by Sugamya Society for the Welfare of Divyangjan) | Asharfi Bhawan Chauraha, Ayodhya Uttar Pradesh-224123",Uttar Pradesh,107,323.39,listed_in_2026-02-04_register; current_activity_not_assessed
1002,UP246,Shikohabad College of Special Educaiton (Run by Integrated Institute of Rehabilitation for the Disabled (Viklang Samekit Punarwas Sansthan),"Shikohabad College of Special Educaiton | (Run by Integrated Institute of Rehabilitation for the Disabled | (Viklang Samekit Punarwas Sansthan), Rudhaini, Arav, Tehsil- | Shikohabad, Dist- Firozabad, Uttar Pradesh – 282010",Uttar Pradesh,107,386.75,listed_in_2026-02-04_register; current_activity_not_assessed
1003,UP247,Jagprem Academy,"Jagprem Academy, | Narpat Khera, Near Laleshwar Mahadev Mandir, Para, | Lucknow, Uttar Pradesh-226010",Uttar Pradesh,107,454.31,listed_in_2026-02-04_register; current_activity_not_assessed
1004,UP248,"Srijan Sanstha, Kailas Chowk","Srijan Sanstha, | Kailas Chowk, Sungulpur near Sunbeam School, Post- | Harbuspur, Jaunpur, Uttar Pradesh-222001",Uttar Pradesh,107,498.23,listed_in_2026-02-04_register; current_activity_not_assessed
1005,UP249,Harshit Sewa Sansthan,"Harshit Sewa Sansthan, Sarwan Nagar, Bijnor, Lucknow | Uttar Pradesh – 226002",Uttar Pradesh,107,545.39,listed_in_2026-02-04_register; current_activity_not_assessed
1006,UP250,Kinetic Divyang Research and Rehabilitation Centre,"Kinetic Divyang Research and Rehabilitation Centre, | (Managed by Agrani Viklang Foundation), Village Galhamau, | Block Harakh, | Dist- Barabanki, Uttar Pradesh – 225121",Uttar Pradesh,107,583.07,listed_in_2026-02-04_register; current_activity_not_assessed
1007,UP251,The Advance Society for Bright Way Institute,"The Advance Society for Bright Way Institute, | Village & Post Sohgauli, Dist- Sultanpur Uttar Pradesh",Uttar Pradesh,107,630.23,listed_in_2026-02-04_register; current_activity_not_assessed
1008,UP252,Shanti Institute of Rehabilitation Science (Run by Akanksha Society) Ramaupur Suwah Link Road Dubari Mau,"Shanti Institute of Rehabilitation Science | (Run by Akanksha Society) Ramaupur Suwah Link Road | Dubari Mau, Uttar Pradesh – 221601",Uttar Pradesh,107,664.79,listed_in_2026-02-04_register; current_activity_not_assessed
1009,UP253,Ram Newaj Shikshanik Anusandhan Evam Punarvas Sansthan Vill & Post- Bhikharpur,"Ram Newaj Shikshanik Anusandhan Evam Punarvas | Sansthan | Vill & Post- Bhikharpur, Dist Sultanpur, Uttar Pradesh",Uttar Pradesh,107,714.47,listed_in_2026-02-04_register; current_activity_not_assessed
1010,UP254,National Association for the Blind 1710,"National Association for the Blind | 1710, First Floor Lekhraj Dollar, Near Fire Station Indira | Nagar, Lucknow 226016",Uttar Pradesh,107,758.99,listed_in_2026-02-04_register; current_activity_not_assessed
1011,UP255,Dushyant Singh Special School (Dushyant Singha Foundation Trust) Sadipur,"Dushyant Singh Special School (Dushyant Singha | Foundation Trust) Sadipur, Mushafirkhana, Amethi Uttar | Pradesh-227813",Uttar Pradesh,108,81.23,listed_in_2026-02-04_register; current_activity_not_assessed
1012,UP256,Dr. Smt. Mahadevi Educational Welfare Evam Shodh Sansthan 101 KM stone,"Dr. Smt. Mahadevi Educational Welfare Evam Shodh | Sansthan | 101 KM stone, NH-19 Koshi Kalan, Mathura Uttra Pradesh | 281403",Uttar Pradesh,108,115.19,listed_in_2026-02-04_register; current_activity_not_assessed
1013,UP257,Abhaydeep Divyang Shikshan Prashikshan Sansthan,"Abhaydeep Divyang Shikshan Prashikshan Sansthan, | Run by Abhaydeep School for Multiple Handicapped Children | Society, Marvi, Varanasi – 221208",Uttar Pradesh,108,165.95,listed_in_2026-02-04_register; current_activity_not_assessed
1014,UP258,Kailashi Mahila Vikas samiti,"Kailashi Mahila Vikas samiti, | Village – Dhyanipur, Post- Lohara, | District – Azamgarh, Uttar Pradesh-223223",Uttar Pradesh,108,219.83,listed_in_2026-02-04_register; current_activity_not_assessed
1015,UP259,Haji Waris Ali Shah Memorial Degree College Vill - Barolia,"Haji Waris Ali Shah Memorial Degree College | Vill – Barolia, Post- Sirauligauspur, | Dist- Barabanki, Uttar Pradesh – 225207",Uttar Pradesh,108,266.51,listed_in_2026-02-04_register; current_activity_not_assessed
1016,UP260,Amity Institute of Behavioural (Health) & Allied Sciences (AIBHAS),"Amity Institute of Behavioural (Health) & Allied Sciences | (AIBHAS), Amity University, | Plot No. 48A, Knowledge Park-III, Greater Noida, Uttar | Pradesh – 201308",Uttar Pradesh,108,313.19,listed_in_2026-02-04_register; current_activity_not_assessed
1017,UP261,Santosh Medical College & Hospitals,"Santosh Medical College & Hospitals, | Santosh Deemed to be University, | No. 1 Santosh Nagar, Pratap Vihar, Ghaziabad Uttar Pradesh | – 201009",Uttar Pradesh,108,372.23,listed_in_2026-02-04_register; current_activity_not_assessed
1018,UP262,Jan Vikas Samiti,"Jan Vikas Samiti, | Christnagar | Murdaha PO Varanasi, Uttar Pradesh 221202",Uttar Pradesh,108,427.19,listed_in_2026-02-04_register; current_activity_not_assessed
1019,UP263,Rajbala Divyang Teacher Training College (Run by Rajbala Divyang Sewa Samiti) Datavali Geshupur,"Rajbala Divyang Teacher Training College (Run by Rajbala | Divyang Sewa Samiti) Datavali Geshupur, Grah Road, | Meerut, Uttar Pradesh – 250004",Uttar Pradesh,108,480.59,listed_in_2026-02-04_register; current_activity_not_assessed
1020,UP264,Sahara Rehabilitation Center Run by Ch. Dharmartha Samiti 495/2,"Sahara Rehabilitation Center Run by Ch. Dharmartha | Samiti 495/2, Phoolbagh colony, Meerut Uttar Pradesh – | 250001",Uttar Pradesh,108,531.83,listed_in_2026-02-04_register; current_activity_not_assessed
1021,UP265,Diya-Sa Divyang Jan Sahyog Shikshan Sanstha (Run by dioya-Sa Samjik Sansthan) Paschimpati,"Diya-Sa Divyang Jan Sahyog Shikshan Sanstha (Run by | dioya-Sa Samjik Sansthan) Paschimpati,Bhimalpati, | Nizamabad, Azamgarh Uttar Pradesh – 223221",Uttar Pradesh,108,574.31,listed_in_2026-02-04_register; current_activity_not_assessed
1022,UP266,Heisenberg International school (Run by Heisenberg Shikshan Seva Sansthan) Mariahu,"Heisenberg International school | (Run by Heisenberg Shikshan Seva Sansthan) Mariahu, | Jaunpur, Uttar Pradesh",Uttar Pradesh,108,621.95,listed_in_2026-02-04_register; current_activity_not_assessed
1023,UP267,Nectar Charitable College (Run by Nectar Support and Development Foundation) 5/459 Viram Khand 5,"Nectar Charitable College | (Run by Nectar Support and Development Foundation) | 5/459 Viram Khand 5, Gomti Nagar, Regd & Po- 255/9610K, | Kundari, Nigam Bagh, Rakabganj, Lucknow – 226004",Uttar Pradesh,108,665.87,listed_in_2026-02-04_register; current_activity_not_assessed
1024,UP268,Awam Special Teacher’s Training College (Run by Awam Welfare Society) Baintikalan Road,"Awam Special Teacher’s Training College | (Run by Awam Welfare Society) Baintikalan Road, Bikapur, | Ayodhya Uttar Pradesh – 224209",Uttar Pradesh,108,737.03,listed_in_2026-02-04_register; current_activity_not_assessed
1025,UP269,Society for Advanced Research Rehabiltiaiton Training & Health Initiatives,"Society for Advanced Research Rehabiltiaiton Training & | Health Initiatives, | 536/925 Triveni Nagar-2 | Sitapur Road, Lucknow Uttar Pradesh – 226020",Uttar Pradesh,109,81.23,listed_in_2026-02-04_register; current_activity_not_assessed
1026,UP270,Chhatrapati Shahu Ji Maharaj University Kalyanpur,"Chhatrapati Shahu Ji Maharaj University | Kalyanpur, Kanpur, Uttar Pradesh-208024",Uttar Pradesh,109,133.07,listed_in_2026-02-04_register; current_activity_not_assessed
1027,UP271,Faculty of Psychology and Behavioural Sciences,"Faculty of Psychology and Behavioural Sciences, | Rama University, Kanpur Nagar, Uttar Pradesh - 209217",Uttar Pradesh,109,168.11,listed_in_2026-02-04_register; current_activity_not_assessed
1028,UP272,Savitribai Phule National Institute of Women and Child Development,"Savitribai Phule National Institute of Women and Child | Development, Regional Centre Lucknow PO Gudumba, Kursi | Road (Near Sports College) Lucknow- 226026",Uttar Pradesh,109,203.15,listed_in_2026-02-04_register; current_activity_not_assessed
1029,UP273,Adhyapak Prashikshan Kendra Infront of Rajkiya Sanket Mukbadhir Vidyalaya,"Adhyapak Prashikshan Kendra | Infront of Rajkiya Sanket Mukbadhir Vidyalaya, Mohaan Road, | Lucknow, Uttar Pradesh-226017",Uttar Pradesh,109,256.55,listed_in_2026-02-04_register; current_activity_not_assessed
1030,UP274,Vijay College of Special Education,"Vijay College of Special Education, | C/o Vijay College of Special Education, Z-Block, Mahindra | Enclave, Near Sai Mandir Chiranjeev Vihar, Sector-2, Shastri | Nagar, Ghaziabad, UTTAR PRADESH-201002",Uttar Pradesh,109,299.03,listed_in_2026-02-04_register; current_activity_not_assessed
1031,UP275,LAXMI REHABILITATION INSTITUTE,"LAXMI REHABILITATION INSTITUTE, | 12 PROFESSOR COLONY RADHIKA VIHAR ROAD | NEAR BSA COLLEGE, MATHURA, UTTAR PRADESH- | 281004",Uttar Pradesh,109,358.19,listed_in_2026-02-04_register; current_activity_not_assessed
1032,UP276,Study Hall Educational Foundation,"Study Hall Educational Foundation, | STUDY HALL SCHOOL, VIPUL KHAND - II, GOMTI NAGAR, | LUCKNOW, UTTAR PRADESH-226010",Uttar Pradesh,109,410.51,listed_in_2026-02-04_register; current_activity_not_assessed
1033,UT001,National Institute for the Empowerment of Persons with Visual Disabilities (Divyangjan),"National Institute for the Empowerment of Persons with | Visual Disabilities (Divyangjan), (NIEPVD),116, Rajpur | Road, Dehradun, Uttrakhand– 248001",Uttarakhand,109,467.03,listed_in_2026-02-04_register; current_activity_not_assessed
1034,UT002,RAPHAEL (for suffering of Relief) P.O. Box No: 157,"RAPHAEL (for suffering of Relief) | P.O. Box No: 157, End Mohini Road, Trans Rispana Nadi, | Dehradun, Uttarakhand – 248001",Uttarakhand,110,107.87,listed_in_2026-02-04_register; current_activity_not_assessed
1035,UT004,Department of E.N.T Himalayan Institute of Medical Sciences,"Department of E.N.T Himalayan Institute of Medical | Sciences, Swami Ram Nagar,P.O. Jolly Grant, Dehradun- | 248016",Uttarakhand,110,157.55,listed_in_2026-02-04_register; current_activity_not_assessed
1036,UT007,Anmol Foundation Katoratal Naye Basti,"Anmol Foundation | Katoratal Naye Basti, | Near Government Hospital, Kashipur U.S. Nagar Uttarakhand | 244713",Uttarakhand,110,208.79,listed_in_2026-02-04_register; current_activity_not_assessed
1037,WB001,National Institute for Locomotor Disabilities (Divyangjan),"National Institute for Locomotor Disabilities (Divyangjan), | Bon-Hooghly, B.T. Road, Calcutta, West Bengal – 700090",West Bengal,110,277.31,listed_in_2026-02-04_register; current_activity_not_assessed
1038,WB002,Anandniketan (Society for Mental Health Care),"Anandniketan (Society for Mental Health Care), | P.O. & Village : Khajurdihi, Via-Katwa, Dist. Burdwan, West | Bengal-713 510",West Bengal,110,435.11,listed_in_2026-02-04_register; current_activity_not_assessed
1039,WB003,Alakendu Bodh Niketan Residential,"Alakendu Bodh Niketan Residential, | P-1/4/1, C.I.T Scheme VII-M, V.I.P. Road, | Kankurgachi, Kolkata, West Bengal - 700054",West Bengal,110,499.43,listed_in_2026-02-04_register; current_activity_not_assessed
1040,WB004,National Institute for the Empowerment of Persons with Intellectual Disability (Divyangjan),"National Institute for the Empowerment of Persons with | Intellectual Disability (Divyangjan), | Regional Training Centre, NIOH Campus, | Bon-Hooghly, | B T Road, Kolkata, West Bengal – 700 090",West Bengal,110,579.35,listed_in_2026-02-04_register; current_activity_not_assessed
1041,WB005,Ali Yavar Jung National Institute of Speech and Hearing Disabilities (Divyangjan),"Ali Yavar Jung National Institute of Speech and Hearing | Disabilities (Divyangjan), | (Under Departmnet of Empowerment of Persons with | Disabilities (Divyangjan), Ministry of Social | Justice & Empowerment, Govt of India) Regional Training | Centre",West Bengal,110,765.83,listed_in_2026-02-04_register; current_activity_not_assessed
1042,WB006,Indian Institute of Cerebral Palsy,"Indian Institute of Cerebral Palsy, IICP ( Formerly Spastic | Society of Eastern India), P- 35/1,Taratolla Road, Kolkata-88",West Bengal,111,320.99,listed_in_2026-02-04_register; current_activity_not_assessed
1043,WB007,The Ramakrishna Mission Blind Boys’ Academy,"The Ramakrishna Mission Blind Boys’ Academy, | Ramakrishna Mission Ashram (T.I.T.V.H.), Narendrapur, | Kolkata – 700103",West Bengal,111,372.23,listed_in_2026-02-04_register; current_activity_not_assessed
1044,WB009,Vivekananda Mission Asram,"Vivekananda Mission Asram, | Vivekanagar, P.O. Chaitanyapur (Haldia),District Medinipur, | West Bengal -721645",West Bengal,111,443.27,listed_in_2026-02-04_register; current_activity_not_assessed
1045,WB010,Training College for the Teachers of the Deaf,"Training College for the Teachers of the Deaf, 293, | Acharya Prafulla Chandra Road, Kolkata, West Bengal - | 700009",West Bengal,111,532.07,listed_in_2026-02-04_register; current_activity_not_assessed
1046,WB016,SHELTER College of Special Education,"SHELTER College of Special Education, 3, Bholanath | Bhaduri Sarani, Bhadreswar, Hooghly, West Bengal – 712 | 124.",West Bengal,111,601.07,listed_in_2026-02-04_register; current_activity_not_assessed
1047,WB017,Ramakrishna Vivekananda Mission,"Ramakrishna Vivekananda Mission, 7, Riverside Road, | Barrackpore, North 24 Parganas, | West Bengal–700120",West Bengal,111,652.31,listed_in_2026-02-04_register; current_activity_not_assessed
1048,WB018,Pradip Centre for Autism Management,"Pradip Centre for Autism Management, 33A/1, Canal South | Road, Kolkata-700015",West Bengal,111,741.11,listed_in_2026-02-04_register; current_activity_not_assessed
1049,WB020,Midnapore Rehabilitation Centre for Children. “Gitanjali”,"Midnapore Rehabilitation Centre for Children. | “Gitanjali”, Dr. Nilay Paul Road (Earlier Vidyasaga Road), | P.O. – Midnapore, Dist – Paschim Medinipur – 721101, West | Bengal",West Bengal,112,107.87,listed_in_2026-02-04_register; current_activity_not_assessed
1050,WB022,"Bikashayan, 40","Bikashayan, | 40, Bon Hooghly Govt. Colony, Kolkata, West Bengal – | 700108",West Bengal,112,265.67,listed_in_2026-02-04_register; current_activity_not_assessed
1051,WB023,Department of Disability Studies Rabindra Bharati University,"Department of Disability Studies Rabindra Bharati | University, Emerald Bower Campus, | 56 A, Barrackpore Trunk Road, Kolkata, West Bengal - | 700050",West Bengal,112,339.47,listed_in_2026-02-04_register; current_activity_not_assessed
1052,WB026,Department of Psychology,"Department of Psychology, University of Calcutta, | University Colleges of Science, Technology and Agriculture, | 92, Acharya Prafulla Chandra Road, Kolkata West Bengal – | 700009 /Telefax:",West Bengal,112,417.35,listed_in_2026-02-04_register; current_activity_not_assessed
1053,WB028,North Bengal Handicapped Rehabilitation Society,"North Bengal Handicapped Rehabilitation Society, New | Township, kawakhali (Near Group Centre), Central Reserve | Police Force (C.R.P.F. Complex) Post: Sushruta Nagar, Dist. | Darjeeling, West Bengal – 734012",West Bengal,112,486.35,listed_in_2026-02-04_register; current_activity_not_assessed
1054,WB029,Institute of Psychiatry,"Institute of Psychiatry, IPGME&R, 7 D.L. Khan Road, | Kolkata, West Bengal – 700025",West Bengal,112,602.51,listed_in_2026-02-04_register; current_activity_not_assessed
1055,WB030,"Voice of World, 4 Nrisingha Dutta Road","Voice of World, | 4 Nrisingha Dutta Road, Kolkata, West Bengal – | 700008 /",West Bengal,112,644.87,listed_in_2026-02-04_register; current_activity_not_assessed
1056,WB031,Debendranath Mondal (D. N. Mondal) College Run by: Pirkhali Pathikrit,"Debendranath Mondal (D. N. Mondal) College Run by: | Pirkhali Pathikrit, Vill.-Chandipur, P.O. – Kundarali, P.S.- | Baruipur, District – South 24 Parganas,West Bengal – 743610",West Bengal,112,696.11,listed_in_2026-02-04_register; current_activity_not_assessed
1057,WB032,Nadia Zilla Pratibandhi Kalyan Samiti,"Nadia Zilla Pratibandhi Kalyan Samiti, (Renuka Debi | Special D.ED.College), 8, Church Lane, P.O. Krishnagar, P.S- | Kotwali, District – | Nadia, West Bengal – 741101",West Bengal,112,782.87,listed_in_2026-02-04_register; current_activity_not_assessed
1058,WB033,Vivekananda Lokshiksha Niketan,"Vivekananda Lokshiksha Niketan, | At. Faridpur, P.O. Dakshin Dauki, P.S. Contai, Dist. Purba | Medinipur, West Bengal-721450",West Bengal,113,110.99,listed_in_2026-02-04_register; current_activity_not_assessed
1059,WB034,Moyna Ramkrishnayan Association,"Moyna Ramkrishnayan Association, Village Harkuli | Bhanderchak, P.O.+ P.S.- Moyna, Dist- Purba Medinipur, | West Bengal-721629",West Bengal,113,177.35,listed_in_2026-02-04_register; current_activity_not_assessed
1060,WB035,Pratibandhi Kalyan Kendra Abinash Mukherjee Road,"Pratibandhi Kalyan Kendra | Abinash Mukherjee Road, Hooghly, West Bengal – | 712103",West Bengal,113,235.43,listed_in_2026-02-04_register; current_activity_not_assessed
1061,WB037,Cooch Behar Special Education Teachers Training Centre,"Cooch Behar Special Education Teachers Training | Centre, Vill. + Post – Rajarhat, P.O.- Patlakhawa, Dist.-Cooch | Behar, | West Bengal - 736165 /",West Bengal,113,295.55,listed_in_2026-02-04_register; current_activity_not_assessed
1062,WB038,Punarbasan - A Centre For Special Education Vill.& PO. - Mangalbari,"Punarbasan - A Centre For Special Education Vill.& PO. – | Mangalbari, P.S. - Malda, Dist. - Malda, West Bengal - | 732142, (Near Bidyabharti Shishu Tirtha School)",West Bengal,113,360.35,listed_in_2026-02-04_register; current_activity_not_assessed
1063,WB039,Asha Bhavan Centre,"Asha Bhavan Centre, | Vill. – Kathila, P.O – Banitabla, PS – Uluberia, District – | Howrah,West Bengal - 711316",West Bengal,113,417.95,listed_in_2026-02-04_register; current_activity_not_assessed
1064,WB040,Autism Society West Bengal 22,"Autism Society West Bengal | 22, Anjuman Ara Begum Row, Kolkata 700 033, | West Bengal /",West Bengal,113,471.23,listed_in_2026-02-04_register; current_activity_not_assessed
1065,WB041,Tarai And Dooars Special Education Training College,"Tarai And Dooars Special Education Training College, | Village – Pashcim Kathalbari Poshilbarihat, District – | Alipurduar, West Bengal – 736204/",West Bengal,113,521.87,listed_in_2026-02-04_register; current_activity_not_assessed
1066,WB042,Paschimbanga Rajya Pratibandhi Sammilani,"Paschimbanga Rajya Pratibandhi Sammilani, 147, | Pratibandhi Village, Barakhola, Ukundapur, Kolkata 700099, | Registered Officer :- | 4, Santoshpur Avenue, Kolkata – 75",West Bengal,113,566.27,listed_in_2026-02-04_register; current_activity_not_assessed
1067,WB043,New Mission Training College,"New Mission Training College, | 5, Ramesh Mitra Road, District - Kolkata, | West Bengal -700025 /",West Bengal,113,611.75,listed_in_2026-02-04_register; current_activity_not_assessed
1068,WB044,Amity Institute of Behavioural And Allied Sciences (AIBHAS) Major Arterial Road,"Amity Institute of Behavioural And Allied Sciences | (AIBHAS) Major Arterial Road, Action Area - II Rajarhat, New | Town Kolkata - 700135",West Bengal,113,679.67,listed_in_2026-02-04_register; current_activity_not_assessed
