institute_code,prior_label,final_label,source_page,change_reason
AP004,RASS College of Special Education,RASS College of Special Education,1,normalized label matched source text
AP008,"Department of Special Education, Andhra University","Department of Special Education, Andhra University",1,normalized label matched source text
AP011,Sri Padmavathi Mahila Visvavidyalayam,Sri Padmavathi Mahila Visvavidyalayam,1,normalized label matched source text
AP012,Helen Keller’s College of Special Education (HI),Helen Keller’s College of Special Education (HI),1,normalized label matched source text
AP013,Navajeevan Residential Special School for the Deaf (HI),Navajeevan Residential Special School for the Deaf (HI),1,normalized label matched source text
AP014,Sweekar Academy of Rehabilitation Sciences,Sweekar Academy of Rehabilitation Sciences,1,normalized label matched source text
AP016,Pragathi Charities College of Special Education,Pragathi Charities College of Special Education,1,normalized label matched source text
AP022,Uma Educational and Technical Society,Uma Educational and Technical Society,1,normalized label matched source text
AP028,Dr. B.R. Ambedkar University,Dr. B.R. Ambedkar University,1,normalized label matched source text
AP031,M.N.R College of Special Education,M.N.R College of Special Education,1,normalized label matched source text
AP032,St. Ann’s College for DSE (MR),St. Ann’s College for DSE (MR),1,normalized label matched source text
AP033,Integrated Special Education,Integrated Special Education,1,normalized label matched source text
AP034,Priyadarsini Service Organization,Priyadarsini Service Organization,2,normalized label matched source text
AP035,Uma Educational and Technical Society,Uma Educational and Technical Society,2,normalized label matched source text
AP036,Kasinadhuni Durgamba Butchaiah Trust,Kasinadhuni Durgamba Butchaiah Trust,2,normalized label matched source text
AP037,Chaitanya College for D.Ed. Bharathi Academic Rural Development Society (BARDS),Chaitanya College for D.Ed. Bharathi Academic Rural Development Society (BARDS),2,normalized label matched source text
AP038,St. Andrews College of Special Education,St. Andrews College of Special Education,2,normalized label matched source text
AP040,HELPING HANDS COLLEGE FOR DIPLOMA IN SPECIAL Education,HELPING HANDS COLLEGE FOR DIPLOMA IN SPECIAL Education,2,normalized label matched source text
AP041,S. V. College Of Special Education,S. V. College Of Special Education,2,normalized label matched source text
AP042,Composite Regional Centre,Composite Regional Centre,2,normalized label matched source text
AP043,B.G. College of Special Education,B.G. College of Special Education,2,normalized label matched source text
AP044,Boggavarapu Guravaiah College of Special Education,Boggavarapu Guravaiah College of Special Education,3,normalized label matched source text
AP045,UMA Educational And Techical Society,UMA Educational And Techical Society,3,normalized label matched source text
AP046,Vyshnavi Special Education Training Institute Tripurantakam,Vyshnavi Special Education Training Institute Tripurantakam,3,normalized label matched source text
AP047,Ambika Sishu Kendra,Ambika Sishu Kendra,3,normalized label matched source text
AP048,Indlas Hospitals D.No. -29-7-32,Indlas Hospitals D.No. -29-7-32,3,normalized label matched source text
AP049,The Apollo University The Apollo Knowledge City,The Apollo University The Apollo Knowledge City,3,normalized label matched source text
AP050,VISAKHAPATNAM SPEECH AND HEARING CHARITABLE TRUST,VISAKHAPATNAM SPEECH AND HEARING CHARITABLE TRUST,3,normalized label matched source text
AR001,Himalayan University,Himalayan University,3,normalized label matched source text
AR002,Hills College of Teacher Education,Hills College of Teacher Education,3,normalized label matched source text
AR003,Arunachal University of Studies,Arunachal University of Studies,3,normalized label matched source text
AR004,North East Regional Institute of Rehabilitation Science and Inclusion(NERI-RSI),North East Regional Institute of Rehabilitation Science and Inclusion(NERI-RSI),3,normalized label matched source text
AS002,"Shishu Sarothi, Centre for Rehabilitation and Training for Multiple Disability","Shishu Sarothi, Centre for Rehabilitation and Training for Multiple Disability",4,normalized label matched source text
AS003,Composite Regional Centre,Composite Regional Centre,4,normalized label matched source text
AS004,Lokopriya Gopinath Bordoli Regional Institute of Mental Health,Lokopriya Gopinath Bordoli Regional Institute of Mental Health,4,normalized label matched source text
AS005,Institute of Yoga and Nutrition Sciences (YNS) 2nd H.O Siddha Point,Institute of Yoga and Nutrition Sciences (YNS),4,corrected from source name/address column
AS007,National Institute of Public Cooperation and Child Development (NIPCCD),National Institute of Public Cooperation and Child Development (NIPCCD),4,normalized label matched source text
BR001,Indian Institute of Health Education and Research Health,Indian Institute of Health Education and Research Health,4,normalized label matched source text
BR002,J.M. Institute of Speech & Hearing,J.M. Institute of Speech & Hearing,4,normalized label matched source text
BR003,Training Centre for the Teachers of the Visually Handicapped,Training Centre for the Teachers of the Visually Handicapped,5,normalized label matched source text
BR005,Ayurvedic & Magnetotherapy Research Institute (A.M.R.I),Ayurvedic & Magnetotherapy Research Institute (A.M.R.I),5,normalized label matched source text
BR007,ECOVIC (Environmental Consultancy Vikash Centre),ECOVIC (Environmental Consultancy Vikash Centre),5,normalized label matched source text
BR009,J.M. Institute of Speech & Hearing,J.M. Institute of Speech & Hearing,5,normalized label matched source text
BR010,Composite Regional Centre for Skill Development,Composite Regional Centre for Skill Development,5,normalized label matched source text
BR012,Jawaharlal Nehru Medical College & Hospital,Jawaharlal Nehru Medical College & Hospital,5,normalized label matched source text
BR013,S.L. Roy Public Health & Research Institute,S.L. Roy Public Health & Research Institute,5,normalized label matched source text
BR014,Utakarsh Rehabilitation & Research Institute,Utakarsh Rehabilitation & Research Institute,6,normalized label matched source text
BR015,Rani Laxmi Mahila Vikas Samiti-Saphal,Rani Laxmi Mahila Vikas Samiti-Saphal,6,normalized label matched source text
BR016,S.S. College of Special Education,S.S. College of Special Education,6,normalized label matched source text
BR017,Dev Narayan Teacher Training Institute Chini Mill,Dev Narayan Teacher Training Institute Chini Mill,6,normalized label matched source text
BR018,Amity Institute of Clinical Psychology (AICP) Amiy University Bihar,Amity Institute of Clinical Psychology (AICP) Amiy University Bihar,6,normalized label matched source text
BR019,Narayan Paramedical Institute & Allied Sciences,Narayan Paramedical Institute & Allied Sciences,6,normalized label matched source text
CH001,Post Graduate Institute of Medical Education and Research,Post Graduate Institute of Medical Education and Research,6,normalized label matched source text
CH002,Government Rehabilitation Institute for Intellectual Disabilities (Regional Institute for the Mentally Handicapped) (RIMH),Government Rehabilitation Institute for Intellectual Disabilities (Regional Institute for the Mentally Handicapped) (RIMH),6,normalized label matched source text
CH003,Indian National Portage Association,Indian National Portage Association,6,normalized label matched source text
CH004,Department of Community Education & Disability Studies,Department of Community Education & Disability Studies,7,normalized label matched source text
CH005,Government Medical College & Hospital,Government Medical College & Hospital,7,normalized label matched source text
CG001,Lions Charitable Trust,Lions Charitable Trust,7,normalized label matched source text
CG002,AAKANKSHA Lions Institute of Learning and Empowerment,AAKANKSHA Lions Institute of Learning and Empowerment,7,normalized label matched source text
CG006,Post Graduate Institute of Behavioural & Medical Sciences,Post Graduate Institute of Behavioural & Medical Sciences,7,normalized label matched source text
CG007,Department of E.N.T,Department of E.N.T,7,normalized label matched source text
CG008,Department of Education,Department of Education,7,normalized label matched source text
CG009,Surguja Gyanodaya Association Oid State Bank Building,Surguja Gyanodaya Association Oid State Bank Building,7,normalized label matched source text
CG010,Piyali Foundation College For Special Education 1/10 Rajiv Nagar P.O Shankar Nagar,Piyali Foundation College For Special Education 1/10 Rajiv Nagar P.O Shankar Nagar,8,normalized label matched source text
CG011,School of Studies in Psychology Pt. Ravishankar Shukla University,School of Studies in Psychology Pt. Ravishankar Shukla University,8,normalized label matched source text
CG012,Composite Regional Centre for Skill Development,Composite Regional Centre for Skill Development,8,normalized label matched source text
CG013,PIYALI Teacher Training Institute Near Railway Crossing Ward No. 7 Tumgaon Road,PIYALI Teacher Training Institute Near Railway Crossing Ward No. 7 Tumgaon Road,8,normalized label matched source text
CG014,Central India Institute G.E. Road Dewada Chowk,Central India Institute G.E. Road Dewada Chowk,8,normalized label matched source text
CG015,Shri Rawatpura Sarkar University,Shri Rawatpura Sarkar University,8,normalized label matched source text
CG016,Amity Institute of Behavioural & Allied Sciences Baloda Bazaar Road,Amity Institute of Behavioural & Allied Sciences Baloda Bazaar Road,8,normalized label matched source text
CG017,All India Institute of Medical Sciences Tatibandh,All India Institute of Medical Sciences Tatibandh,8,normalized label matched source text
CG018,Kalinga University Village Kotni,Kalinga University Village Kotni,8,normalized label matched source text
DL001,Vardhman Mahavir Medical College,Vardhman Mahavir Medical College,8,normalized label matched source text
DL003,The Blind Relief Association,The Blind Relief Association,8,normalized label matched source text
DL005,Tamana Association (School of Hope),Tamana Association (School of Hope),8,normalized label matched source text
DL007,"Y.M.C.A., Teachers Training Institute for Special Education","Y.M.C.A., Teachers Training Institute for Special Education",9,normalized label matched source text
DL008,Amar Jyoti Rehabilitation and Research Centre Karkardooma,Amar Jyoti Rehabilitation and Research Centre Karkardooma,9,normalized label matched source text
DL009,Teachers Training Institute for Special Education (DSWSC),Teachers Training Institute for Special Education (DSWSC),9,normalized label matched source text
DL011,Jamia Millia Islamia,Jamia Millia Islamia,9,normalized label matched source text
DL012,C.B.S. Memorial Mahila,C.B.S. Memorial Mahila,9,normalized label matched source text
DL013,Action For Autism,Action For Autism,10,normalized label matched source text
DL014,Indian Spinal Injuries Centre,Indian Spinal Injuries Centre,10,normalized label matched source text
DL016,Pandit Deendayal Upadhayaya Institute for the Physically Handicapped 4,Pandit Deendayal Upadhayaya Institute for the Physically Handicapped 4,10,normalized label matched source text
DL017,Lady Irwin College,Lady Irwin College,10,normalized label matched source text
DL018,Akshay Pratishthan,Akshay Pratishthan,10,normalized label matched source text
DL019,Institute of Human Behaviour & Allied Sciences (IHBAS),Institute of Human Behaviour & Allied Sciences (IHBAS),10,normalized label matched source text
DL020,Durgabai Deshmukh College of Special Education,Durgabai Deshmukh College of Special Education,10,normalized label matched source text
DL021,Manovikas Comprehensive Rehabilitation and Research Centre,Manovikas Comprehensive Rehabilitation and Research Centre,10,normalized label matched source text
DL022,Vision Institute of Advanced Studies,Vision Institute of Advanced Studies,10,normalized label matched source text
DL025,Dr. Ram Manohar Lohia Hospital,Dr. Ram Manohar Lohia Hospital,11,normalized label matched source text
DL026,Savitribai Phule National Institute of Women and Child Development,Savitribai Phule National Institute of Women and Child Development,11,normalized label matched source text
DL028,Ashtavakra Institute of Rehabilitation Sciences & Research,Ashtavakra Institute of Rehabilitation Sciences & Research,11,normalized label matched source text
DL029,"K.S. MEMORIAL, R1-R2","K.S. MEMORIAL, R1-R2",11,normalized label matched source text
DL030,Viklang Avam Punarvas Kendra 218,Viklang Avam Punarvas Kendra 218,11,normalized label matched source text
DL031,Indian Sign Language Research & Training Centre (ISLRTC),Indian Sign Language Research & Training Centre (ISLRTC),11,normalized label matched source text
DL032,Ashtavakra Institute of Rehabilitation Sciences & Research,Ashtavakra Institute of Rehabilitation Sciences & Research,12,normalized label matched source text
DL033,Association For Advancement and Rehabilitation of Handicapped C/o Navjyoti Institute,Association For Advancement and Rehabilitation of Handicapped C/o Navjyoti Institute,12,normalized label matched source text
DL034,"CBSM, Delhi Handicapped Site Dwarka","CBSM, Delhi Handicapped Site Dwarka",12,normalized label matched source text
DL035,National Trust for the Handicapped,National Trust for the Handicapped,12,normalized label matched source text
DL036,"Shristi C-272, Vivek Vihar","Shristi C-272, Vivek Vihar",12,normalized label matched source text
DL037,Tecnia Institute of Teacher Education F-19,Tecnia Institute of Teacher Education F-19,13,normalized label matched source text
DL038,DIRD College of Special Education GT Karnal Road,DIRD College of Special Education GT Karnal Road,13,normalized label matched source text
DL039,National Forensic Science University (An Institution of National Importance) Delhi Campus,National Forensic Science University (An Institution of National Importance) Delhi Campus,13,normalized label matched source text
DL040,Mothers Care College of Special Education (Run by Kartikeyan Educational Soceity) Plot No. 66 Sector -A9,Mothers Care College of Special Education (Run by Kartikeyan Educational Soceity) Plot No. 66 Sector -A9,13,normalized label matched source text
DL041,Aryan College of Special Education Plot No. 75,Aryan College of Special Education Plot No. 75,13,normalized label matched source text
GO001,Lokvishwas Pratishthan,Lokvishwas Pratishthan,13,normalized label matched source text
GO004,Dnyanvardhini Divyang Training College,Dnyanvardhini Divyang Training College,13,normalized label matched source text
GO005,Composite Regional Centre for Skill Development,Composite Regional Centre for Skill Development,13,normalized label matched source text
GJ001,B.M. Institute of Mental Health,B.M. Institute of Mental Health,13,normalized label matched source text
GJ003,Sh. Shah K.L. Institute for the Deaf,Sh. Shah K.L. Institute for the Deaf,13,normalized label matched source text
GJ005,Training College for Teachers of the Deaf & Blind,Training College for Teachers of the Deaf & Blind,13,normalized label matched source text
GJ006,"Akshar Trust, 11th Floor","Akshar Trust, 11th Floor",14,normalized label matched source text
GJ007,Gujarat Kelvani Trust,Gujarat Kelvani Trust,14,normalized label matched source text
GJ010,‘Ankur’ Special School for Mentally Retarded,‘Ankur’ Special School for Mentally Retarded,14,normalized label matched source text
GJ011,Blind Welfare Council,Blind Welfare Council,14,normalized label matched source text
GJ012,Smt. P N R S (Talajwala) Society for Relief & Rehabilitation of the Disabled,Smt. P N R S (Talajwala) Society for Relief & Rehabilitation of the Disabled,14,normalized label matched source text
GJ015,Govt. Prosthetic & Orthotic College,Govt. Prosthetic & Orthotic College,14,normalized label matched source text
GJ016,C.U. Shah Medical College,C.U. Shah Medical College,14,normalized label matched source text
GJ019,Sh. P K Mehta College for the Special Education,Sh. P K Mehta College for the Special Education,14,normalized label matched source text
GJ020,School of Behavioural Sciences,School of Behavioural Sciences,15,normalized label matched source text
GJ021,Composite Regional Centre for Persons with Disabilities,Composite Regional Centre for Persons with Disabilities,15,normalized label matched source text
GJ022,Sardar Patel University,Sardar Patel University,15,normalized label matched source text
GJ024,Sumandeep Vidyapeeth Deemed to be University,Sumandeep Vidyapeeth Deemed to be University,15,normalized label matched source text
GJ025,Indian Institute of Teacher Education Centre of Education,Indian Institute of Teacher Education Centre of Education,15,normalized label matched source text
GJ026,Gujarat Medical Education and Research Society,Gujarat Medical Education and Research Society,15,normalized label matched source text
GJ027,Rashtriya Raksha University At Lavad,Rashtriya Raksha University At Lavad,15,normalized label matched source text
GJ028,Government Spine Institute,Government Spine Institute,15,normalized label matched source text
HR001,"ARPAN, Institute for the Mentally Handicapped","ARPAN, Institute for the Mentally Handicapped",15,normalized label matched source text
HR002,"Department of Special Education, Kurukshetra University","Department of Special Education, Kurukshetra University",15,normalized label matched source text
HR003,Shravan Institute of Special Education & Research,Shravan Institute of Special Education & Research,16,normalized label matched source text
HR006,Society for Advanced Study in Rehabilitation,Society for Advanced Study in Rehabilitation,16,normalized label matched source text
HR007,State Institute for Rehabilitation Training & Research (SIRTAR),State Institute for Rehabilitation Training & Research (SIRTAR),16,normalized label matched source text
HR008,Haryana College of Special Education & Rehabilitation,Haryana College of Special Education & Rehabilitation,16,normalized label matched source text
HR009,Vision institute for Applied Studies,Vision institute for Applied Studies,17,normalized label matched source text
HR012,Adarsh Rehabilitation Centre for Mentally and Physically Handicapped children,Adarsh Rehabilitation Centre for Mentally and Physically Handicapped children,17,normalized label matched source text
HR013,Jan Nayak Ch. Devi Lal (PG) College of Education,Jan Nayak Ch. Devi Lal (PG) College of Education,18,normalized label matched source text
HR014,ST. PAUL COLLEGE OF EDUCATION,ST. PAUL COLLEGE OF EDUCATION,18,normalized label matched source text
HR015,MR DAV College of Education,MR DAV College of Education,18,normalized label matched source text
HR016,Tapan Rehabilitation Society,Tapan Rehabilitation Society,18,normalized label matched source text
HR017,Red Cross Institute for Education & Rehabilitation of Mentally Challenged Children,Red Cross Institute for Education & Rehabilitation of Mentally Challenged Children,18,normalized label matched source text
HR018,Amity University Haryana,Amity University Haryana,19,normalized label matched source text
HR019,Shivom Rehabilitation Centre (SRC),Shivom Rehabilitation Centre (SRC),19,normalized label matched source text
HR020,R.P. Institute of Speech & Audiology,R.P. Institute of Speech & Audiology,19,normalized label matched source text
HR021,Jind Central Jaycees Education and Charitable Society,Jind Central Jaycees Education and Charitable Society,19,normalized label matched source text
HR022,Shri Sachha Special Education for the Deaf,Shri Sachha Special Education for the Deaf,19,normalized label matched source text
HR023,Misri Devi Rehabilitation Centre,Misri Devi Rehabilitation Centre,19,normalized label matched source text
HR024,Amar Jyoti Foundation,Amar Jyoti Foundation,19,normalized label matched source text
HR026,SSM Instiutute of Rehabilitation Training and Research for Inclusive Education (Divyangjan),SSM Instiutute of Rehabilitation Training and Research for Inclusive Education (Divyangjan),20,normalized label matched source text
HR027,Institute for Advanced Research and Social Action,Institute for Advanced Research and Social Action,20,normalized label matched source text
HR028,K.V.M. College of Special Education,K.V.M. College of Special Education,20,normalized label matched source text
HR029,RENU VIDYA MANDIR (An Institute of Special Education Vocational Rehabilitation Training and Research),RENU VIDYA MANDIR (An Institute of Special Education Vocational Rehabilitation Training and Research),20,normalized label matched source text
HR030,S.M. Rehabilitation & Research Centre,S.M. Rehabilitation & Research Centre,20,normalized label matched source text
HR034,Samarth Institute of Inclusive Education House No. 223/4 Subhash Nagar Street No.-3 Bahadurgarh-124507 Haryana,Samarth Institute of Inclusive Education House No. 223/4 Subhash Nagar Street No.-3 Bahadurgarh-124507 Haryana,20,normalized label matched source text
HR036,TEERTHANKER K.R.D. COLLEGE PLOT NO 35,TEERTHANKER K.R.D. COLLEGE PLOT NO 35,20,normalized label matched source text
HR038,JBDM College of Special Education (Run by JBDM Educational and Social Welfare Society) VPO Saral Distt Bhiwani,JBDM College of Special Education (Run by JBDM Educational and Social Welfare Society) VPO Saral Distt Bhiwani,21,normalized label matched source text
HR039,Adarsh Rehabilitation Institute of Vocational Training Rohtak Road,Adarsh Rehabilitation Institute of Vocational Training Rohtak Road,21,normalized label matched source text
HR040,SHREE GURU GOBIND SINGH TRICENTENARY UNIVERSITY CHANDU-BUDHERA GURGAON- BADLI ROAD GURGAON-122505,SHREE GURU GOBIND SINGH TRICENTENARY UNIVERSITY CHANDU-BUDHERA GURGAON- BADLI ROAD GURGAON-122505,21,normalized label matched source text
HR041,Green Valley Institute of Spl.Edu. & Rehabilitation Centre,Green Valley Institute of Spl.Edu. & Rehabilitation Centre,21,normalized label matched source text
HR042,Aadhar College of Special Education VPO-Agroha,Aadhar College of Special Education VPO-Agroha,21,normalized label matched source text
HR043,ST. Teresa Inclusive School ITI Chowk Rathdhana Road Sonipat,ST. Teresa Inclusive School ITI Chowk Rathdhana Road Sonipat,21,normalized label matched source text
HR044,Ideal College of Special Education Village Mahlana,Ideal College of Special Education Village Mahlana,21,normalized label matched source text
HR045,J. M. Rehabilitation and Research Centre Near Adarsh Vidya Mandir Nangal Barrier Ateli Mandi,J. M. Rehabilitation and Research Centre Near Adarsh Vidya Mandir Nangal Barrier Ateli Mandi,21,normalized label matched source text
HR046,Geetanjali College for Special Education,Geetanjali College for Special Education,22,normalized label matched source text
HR047,Armaan Teacher Training Institute,Armaan Teacher Training Institute,22,normalized label matched source text
HR048,Faculty of Education,Faculty of Education,22,normalized label matched source text
HR049,Master Khub Ram College,Master Khub Ram College,22,normalized label matched source text
HR050,Haryana Welfare Society for Persons With Speech & Hearing Impairment,Haryana Welfare Society for Persons With Speech & Hearing Impairment,22,normalized label matched source text
HR051,M M Institute of Medical Science and Research,M M Institute of Medical Science and Research,22,normalized label matched source text
HR052,R K College of Education (Rehabilitation) 21st K M Stone,R K College of Education (Rehabilitation) 21st K M Stone,22,normalized label matched source text
HR053,Central University of Haryana,Central University of Haryana,22,normalized label matched source text
HR054,B.R.D.E.W.S. Baba Ramdas Institute of Special Education VPO- Nuna Majra Firani Road,B.R.D.E.W.S. Baba Ramdas Institute of Special Education VPO- Nuna Majra Firani Road,22,normalized label matched source text
HR055,D.B.M. Special College of Education V.P.O. Madina,D.B.M. Special College of Education V.P.O. Madina,22,normalized label matched source text
HR056,Om Sterling Global University,Om Sterling Global University,22,normalized label matched source text
HR057,Maharshi Dayanand University Rohtak,Maharshi Dayanand University Rohtak,22,normalized label matched source text
HR058,Darpan Rehabilitation & Research Centre Sec-09,Darpan Rehabilitation & Research Centre Sec-09,23,normalized label matched source text
HR059,S. R. College of Education IMT,S. R. College of Education IMT,23,normalized label matched source text
HR060,JBM College of Education for Rehabilitation Training and Research Near Old Bus Stand,JBM College of Education for Rehabilitation Training and Research Near Old Bus Stand,23,normalized label matched source text
HR061,College of Modern Education,College of Modern Education,23,normalized label matched source text
HR062,Scope Rehabilitation Centre,Scope Rehabilitation Centre,23,normalized label matched source text
HR063,Education Concern,Education Concern,23,normalized label matched source text
HR064,Adarsh Vidya Divyang Kalyan and Punarvas Kendra Saman Rohtak,Adarsh Vidya Divyang Kalyan and Punarvas Kendra Saman Rohtak,23,normalized label matched source text
HR065,Shiva Divyang Kalyan and Punarvas Kendra Punarvas Kendra,Shiva Divyang Kalyan and Punarvas Kendra Punarvas Kendra,23,normalized label matched source text
HR066,Nav Nirman Rehabilitation & Research Center,Nav Nirman Rehabilitation & Research Center,23,normalized label matched source text
HR067,Ram Krishan Rehabilitation School,Ram Krishan Rehabilitation School,23,normalized label matched source text
HR068,Bright Rehabilitation Centre (Run by Adarsh Siksha and Samaj Uthan Samiti) VPO- Khasa Mahajan,Bright Rehabilitation Centre (Run by Adarsh Siksha and Samaj Uthan Samiti) VPO- Khasa Mahajan,23,normalized label matched source text
HR069,College of Special Education & Training (Run by The Advance Society for the differently Abled),College of Special Education & Training (Run by The Advance Society for the differently Abled),23,normalized label matched source text
HR070,Aastha Institute for Divyangjan (Run by aastha Rehabilitation and Educational Society),Aastha Institute for Divyangjan (Run by aastha Rehabilitation and Educational Society),23,normalized label matched source text
HR071,Thomas Edison Inclusive School,Thomas Edison Inclusive School,23,normalized label matched source text
HR072,Shri Omvir Singh Institute of Rehabilitation,Shri Omvir Singh Institute of Rehabilitation,23,normalized label matched source text
HR073,Jindal Institute of Behavioral Sciences O.P. Jindal Global (Institutions of Eminence Deemed to be University),Jindal Institute of Behavioral Sciences O.P. Jindal Global (Institutions of Eminence Deemed to be University),24,normalized label matched source text
HR074,MCM College of Special Education Run by Maya Chand Memorial Education Society Kilazafargarh,MCM College of Special Education Run by Maya Chand Memorial Education Society Kilazafargarh,24,normalized label matched source text
HR075,Lt. Mahipat Singh College of Education (Run by Lt. Mahipat Memorial Shiksha Samiti) Sarai Aurangabad,Lt. Mahipat Singh College of Education (Run by Lt. Mahipat Memorial Shiksha Samiti) Sarai Aurangabad,24,normalized label matched source text
HR076,Green Valley Special School Jamalpur Distt. Bhiwani,Green Valley Special School Jamalpur Distt. Bhiwani,24,normalized label matched source text
HR077,Gurugram University Sec tor - 51,Gurugram University Sec tor - 51,24,normalized label matched source text
HR078,Department of Clinical Psychology School of Behavioral and Social Sciences,Department of Clinical Psychology School of Behavioral and Social Sciences,24,normalized label matched source text
HR079,G.D. Goenka University,G.D. Goenka University,24,normalized label matched source text
HR080,"Director, Institute of Hotel & Tourism Management","Director, Institute of Hotel & Tourism Management",24,normalized label matched source text
HR081,Department of Clinical Psychology IILM University 1 Knowledge Centre,Department of Clinical Psychology IILM University 1 Knowledge Centre,24,normalized label matched source text
HR082,Chaudhary Devi Lal University SIRSA Chaudhary Devi Lal University Sirsa Haryana-125055,Chaudhary Devi Lal University SIRSA Chaudhary Devi Lal University Sirsa Haryana-125055,24,normalized label matched source text
HR083,INDERPRASTHA EDUCATION COLLEGE,INDERPRASTHA EDUCATION COLLEGE,24,normalized label matched source text
HR084,GURU JAMBHESHWAR UNIVERSITY OF SCIENCE AND TECHNOLOGY,GURU JAMBHESHWAR UNIVERSITY OF SCIENCE AND TECHNOLOGY,24,normalized label matched source text
HR085,Chaudhary Bansi Lal University,Chaudhary Bansi Lal University,25,normalized label matched source text
HP001,Composite Regional Centre for Persons with Disabilities,Composite Regional Centre for Persons with Disabilities,25,normalized label matched source text
HP002,Prem Ashram Institute of Sisters of Charity,Prem Ashram Institute of Sisters of Charity,25,normalized label matched source text
HP003,Babu Jagjivan Ram Trust (regd.) for Social Development,Babu Jagjivan Ram Trust (regd.) for Social Development,25,normalized label matched source text
HP005,Chetna Association House No.: 68,Chetna Association House No.: 68,25,normalized label matched source text
HP006,Blooms’ Education Society (Regd.),Blooms’ Education Society (Regd.),25,normalized label matched source text
HP007,Aastha Special School,Aastha Special School,25,normalized label matched source text
HP008,"H P University, Department of Psychology Gandhi Bhawan","H P University, Department of Psychology Gandhi Bhawan",25,normalized label matched source text
JK001,Composite Regional Centre for persons with Disabilities (Ministry of Social Justice & Empowerment),Composite Regional Centre for persons with Disabilities (Ministry of Social Justice & Empowerment),25,normalized label matched source text
JK002,MIER College of Education,MIER College of Education,26,normalized label matched source text
JK005,Post Graduate Department of Psychiatry,Post Graduate Department of Psychiatry,26,normalized label matched source text
JKH001,Deepshikha Institute for Child Development & Mental Health,Deepshikha Institute for Child Development & Mental Health,26,normalized label matched source text
JKH002,Ranchi Institute of Neuro-Psychiatry & Allied Sciences Kanke,Ranchi Institute of Neuro-Psychiatry & Allied Sciences Kanke,26,normalized label matched source text
JKH003,Central Institute of Psychiatry,Central Institute of Psychiatry,26,normalized label matched source text
JKH004,"JEEVAN, Bastacolla","JEEVAN, Bastacolla",26,normalized label matched source text
JKH005,J.M. Institute of Speech & Hearing,J.M. Institute of Speech & Hearing,26,normalized label matched source text
JKH007,Dr. Rajendra Institute of Medical Sciences,Dr. Rajendra Institute of Medical Sciences,26,normalized label matched source text
JKH008,Buddha Shaikshanik Vikas Parishad,Buddha Shaikshanik Vikas Parishad,26,normalized label matched source text
JKH009,Institute of Special Education & Training (Run By: Gyan Jyoti School for Deaf & Dumb) Behind Town Hall (Near Golf Ground P.O,Institute of Special Education & Training (Run By: Gyan Jyoti School for Deaf & Dumb) Behind Town Hall (Near Golf Ground P.O,26,normalized label matched source text
JKH010,Deaf Dumb & M.R. Residential School Cum Resource Centre,Deaf Dumb & M.R. Residential School Cum Resource Centre,26,normalized label matched source text
JKH012,Radhika Institute of Special Education (RISE),Radhika Institute of Special Education (RISE),27,normalized label matched source text
JKH013,"Prerna Trust, Co-operative Colony","Prerna Trust, Co-operative Colony",27,normalized label matched source text
JKH014,J.M. Institute of Speech & Hearing,J.M. Institute of Speech & Hearing,27,normalized label matched source text
JKH016,"SPARSH, Bilasi","SPARSH, Bilasi",27,normalized label matched source text
JKH017,Child Concern 1B,Child Concern 1B,27,normalized label matched source text
JKH018,Green Valley Training College Administrative Office:- H/o. Pramod Kumar Dubey,Green Valley Training College Administrative Office:- H/o. Pramod Kumar Dubey,27,normalized label matched source text
JKH019,AASTHA INSTITUTE OF SPECIAL EDUCATION (Under IARSA) C/o Aastha Rehabilitation Centre,AASTHA INSTITUTE OF SPECIAL EDUCATION (Under IARSA) C/o Aastha Rehabilitation Centre,27,normalized label matched source text
JKH020,Composite Regional Center,Composite Regional Center,27,normalized label matched source text
JKH021,J M Institue of Speech & Hearing Om Apartment,J M Institue of Speech & Hearing Om Apartment,27,normalized label matched source text
KK001,Dr. S. R. Chandrashekar Institute of Speech & Hearing,Dr. S. R. Chandrashekar Institute of Speech & Hearing,27,normalized label matched source text
KK004,St. Agnes Teacher Training Institute for the Special Education,St. Agnes Teacher Training Institute for the Special Education,28,normalized label matched source text
KK005,All India Institute for Speech & Hearing,All India Institute for Speech & Hearing,28,normalized label matched source text
KK006,Dr. M.V.Shetty College of Speech and Hearing,Dr. M.V.Shetty College of Speech and Hearing,28,normalized label matched source text
KK008,Karnataka Parents’ Association for the Mentally Retarded Citizens,Karnataka Parents’ Association for the Mentally Retarded Citizens,28,normalized label matched source text
KK009,Department of Clinical Psychology,Department of Clinical Psychology,29,normalized label matched source text
KK014,College of Allied Health Sciences,College of Allied Health Sciences,29,normalized label matched source text
KK015,Govt. Teacher Training Centre for the Hearing Handicapped,Govt. Teacher Training Centre for the Hearing Handicapped,29,normalized label matched source text
KK016,Helen Keller Govt. Teacher Training Centre for the Visually Handicapped Children,Helen Keller Govt. Teacher Training Centre for the Visually Handicapped Children,29,normalized label matched source text
KK017,The Spastics Society of Karnataka,The Spastics Society of Karnataka,29,normalized label matched source text
KK018,J.S.S Mahavidyapeetha,J.S.S Mahavidyapeetha,29,normalized label matched source text
KK019,"Mobility India, 1st 1st Post Box No. 7812",Mobility India,29,corrected from source name/address column
KK020,Kasturba Medical College,Kasturba Medical College,29,normalized label matched source text
KK021,1st 5th Samvaad Institute of Speech & Hearing,Samvaad Institute of Speech & Hearing,30,corrected from source name/address column
KK024,Mangalore Academy of Professional Studies,Mangalore Academy of Professional Studies,30,normalized label matched source text
KK026,Naseema Institute of Speech & Hearing Site No. 2,Naseema Institute of Speech & Hearing Site No. 2,30,normalized label matched source text
KK027,NITTE (Deemed to be University) University Enclave,NITTE (Deemed to be University) University Enclave,30,normalized label matched source text
KK029,Father Muller College (Unit of Father Muller Charitable Institutions),Father Muller College (Unit of Father Muller Charitable Institutions),30,normalized label matched source text
KK033,National Institute of Mental Health & Neurosciences (NIMHANS) Post Box No. 2900,National Institute of Mental Health & Neurosciences (NIMHANS) Post Box No. 2900,30,normalized label matched source text
KK034,Foundation for Action Motivation& Empowerment (F.A.M.E,Foundation for Action Motivation& Empowerment (F.A.M.E,30,normalized label matched source text
KK037,75th Asha Kirana School for the Mentally Retarded,Asha Kirana School for the Mentally Retarded,30,corrected from source name/address column
KK039,Information and Resource Centre (IRC),Information and Resource Centre (IRC),31,normalized label matched source text
KK040,The Association of People with Disability,The Association of People with Disability,31,normalized label matched source text
KK041,JSS Institute of Speech & Hearing,JSS Institute of Speech & Hearing,31,normalized label matched source text
KK042,Shravana Institute of Speech and Hearing,Shravana Institute of Speech and Hearing,31,normalized label matched source text
KK043,Dharwad Institute of Mental Health & Neurosciences (D.I.M.H.A.N.S.),Dharwad Institute of Mental Health & Neurosciences (D.I.M.H.A.N.S.),31,normalized label matched source text
KK044,Composite Regional Centre,Composite Regional Centre,31,normalized label matched source text
KK045,A.J. Institute of Medical Sciences and Research Centre,A.J. Institute of Medical Sciences and Research Centre,31,normalized label matched source text
KK046,J.S.S. Medical College (Deemed to be Univeristy) Sri Shivarathreeshware Nagara,J.S.S. Medical College (Deemed to be Univeristy) Sri Shivarathreeshware Nagara,31,normalized label matched source text
KK047,Department of Speech Pathology and Audiology,Department of Speech Pathology and Audiology,31,normalized label matched source text
KK048,Department of Audiology and Speech Language Pathology,Department of Audiology and Speech Language Pathology,31,normalized label matched source text
KK049,K.L.E. Academy of Higher Education & Research,K.L.E. Academy of Higher Education & Research,31,normalized label matched source text
KK050,Kateel Ashok Pai Memorial Institute of Allied Health Sciences,Kateel Ashok Pai Memorial Institute of Allied Health Sciences,31,normalized label matched source text
KK051,Manipal College of Health Professionals,Manipal College of Health Professionals,32,normalized label matched source text
KK052,SDM College of Medical Sciences and Hospital SDM University Department of Speech and Hearing,SDM College of Medical Sciences and Hospital SDM University Department of Speech and Hearing,32,normalized label matched source text
KK054,Institute of Speech and Hearing,Institute of Speech and Hearing,32,normalized label matched source text
KK056,Christ (Deemed to be University),Christ (Deemed to be University),32,normalized label matched source text
KK057,MVM College of Speech and Hearing 1336/72/2,MVM College of Speech and Hearing 1336/72/2,32,normalized label matched source text
KK058,National Institute of Public Cooperation and Child Development,National Institute of Public Cooperation and Child Development,32,normalized label matched source text
KL003,Nirmala Sadan Training College for Special Education Ernakulam (Distt.),Nirmala Sadan Training College for Special Education Ernakulam (Distt.),32,normalized label matched source text
KL004,Central Institute on Mental Retardation,Central Institute on Mental Retardation,32,normalized label matched source text
KL005,C.S.I. Training Centre for Teachers of the Hearing Impaired,C.S.I. Training Centre for Teachers of the Hearing Impaired,32,normalized label matched source text
KL006,Kerala Federation of the Blind,Kerala Federation of the Blind,32,normalized label matched source text
KL008,National Institute of Speech & Hearing (NISH) Karimanal,National Institute of Speech & Hearing (NISH) Karimanal,32,normalized label matched source text
KL010,Faith India Institute of Special Education,Faith India Institute of Special Education,33,normalized label matched source text
KL011,Training Institute of Multi Rehabilitation Technology “Mercy Home”,Training Institute of Multi Rehabilitation Technology “Mercy Home”,33,normalized label matched source text
KL012,K.V.M College of Special Education,K.V.M College of Special Education,33,normalized label matched source text
KL013,C.H. Mohammed Koya Memorial State Institute for the Mentally Challenged (SIMC),C.H. Mohammed Koya Memorial State Institute for the Mentally Challenged (SIMC),33,normalized label matched source text
KL014,Sneha Sadan College of Special Education,Sneha Sadan College of Special Education,33,normalized label matched source text
KL015,Pope Paul Mercy Home Teachers Training Centre,Pope Paul Mercy Home Teachers Training Centre,34,normalized label matched source text
KL017,Institute for Communicative & Cognitive Neuro Sciences (ICCONS),Institute for Communicative & Cognitive Neuro Sciences (ICCONS),34,normalized label matched source text
KL019,Raksha Society for the Care of Children with Multiple Handicaps,Raksha Society for the Care of Children with Multiple Handicaps,34,normalized label matched source text
KL020,Janey College of Allied Health Eroor,Janey College of Allied Health Eroor,34,normalized label matched source text
KL021,Mar Thoma College of Special Education Badiakda,Mar Thoma College of Special Education Badiakda,34,normalized label matched source text
KL022,RSMH Teacher Training Institute,RSMH Teacher Training Institute,34,normalized label matched source text
KL023,AWH Special College,AWH Special College,34,normalized label matched source text
KL027,St. John The Baptist’s College of Special Education,St. John The Baptist’s College of Special Education,34,normalized label matched source text
KL031,Tropical Health Foundation of India,Tropical Health Foundation of India,35,normalized label matched source text
KL032,AWH College of Education,AWH College of Education,35,normalized label matched source text
KL033,Amrita School of Medicine,Amrita School of Medicine,35,normalized label matched source text
KL035,Baby Memorial College of Allied Medical Sciences,Baby Memorial College of Allied Medical Sciences,35,normalized label matched source text
KL036,Government Special Teachers Training Centre,Government Special Teachers Training Centre,35,normalized label matched source text
KL039,Government Special Teachers Training Centre,Government Special Teachers Training Centre,35,normalized label matched source text
KL040,Kusumagiri Mental Health Centre,Kusumagiri Mental Health Centre,35,normalized label matched source text
KL041,St. John of God College of Special Education,St. John of God College of Special Education,35,normalized label matched source text
KL042,Yemvees Institute For Prosthetics & Orthotics,Yemvees Institute For Prosthetics & Orthotics,35,normalized label matched source text
KL044,Department of Psychology Calicut University- PO,Department of Psychology Calicut University- PO,35,normalized label matched source text
KL045,Composite Regional Centre For Persons With Disabilities,Composite Regional Centre For Persons With Disabilities,36,normalized label matched source text
KL046,INSTITUTE OF MENTAL HEALTH & NEUROSCINCES (IMHANS),INSTITUTE OF MENTAL HEALTH & NEUROSCINCES (IMHANS),36,normalized label matched source text
KL047,Rajive Gandhi Memorial Education & Charitable Society,Rajive Gandhi Memorial Education & Charitable Society,36,normalized label matched source text
KL048,National Institute of Physical Medicine and Rehabilitation,National Institute of Physical Medicine and Rehabilitation,36,normalized label matched source text
KL049,School of Behavioural Sciences - Mahatma Gandhi University,School of Behavioural Sciences - Mahatma Gandhi University,36,normalized label matched source text
LDK001,University of Ladakh,University of Ladakh,36,normalized label matched source text
MP001,Digdarshika Institute of Rehabilitation & Research H.No. 10,Digdarshika Institute of Rehabilitation & Research H.No. 10,36,normalized label matched source text
MP003,Mahesh Dristihein Kalyan Sangh,Mahesh Dristihein Kalyan Sangh,36,normalized label matched source text
MP005,Institute for Hearing Impaired & Resource Centre,Institute for Hearing Impaired & Resource Centre,36,normalized label matched source text
MP006,Composite Regional Centre for Persons with Disabilities (C.R.C),Composite Regional Centre for Persons with Disabilities (C.R.C),37,normalized label matched source text
MP007,Shiv Kalyan Evam Shikshan Samiti,Shiv Kalyan Evam Shikshan Samiti,37,normalized label matched source text
MP009,Deaf Dumb Association Indore,Deaf Dumb Association Indore,37,normalized label matched source text
MP010,Manovikas College of Special Education (run by M.P. Viklang Sahayata Samiti,Manovikas College of Special Education (run by M.P. Viklang Sahayata Samiti,37,normalized label matched source text
MP011,Gurukul College of Special Education,Gurukul College of Special Education,37,normalized label matched source text
MP012,Welfare Association for the Disabled,Welfare Association for the Disabled,37,normalized label matched source text
MP013,Sri Aurbindo Institute of Medical Sciences (SAIMS),Sri Aurbindo Institute of Medical Sciences (SAIMS),37,normalized label matched source text
MP014,Netaji Subash Chandra Bose Medical College (N.S.C.B),Netaji Subash Chandra Bose Medical College (N.S.C.B),37,normalized label matched source text
MP015,M. P. Welfare Association for the Blind,M. P. Welfare Association for the Blind,38,normalized label matched source text
MP016,Sharada Arunoday Kalyankari Shiksha Samiti,Sharada Arunoday Kalyankari Shiksha Samiti,38,normalized label matched source text
MP017,Gwalior Mansik Arogyashala Jail Road,Gwalior Mansik Arogyashala Jail Road,38,normalized label matched source text
MP018,Bhagwan Singh Social Welfare Foundation Society,Bhagwan Singh Social Welfare Foundation Society,38,normalized label matched source text
MP019,Amar Jyoti School & Rehabilitation Centre Near IT Park,Amar Jyoti School & Rehabilitation Centre Near IT Park,38,normalized label matched source text
MP021,"S. S. College, (Run by Chouhan Educational society) Sunkhedi via Danish Kunj","S. S. College, (Run by Chouhan Educational society) Sunkhedi via Danish Kunj",38,normalized label matched source text
MP023,Viklang Seva Bharti,Viklang Seva Bharti,38,normalized label matched source text
MP025,Society for community Development Training and Research,Society for community Development Training and Research,38,normalized label matched source text
MP027,Madhuri Aayaam Education And Welfare Society,Madhuri Aayaam Education And Welfare Society,38,normalized label matched source text
MP028,New Era College Of Special Education,New Era College Of Special Education,38,normalized label matched source text
MP029,RAJRANI SEWA AVAM SHIKSHAN PRASHIKSHAN AND SOCIAL WELFARE SOCIETY C/O DR SHRAWAN KUMAR TIWARI VILL-POST JP PURAM MAHADEVA WARD,RAJRANI SEWA AVAM SHIKSHAN PRASHIKSHAN AND SOCIAL WELFARE SOCIETY C/O DR SHRAWAN KUMAR TIWARI VILL-POST JP PURAM MAHADEVA WARD,39,normalized label matched source text
MP030,Bhagwan Singh D.Ed SE(MR) College,Bhagwan Singh D.Ed SE(MR) College,39,normalized label matched source text
MP031,Amity Institute of Behavioural & Allied Sciences,Amity Institute of Behavioural & Allied Sciences,39,normalized label matched source text
MP032,Swami Vivekanand College (Pragatisheel Viklang Sansar),Swami Vivekanand College (Pragatisheel Viklang Sansar),39,normalized label matched source text
MP033,GURUKUL COLLEGE OF SPECIAL EDUCATION NH-75,GURUKUL COLLEGE OF SPECIAL EDUCATION NH-75,39,normalized label matched source text
MP034,Vivekanand College CWSN Hostel,Vivekanand College CWSN Hostel,39,normalized label matched source text
MP035,Bardoli Jankal Evam Vikas Samiti,Bardoli Jankal Evam Vikas Samiti,39,normalized label matched source text
MP036,National Institute of Mental Health Rehabilitation,National Institute of Mental Health Rehabilitation,39,normalized label matched source text
MP037,SNEH-Institute for Learning & Empowerment- Suraj,SNEH-Institute for Learning & Empowerment- Suraj,39,normalized label matched source text
MP038,Man College of Special Education & Psychological Studies,Man College of Special Education & Psychological Studies,39,normalized label matched source text
MP039,Unique Mook Badhir Sewa Samiti,Unique Mook Badhir Sewa Samiti,40,normalized label matched source text
MP040,Kartikay Institute of Rehabilitation and Training Centre,Kartikay Institute of Rehabilitation and Training Centre,40,normalized label matched source text
MP041,Radharaman Special Education,Radharaman Special Education,40,normalized label matched source text
MP042,Youth of Sausar Association,Youth of Sausar Association,40,normalized label matched source text
MP043,Nirvan shikshan Sansthan Samiti,Nirvan shikshan Sansthan Samiti,40,normalized label matched source text
MP044,Swami Vivekanand Mahavidyala Mohalla-Janakpur,Swami Vivekanand Mahavidyala Mohalla-Janakpur,40,normalized label matched source text
MP045,Lt. Vijay Singh Memorial Training Research & Rehabilitation Institute,Lt. Vijay Singh Memorial Training Research & Rehabilitation Institute,40,normalized label matched source text
MP046,Kaushal Vikas Punarwas Rojgar,Kaushal Vikas Punarwas Rojgar,40,normalized label matched source text
MP047,Mahakaushal University,Mahakaushal University,40,normalized label matched source text
MP048,Dr. Singh College of Special Education (Run by Dr. Singh Shikshan Samiti) Danish Kunj road,Dr. Singh College of Special Education (Run by Dr. Singh Shikshan Samiti) Danish Kunj road,40,normalized label matched source text
MP049,Mahatma Gandhi Chitrakoot Gramodaya Vishwavidyalaya Chitrakoot,Mahatma Gandhi Chitrakoot Gramodaya Vishwavidyalaya Chitrakoot,40,normalized label matched source text
MP050,Dr. Preeti Global University,Dr. Preeti Global University,40,normalized label matched source text
MP051,Department of Allied and Rehabilitation Sciences Amaltas University Village - Bangar,Department of Allied and Rehabilitation Sciences Amaltas University Village - Bangar,41,normalized label matched source text
MP052,Malwanchal University NH 59 A Index City,Malwanchal University NH 59 A Index City,41,normalized label matched source text
MP053,PRAMJYOTIA DIVYANGJAN REHABILITATION COLLEGE & RESEARCH CENTRE (PDRCRC) NEAR COLLECTOR OFFICE DISTRICT SATNA,PRAMJYOTIA DIVYANGJAN REHABILITATION COLLEGE & RESEARCH CENTRE (PDRCRC) NEAR COLLECTOR OFFICE DISTRICT SATNA,41,normalized label matched source text
MP054,Savitribai Phule National Institute of Women and Child Development,Savitribai Phule National Institute of Women and Child Development,41,normalized label matched source text
MH002,All India Institute of Physical Medicine and Rehabilitation(A.I.I.P.M.R),All India Institute of Physical Medicine and Rehabilitation(A.I.I.P.M.R),41,normalized label matched source text
MH003,Ali Yavar Jung National Institute of Speech and Hearing Disabilities (Divyangjan),Ali Yavar Jung National Institute of Speech and Hearing Disabilities (Divyangjan),41,normalized label matched source text
MH004,Topiwala National Medical College,Topiwala National Medical College,42,normalized label matched source text
MH005,National Institute for the Empowerment of Persons With Intellectual Disability (Divyangajan) Regional Centre,National Institute for the Empowerment of Persons With Intellectual Disability (Divyangajan) Regional Centre,42,normalized label matched source text
MH009,Prabodhini Trust,Prabodhini Trust,42,normalized label matched source text
MH017,Wai Akshar Institute,Wai Akshar Institute,42,normalized label matched source text
MH020,S.N.D.T. Women’s University,S.N.D.T. Women’s University,42,normalized label matched source text
MH021,Dilkush Teachers Training in Special Education Church Road,Dilkush Teachers Training in Special Education Church Road,43,normalized label matched source text
MH022,Hashu Advani College of Special Education,Hashu Advani College of Special Education,43,normalized label matched source text
MH023,Pandurang Shamrao Mulgaonkar Vishesh Shikshan Adhyapak Mahavidyalaya,Pandurang Shamrao Mulgaonkar Vishesh Shikshan Adhyapak Mahavidyalaya,43,normalized label matched source text
MH024,Ayodhya Charitable Trust’s,Ayodhya Charitable Trust’s,43,normalized label matched source text
MH025,Helen Keller’s Institute of Deaf & Deaf Blind,Helen Keller’s Institute of Deaf & Deaf Blind,43,normalized label matched source text
MH026,National Association for the Blind,National Association for the Blind,43,normalized label matched source text
MH030,Shri Samarth Vyayam Mandal,Shri Samarth Vyayam Mandal,43,normalized label matched source text
MH031,Sai Education Society At Post - Gijawane. Tal. Gadhinglaj. Dist Kolhapur,Sai Education Society At Post - Gijawane. Tal. Gadhinglaj. Dist Kolhapur,43,normalized label matched source text
MH032,Yashratna College of Special education Mental Retardation,Yashratna College of Special education Mental Retardation,44,normalized label matched source text
MH033,Asha College of Special Education Asha Bhavan,Asha College of Special Education Asha Bhavan,44,normalized label matched source text
MH036,Adarsh Sanskar College of Special Education,Adarsh Sanskar College of Special Education,44,normalized label matched source text
MH038,Bharati Vidyapeeth,Bharati Vidyapeeth,44,normalized label matched source text
MH039,Akhil Maharashtra Gramin Shikshan Vikas Mandal’s Sharadchandra Pawar College of Special Education At Jatwada Road Gate No. 36,Akhil Maharashtra Gramin Shikshan Vikas Mandal’s Sharadchandra Pawar College of Special Education At Jatwada Road Gate No. 36,44,normalized label matched source text
MH043,Cochlea Pune for Hearing & Speech,Cochlea Pune for Hearing & Speech,44,normalized label matched source text
MH045,Shri Sant Gadgebaba Shikshan Sanstha,Shri Sant Gadgebaba Shikshan Sanstha,44,normalized label matched source text
MH046,Shri. Balaji Shikshan Prasarak Mandal,Shri. Balaji Shikshan Prasarak Mandal,44,normalized label matched source text
MH048,Jeevoday Education’s Society Jeevoday College of Special Education (MR) Residency Road,Jeevoday Education’s Society Jeevoday College of Special Education (MR) Residency Road,45,normalized label matched source text
MH050,Dr. Babasahab Ambedkar Teachers Training Institute,Dr. Babasahab Ambedkar Teachers Training Institute,45,normalized label matched source text
MH054,Aadhar Shikshan Va Gramin Vikas Mandal’s Sai Seva Teachers Training Centre DSE (MR),Aadhar Shikshan Va Gramin Vikas Mandal’s Sai Seva Teachers Training Centre DSE (MR),45,normalized label matched source text
MH055,Professional Assistants for National Developing Assets (PANDA),Professional Assistants for National Developing Assets (PANDA),45,normalized label matched source text
MH057,Rashtriya Drushtihin Shikshan & Punarvas Sanstha At Mohite Nagar Near Gajanan Maharaj Temple Nagalwadi Hingana Wadhdhamna - Wanadongiri,Rashtriya Drushtihin Shikshan & Punarvas Sanstha At Mohite Nagar Near Gajanan Maharaj Temple Nagalwadi Hingana Wadhdhamna - Wanadongiri,45,normalized label matched source text
MH060,Acharya Balashastri Jambhekar College of Special Education,Acharya Balashastri Jambhekar College of Special Education,45,normalized label matched source text
MH061,Yashoda Shikshan Prasarak Mandal’s,Yashoda Shikshan Prasarak Mandal’s,45,normalized label matched source text
MH066,Shri Gajanan Maharaj College of Special Education for Mental Retardation,Shri Gajanan Maharaj College of Special Education for Mental Retardation,45,normalized label matched source text
MH064,Dr. Sarvapalli Radhakrishnan College of Special Education,Dr. Sarvapalli Radhakrishnan College of Special Education,45,normalized label matched source text
MH071,Shri Sadguru Saibaba Seva Trust’s College of Special Education (H.I) Survey No. 161/13,Shri Sadguru Saibaba Seva Trust’s College of Special Education (H.I) Survey No. 161/13,46,normalized label matched source text
MH075,Eshwari Bai Lund Training Centre for DSE (MR) College,Eshwari Bai Lund Training Centre for DSE (MR) College,46,normalized label matched source text
MH077,The Deaf & Dumb Relief Association,The Deaf & Dumb Relief Association,46,normalized label matched source text
MH078,Jeevan Vikas Pratisthan’s Institute of Special Education Rehabilitation Research & Training Center,Jeevan Vikas Pratisthan’s Institute of Special Education Rehabilitation Research & Training Center,46,normalized label matched source text
MH083,Tata Institute of Social Sciences V.N. Purav Marg,Tata Institute of Social Sciences V.N. Purav Marg,46,normalized label matched source text
MH084,Vidyaniketan Social Cultural Educational Multi- Objectal Oriented Society,Vidyaniketan Social Cultural Educational Multi- Objectal Oriented Society,46,normalized label matched source text
MH089,Chamundamata Bahuuddeshjiya Vikas Parisar Dhule Tal Dist Dhule (Maharashtra) Run By:- Parishram Residential Mental Retard Boys School,Chamundamata Bahuuddeshjiya Vikas Parisar Dhule Tal Dist Dhule (Maharashtra) Run By:- Parishram Residential Mental Retard Boys School,46,normalized label matched source text
MH090,‘Light House’ Special teachers Training Centre,‘Light House’ Special teachers Training Centre,46,normalized label matched source text
MH091,Yash Special Teacher Training Institute Kawtha,Yash Special Teacher Training Institute Kawtha,46,normalized label matched source text
MH094,Manudevi Foundation,Manudevi Foundation,46,normalized label matched source text
MH095,Swami Vivekanand College of Special Education,Swami Vivekanand College of Special Education,46,normalized label matched source text
MH096,National Association for the Blind,National Association for the Blind,46,normalized label matched source text
MH097,Shri Swami Samartha Special Teacher Training Institute,Shri Swami Samartha Special Teacher Training Institute,46,normalized label matched source text
MH101,Mahatama Gandhi Mission Institute of Health Sciences,Mahatama Gandhi Mission Institute of Health Sciences,47,normalized label matched source text
MH102,SOPAN (Society of Parents of Children with Autistic 1st Disorders),SOPAN (Society of Parents of Children with Autistic Disorders),47,corrected from source name/address column
MH104,Amity Instititute of Behavioural an dAllied Scienced (AIBAS) Amity University Bhatan,Amity Instititute of Behavioural an dAllied Scienced (AIBAS) Amity University Bhatan,47,normalized label matched source text
MH105,Department of Mental Health Institute of Naval Medicine,Department of Mental Health Institute of Naval Medicine,47,normalized label matched source text
MH107,Composite Regional Centre -SDR & PWDs Nagpur Krida Prabodhini Hall,Composite Regional Centre -SDR & PWDs Nagpur Krida Prabodhini Hall,47,normalized label matched source text
MH108,Maharashtra Institute of Mental Health,Maharashtra Institute of Mental Health,47,normalized label matched source text
MH109,S.N.D.T. College of Education Maharshi Karve Vidya Vihar,S.N.D.T. College of Education Maharshi Karve Vidya Vihar,47,normalized label matched source text
MH110,Late Smt. Shakuntala Rajmane College of Spl.Edn. (Aadhar Shikshan Sanstha) At/Po- Tasgaon,Late Smt. Shakuntala Rajmane College of Spl.Edn. (Aadhar Shikshan Sanstha) At/Po- Tasgaon,47,normalized label matched source text
MH111,Aastha charitable Institute and Sanwad Speech Hearing Clinic and Research Foundation Rajeev College of Speech and Hearing,Aastha charitable Institute and Sanwad Speech Hearing Clinic and Research Foundation Rajeev College of Speech and Hearing,47,normalized label matched source text
MH112,Late Kalindibai Pande Matimand Niwasi Vidyalay (Shri Sant Gadgebaba Shikshan Sanstha) Pachora Dist- Jalgoan,Late Kalindibai Pande Matimand Niwasi Vidyalay (Shri Sant Gadgebaba Shikshan Sanstha) Pachora Dist- Jalgoan,47,normalized label matched source text
MH113,Chhatrapati Shivaji Maharaj University Located Near Shedung Toll Plaza Panvel,Chhatrapati Shivaji Maharaj University Located Near Shedung Toll Plaza Panvel,47,normalized label matched source text
MH114,Savitribai Phule Pune University,Savitribai Phule Pune University,47,normalized label matched source text
MH115,Artificial Limb Centre,Artificial Limb Centre,47,normalized label matched source text
MH116,Richardson Leprosy Hospital a unit of The Leprosy Mission Trust India,Richardson Leprosy Hospital a unit of The Leprosy Mission Trust India,47,normalized label matched source text
MZ001,,"National Institute for the Orthopaedically Handicapped, North Eastern Regional Centre",48,corrected from source name/address column
MZ003,State Council of Educational Research and Training,State Council of Educational Research and Training,48,normalized label matched source text
MZ004,Mizoram University,Mizoram University,48,normalized label matched source text
MN001,All Manipur Mentally Handicapped Person’s Welfare Organisation,All Manipur Mentally Handicapped Person’s Welfare Organisation,48,normalized label matched source text
MN002,Regional Institute of Medical Sciences,Regional Institute of Medical Sciences,48,normalized label matched source text
MN003,Spastic Society of Manipur,Spastic Society of Manipur,48,normalized label matched source text
MN004,Bir Tikendrajit Univeristy,Bir Tikendrajit Univeristy,48,normalized label matched source text
MN005,Composite Regional Center for Skill Development,Composite Regional Center for Skill Development,48,normalized label matched source text
MG001,Montfort Centre for Education,Montfort Centre for Education,48,normalized label matched source text
MG004,Composite Regional Centre for Skill Development,Composite Regional Centre for Skill Development,48,normalized label matched source text
MG005,Mahatma Gandhi University (MGU) 13th Mile,Mahatma Gandhi University (MGU) 13th Mile,49,normalized label matched source text
OR001,State Institute of Special Education & Research (SISER),State Institute of Special Education & Research (SISER),49,normalized label matched source text
OR002,Jewels international’s Chetana College of Special Education,Jewels international’s Chetana College of Special Education,49,normalized label matched source text
OR003,Swami Vivekanand National Institute of Rehabilitation Training and Research,Swami Vivekanand National Institute of Rehabilitation Training and Research,49,normalized label matched source text
OR004,Regional Centre,Regional Centre,49,normalized label matched source text
OR005,Open Learning System,Open Learning System,49,normalized label matched source text
OR006,Institute of Health Sciences,Institute of Health Sciences,49,normalized label matched source text
OR008,Chakradhara Institute of Rehabilitation Science,Chakradhara Institute of Rehabilitation Science,50,normalized label matched source text
OR009,International Institute of Rehabilitation Sciences & Research (IIRS&R),International Institute of Rehabilitation Sciences & Research (IIRS&R),50,normalized label matched source text
OR010,Bijupatnaik Institute of Industrial Rehabilitation Training & Research,Bijupatnaik Institute of Industrial Rehabilitation Training & Research,50,normalized label matched source text
OR012,D. P. Mishra Institute for Advance Studies in Special Education & Technology,D. P. Mishra Institute for Advance Studies in Special Education & Technology,50,normalized label matched source text
OR013,Jagat Bandhu Biswa Bharati Sikshya Niketan (JBSSN),Jagat Bandhu Biswa Bharati Sikshya Niketan (JBSSN),50,normalized label matched source text
OR015,Nilachal Seva Pratishthan,Nilachal Seva Pratishthan,50,normalized label matched source text
OR017,School of Rehabilitation & Social Sciences (A Unit of Seva Foundation) At/P.O. Dhenkkikate,School of Rehabilitation & Social Sciences (A Unit of Seva Foundation) At/P.O. Dhenkkikate,51,normalized label matched source text
OR018,Pingalakhi College of Special Education At/PO - Nimapara,Pingalakhi College of Special Education At/PO - Nimapara,51,normalized label matched source text
OR019,Binodini Special B.Ed. College,Binodini Special B.Ed. College,51,normalized label matched source text
OR020,Mental Health Institute (COE in Mental health) SCB Medical College & Hospital,Mental Health Institute (COE in Mental health) SCB Medical College & Hospital,51,normalized label matched source text
OR022,Namita Devi Special B.Ed. College,Namita Devi Special B.Ed. College,51,normalized label matched source text
OR023,Prachi Mahavidyalaya for Special Education,Prachi Mahavidyalaya for Special Education,51,normalized label matched source text
OR024,Union for Learning Training and Reformative Activities (ULTRA) AT Post - Sagarguan,Union for Learning Training and Reformative Activities (ULTRA) AT Post - Sagarguan,51,normalized label matched source text
OR025,Seva Training Centre for Teacher of the Mentally Retarded (A Unit of Seva),Seva Training Centre for Teacher of the Mentally Retarded (A Unit of Seva),51,normalized label matched source text
OR026,Sainath Institute of Special Education,Sainath Institute of Special Education,51,normalized label matched source text
OR027,Jewel’s International Chetana College of Special Education,Jewel’s International Chetana College of Special Education,51,normalized label matched source text
OR028,Association for Social Recronstructive Activities (ASRA) At-Singarpur,Association for Social Recronstructive Activities (ASRA) At-Singarpur,52,normalized label matched source text
OR029,Orissa Association for the Blind,Orissa Association for the Blind,52,normalized label matched source text
OR030,Sri Jagannath Institute of Spl. Edu. Handicapped Welfare Organisation,Sri Jagannath Institute of Spl. Edu. Handicapped Welfare Organisation,52,normalized label matched source text
OR031,Jibanjyoti College of Special Education,Jibanjyoti College of Special Education,52,normalized label matched source text
OR032,The Welfare Society for the Disable of Orissa,The Welfare Society for the Disable of Orissa,52,normalized label matched source text
OR033,GITA Special Training Center for Disabled,GITA Special Training Center for Disabled,52,normalized label matched source text
OR034,Nehru Sewa Sangh,Nehru Sewa Sangh,52,normalized label matched source text
OR035,Kabi Narsingh Math Blind Deaf & MR School Bakilikana,Kabi Narsingh Math Blind Deaf & MR School Bakilikana,52,normalized label matched source text
OR036,Association for Voluntary Action(AVA) At-Dampur,Association for Voluntary Action(AVA) At-Dampur,52,normalized label matched source text
OR037,CRSR College of Special Education Centre for Rehabilitation Services and Research,CRSR College of Special Education Centre for Rehabilitation Services and Research,52,normalized label matched source text
OR038,Aswasana College of Rehabilitation Science,Aswasana College of Rehabilitation Science,52,normalized label matched source text
OR039,ASRA Teahcers Training College in Special Educaiton (Managed by Association for Social Reconstructive Activities) At-Sigharpur,ASRA Teahcers Training College in Special Educaiton (Managed by Association for Social Reconstructive Activities) At-Sigharpur,52,normalized label matched source text
OR040,Patitapaban Seva Sansthan At Post- Chandrapada,Patitapaban Seva Sansthan At Post- Chandrapada,52,normalized label matched source text
OR041,Composite Regional Centre for Skill Development,Composite Regional Centre for Skill Development,52,normalized label matched source text
PD001,School of Rehabilitation and Behavioural Sciences,School of Rehabilitation and Behavioural Sciences,52,normalized label matched source text
PD003,Jawaharlal Institute of Post Graduate Medical Education and Research (JIPMER),Jawaharlal Institute of Post Graduate Medical Education and Research (JIPMER),53,normalized label matched source text
PD004,Vinayaka Mission’s Research Foundation (Deemed University),Vinayaka Mission’s Research Foundation (Deemed University),53,normalized label matched source text
PD005,Pondichery University (A Central University) R V Nagar,Pondichery University (A Central University) R V Nagar,53,normalized label matched source text
PB001,Training centre for Teachers of the Visually Handicapped,Training centre for Teachers of the Visually Handicapped,53,normalized label matched source text
PB003,Navjivini Institute of Special Education & Research,Navjivini Institute of Special Education & Research,53,normalized label matched source text
PB004,Umang Red Cross Institute of Spl. Edu. Baba Farid Cultural Center,Umang Red Cross Institute of Spl. Edu. Baba Farid Cultural Center,53,normalized label matched source text
PB006,Jagjit Singh Sachdeva Asha Kiran Special School (Project of Asha Deep Welfare Society Regd.) V.P.O Jahankhelan,Jagjit Singh Sachdeva Asha Kiran Special School (Project of Asha Deep Welfare Society Regd.) V.P.O Jahankhelan,53,normalized label matched source text
PB007,Baba Kundan Rural College of Education,Baba Kundan Rural College of Education,53,normalized label matched source text
PB008,St. Francis home (Regd.) Society Pathankot,St. Francis home (Regd.) Society Pathankot,53,normalized label matched source text
PB010,B.C.M. College of Education,B.C.M. College of Education,53,normalized label matched source text
PB011,Guru Gobind Singh Medical College and Hospital,Guru Gobind Singh Medical College and Hospital,54,normalized label matched source text
PB012,Bhagat Puran Singh Institute for Special Need,Bhagat Puran Singh Institute for Special Need,54,normalized label matched source text
PB013,Speaking Hand Welfare Foundation,Speaking Hand Welfare Foundation,54,normalized label matched source text
PB014,All India Pingalwara Charitable Society (Regd) Tehsil - Pura,All India Pingalwara Charitable Society (Regd) Tehsil - Pura,54,normalized label matched source text
PB015,Dayanand Medical College & Hospital Tagore Nagar,Dayanand Medical College & Hospital Tagore Nagar,54,normalized label matched source text
PB016,"College of Paramedical Sciences, Adesh University","College of Paramedical Sciences, Adesh University",54,normalized label matched source text
PB017,Sri Guru Ram Das University of Health Sciences,Sri Guru Ram Das University of Health Sciences,54,normalized label matched source text
PB018,Department of Education (SOE),Department of Education (SOE),54,normalized label matched source text
PB019,Gyandeep Welfare and Rehabilitation Society Adarsh Nagar,Gyandeep Welfare and Rehabilitation Society Adarsh Nagar,54,normalized label matched source text
PB020,Desh Bhagat University,Desh Bhagat University,54,normalized label matched source text
PB021,Amity University (Amity School of Education and Research) Sector 82A,Amity University (Amity School of Education and Research) Sector 82A,54,normalized label matched source text
PB022,Punjabi University,Punjabi University,54,normalized label matched source text
PB023,Lovely Professional University,Lovely Professional University,54,normalized label matched source text
PB024,Savitribai Phule National Institute of Women and Child Development,Savitribai Phule National Institute of Women and Child Development,55,normalized label matched source text
RJ002,Sri Jagdamba Education & Research Institute Run by L.K.C. Shri Jagdamba Andh Vidyalaya Samiti Hanumangarh Road,Sri Jagdamba Education & Research Institute Run by L.K.C. Shri Jagdamba Andh Vidyalaya Samiti Hanumangarh Road,55,normalized label matched source text
RJ004,Research Education And Audiological Development Society (READS),Research Education And Audiological Development Society (READS),55,normalized label matched source text
RJ005,"DISHA, A Resource Centre for the Disabled","DISHA, A Resource Centre for the Disabled",55,normalized label matched source text
RJ006,Prayas: Centre for Special Education & Vocational Training,Prayas: Centre for Special Education & Vocational Training,55,normalized label matched source text
RJ007,Jai Narain Vyas University Jodhpur,Jai Narain Vyas University Jodhpur,55,normalized label matched source text
RJ008,Rajasthan Mahila Kalyan Mandal,Rajasthan Mahila Kalyan Mandal,55,normalized label matched source text
RJ011,Karam Mano Vikas Sansthan,Karam Mano Vikas Sansthan,56,normalized label matched source text
RJ013,Ajay Leela Special Teachers Training College Run by.:- Netraheen Vikas Sansthan,Ajay Leela Special Teachers Training College Run by.:- Netraheen Vikas Sansthan,56,normalized label matched source text
RJ015,Manav Dharam Mentally Retarded Teachers Training Centre,Manav Dharam Mentally Retarded Teachers Training Centre,56,normalized label matched source text
RJ017,Amity Institute of Behavioural & Allied Sciences (AIBAS) Amity University Rajasthan Kant Kalwar,Amity Institute of Behavioural & Allied Sciences (AIBAS) Amity University Rajasthan Kant Kalwar,56,normalized label matched source text
RJ018,Tapovan Manovikas Vidyalaya,Tapovan Manovikas Vidyalaya,56,normalized label matched source text
RJ019,Society for welfare of Mentally Handicapped,Society for welfare of Mentally Handicapped,57,normalized label matched source text
RJ021,Navjyoti Manovikas Kendra,Navjyoti Manovikas Kendra,57,normalized label matched source text
RJ022,Dashrath Manovikas Sansthan,Dashrath Manovikas Sansthan,57,normalized label matched source text
RJ023,Panna Dhay Hearing Impaired Teachers Training Center,Panna Dhay Hearing Impaired Teachers Training Center,57,normalized label matched source text
RJ025,Gurukul Spastic Society,Gurukul Spastic Society,57,normalized label matched source text
RJ026,Chaitanya Seva Sansthan Near Gomti Das Temple,Chaitanya Seva Sansthan Near Gomti Das Temple,57,normalized label matched source text
RJ027,Umang ¾ Kabir Avenue,Umang ¾ Kabir Avenue,57,normalized label matched source text
RJ028,Garima Special School Samiti 91-92,Garima Special School Samiti 91-92,57,normalized label matched source text
RJ029,Shri Sainath Manovikas Sansthan,Shri Sainath Manovikas Sansthan,57,normalized label matched source text
RJ031,SONA VIKLANG PUNERWAS AVOM SODH SANSTHAN,SONA VIKLANG PUNERWAS AVOM SODH SANSTHAN,57,normalized label matched source text
RJ032,Department of Rehabilitation Sciences,Department of Rehabilitation Sciences,57,normalized label matched source text
RJ033,Society for education conscientisation awareness and training (Ecat Bodhgram),Society for education conscientisation awareness and training (Ecat Bodhgram),58,normalized label matched source text
RJ034,Diya Institute of Special Education & Research,Diya Institute of Special Education & Research,58,normalized label matched source text
RJ035,Nirmal Special Teacher Training College Mundari Village - Mundari District - Jhalawar,Nirmal Special Teacher Training College Mundari Village - Mundari District - Jhalawar,58,normalized label matched source text
RJ036,Nav Chetna Mansik Viklang and mook badhir vidhyalya Samiti 331,Nav Chetna Mansik Viklang and mook badhir vidhyalya Samiti 331,58,normalized label matched source text
RJ037,Sambal Samiti Jaipur C-96,Sambal Samiti Jaipur C-96,58,normalized label matched source text
RJ039,MANAV DHARAM SPECIAL EDUCATION TEACHERS TRAINING CENTER PANWAR ROAD NH 12 DEOLI DISTRICT TONK RAJASTHAN 304804,MANAV DHARAM SPECIAL EDUCATION TEACHERS TRAINING CENTER PANWAR ROAD NH 12 DEOLI DISTRICT TONK RAJASTHAN 304804,58,normalized label matched source text
RJ040,ISHOM SPECIAL TEACHER TRAINING CENTER SUJANGARH BYE PASS ROAD,ISHOM SPECIAL TEACHER TRAINING CENTER SUJANGARH BYE PASS ROAD,58,normalized label matched source text
RJ041,Salasar Balaji B.Ed.College behind,Salasar Balaji B.Ed.College behind,58,normalized label matched source text
RJ042,Shekhawati Teachers Training Institute,Shekhawati Teachers Training Institute,58,normalized label matched source text
RJ044,Yogesh Shekshik Punarwas Awam Shodh Sansthan,Yogesh Shekshik Punarwas Awam Shodh Sansthan,59,normalized label matched source text
RJ045,Indian Institute of Learning Disabilities and Rehabilitation,Indian Institute of Learning Disabilities and Rehabilitation,59,normalized label matched source text
RJ046,Aoes Teacher Training Centre Vinayak Nagar Jhalawar Road Baran,Aoes Teacher Training Centre Vinayak Nagar Jhalawar Road Baran,59,normalized label matched source text
RJ047,Shivam Special Teacher Training Center,Shivam Special Teacher Training Center,59,normalized label matched source text
RJ048,Tagore Institute of Special Education Bundi,Tagore Institute of Special Education Bundi,59,normalized label matched source text
RJ049,Majisa Special Teacher Training Center,Majisa Special Teacher Training Center,59,normalized label matched source text
RJ050,Shri Baba Ramdev Special Teacher Training Center,Shri Baba Ramdev Special Teacher Training Center,59,normalized label matched source text
RJ051,Shri Rudra Special Teacher Center VPO - Bidasar,Shri Rudra Special Teacher Center VPO - Bidasar,59,normalized label matched source text
RJ052,Lal Bahadur Shastri College,Lal Bahadur Shastri College,59,normalized label matched source text
RJ053,Srijan Manav Shiksha Avam Kalyan Sansthan,Srijan Manav Shiksha Avam Kalyan Sansthan,59,normalized label matched source text
RJ054,S.V.N. Sansthan,S.V.N. Sansthan,59,normalized label matched source text
RJ055,Matra Sneh Sansthan (Previously known as Nehru Adarsh Jan Swasthya Gramin Vikash Sanstha),Matra Sneh Sansthan (Previously known as Nehru Adarsh Jan Swasthya Gramin Vikash Sanstha),59,normalized label matched source text
RJ056,Mansik Viklang Shikshan Prashikshan Kendra,Mansik Viklang Shikshan Prashikshan Kendra,60,normalized label matched source text
RJ057,Rudraksh Educational and Welfare Society,Rudraksh Educational and Welfare Society,60,normalized label matched source text
RJ058,Ganga Vision Teacher Training Institute 142 Sangam Vihar,Ganga Vision Teacher Training Institute 142 Sangam Vihar,60,normalized label matched source text
RJ059,Tapas Shekshik Punarwas and Anusandhan Sansthan,Tapas Shekshik Punarwas and Anusandhan Sansthan,60,normalized label matched source text
RJ060,Divya Jyoti Gyan AVM Samagik Vikas Samiti,Divya Jyoti Gyan AVM Samagik Vikas Samiti,60,normalized label matched source text
RJ061,Kiran Devi Special Teacher Training Centre,Kiran Devi Special Teacher Training Centre,60,normalized label matched source text
RJ062,Jai Shri Balaji Institute of Special Education,Jai Shri Balaji Institute of Special Education,60,normalized label matched source text
RJ063,Creative Hands Society for Education & Health 78/B,Creative Hands Society for Education & Health 78/B,60,normalized label matched source text
RJ064,Prayas Seva Sansthan,Prayas Seva Sansthan,60,normalized label matched source text
RJ065,Mahatma Gandhi Medical College & Hospital Faculty of Medicine -RIICO 19-20 RIICO Institutional Area,Mahatma Gandhi Medical College & Hospital Faculty of Medicine -RIICO 19-20 RIICO Institutional Area,60,normalized label matched source text
RJ066,Apex Institute of Special Education,Apex Institute of Special Education,60,normalized label matched source text
RJ067,Sweet Voice Welfare and Shiksha Society Village- Charanwas,Sweet Voice Welfare and Shiksha Society Village- Charanwas,61,normalized label matched source text
RJ068,Naya Sawera Shakshanik Avam Samajik Vikas Sanstha Plot No. 02,Naya Sawera Shakshanik Avam Samajik Vikas Sanstha Plot No. 02,61,normalized label matched source text
RJ069,Shri Bhayya Shiksha Samiti,Shri Bhayya Shiksha Samiti,61,normalized label matched source text
RJ070,Mata Gujri College of Special Education,Mata Gujri College of Special Education,61,normalized label matched source text
RJ071,Shri Dev Special Teacher Training Center Gulabpura,Shri Dev Special Teacher Training Center Gulabpura,61,normalized label matched source text
RJ072,St. Stephens Teacher Training Center,St. Stephens Teacher Training Center,61,normalized label matched source text
RJ073,Barmer College of Special Education,Barmer College of Special Education,61,normalized label matched source text
RJ074,Shekhawati Shishan Sansthan,Shekhawati Shishan Sansthan,61,normalized label matched source text
RJ075,Shree Jagdish Seva Sansthan Plot No. 487,Shree Jagdish Seva Sansthan Plot No. 487,61,normalized label matched source text
RJ076,Sai Mental Retarded Rsidential School Jhalawar Radi Ke Balaji,Sai Mental Retarded Rsidential School Jhalawar Radi Ke Balaji,61,normalized label matched source text
RJ077,S.S. College of Special Educaiton Chak 22 Lgw (B),S.S. College of Special Educaiton Chak 22 Lgw (B),61,normalized label matched source text
RJ078,Shree Hem Singh Special Teachers Training College,Shree Hem Singh Special Teachers Training College,61,normalized label matched source text
RJ079,Navjeevan Shikshan Sansthan N.H. 52,Navjeevan Shikshan Sansthan N.H. 52,62,normalized label matched source text
RJ080,Mansi Jan Sewa Kalyan Sansthan Jyoti Nagar Hanumangarh Road,Mansi Jan Sewa Kalyan Sansthan Jyoti Nagar Hanumangarh Road,62,normalized label matched source text
RJ081,Shiksha Sanchalan & Chikitsa Prasar Samitee Baniyana Road,Shiksha Sanchalan & Chikitsa Prasar Samitee Baniyana Road,62,normalized label matched source text
RJ082,Rajesh Pilot Smriti Gram Udhyog Shiksha,Rajesh Pilot Smriti Gram Udhyog Shiksha,62,normalized label matched source text
RJ083,Om Shikshan Wa Prashikshan Sansthan Kotkhawada Road,Om Shikshan Wa Prashikshan Sansthan Kotkhawada Road,62,normalized label matched source text
RJ084,Maharana Pratap Vishesh Mahavidhyalaya,Maharana Pratap Vishesh Mahavidhyalaya,62,normalized label matched source text
RJ085,Department of Educaiton,Department of Educaiton,62,normalized label matched source text
RJ086,Little Angel College of Special Education,Little Angel College of Special Education,62,normalized label matched source text
RJ087,Adarsh Gyanoday Vikas Samiti Sort Bazar,Adarsh Gyanoday Vikas Samiti Sort Bazar,62,normalized label matched source text
RJ088,Shree Karani Shekshnik Samajik and Divyang Kalyan samiti 26 Balaji Vihar Extn. 26 Machda Jaipur,Shree Karani Shekshnik Samajik and Divyang Kalyan samiti 26 Balaji Vihar Extn. 26 Machda Jaipur,62,normalized label matched source text
RJ089,Sambal Samiti Near N.K. Public School,Sambal Samiti Near N.K. Public School,62,normalized label matched source text
RJ090,Institute for Rural Development and Technical Research Shrimsheel Ashram,Institute for Rural Development and Technical Research Shrimsheel Ashram,62,normalized label matched source text
RJ091,MJRP College of Education,MJRP College of Education,62,normalized label matched source text
RJ092,Suryodaya Vidya Mandir shiksha Samiti,Suryodaya Vidya Mandir shiksha Samiti,63,normalized label matched source text
RJ093,Shri Ram Gopal Vishesh Vidyalaya run By Prerna Education and Welfare Society,Shri Ram Gopal Vishesh Vidyalaya run By Prerna Education and Welfare Society,63,normalized label matched source text
RJ094,Rajasthan Rehabilitation & Research Institute Jamdoli,Rajasthan Rehabilitation & Research Institute Jamdoli,63,normalized label matched source text
RJ095,OPJS University VPO Rawatsar Kunjla Near Sankhu Fort,OPJS University VPO Rawatsar Kunjla Near Sankhu Fort,63,normalized label matched source text
RJ096,Prayas Seva Sansthan Behind Petrol Pump,Prayas Seva Sansthan Behind Petrol Pump,63,normalized label matched source text
RJ097,Gramin Sewa Sansthan Teacher Training Institute,Gramin Sewa Sansthan Teacher Training Institute,63,normalized label matched source text
RJ098,Koshalyam Institute for Training & Research,Koshalyam Institute for Training & Research,63,normalized label matched source text
RJ099,Madhav University Pindwara,Madhav University Pindwara,63,normalized label matched source text
RJ100,Marudhara Bal shikshan Sansthan Near Ratholai Nadi Pipar City Jodhpur Rajasthan - 342601,Marudhara Bal shikshan Sansthan Near Ratholai Nadi Pipar City Jodhpur Rajasthan - 342601,63,normalized label matched source text
RJ101,IIS - (Deemed to be University) ICG Campus,IIS - (Deemed to be University) ICG Campus,63,normalized label matched source text
RJ102,Divya Sansthan Swam Siddhha Parisar,Divya Sansthan Swam Siddhha Parisar,63,normalized label matched source text
RJ103,Navjyoti Viklang Kalyan Evam Punarvas Sansthan Sector No. 8,Navjyoti Viklang Kalyan Evam Punarvas Sansthan Sector No. 8,64,normalized label matched source text
RJ104,Bandhan Sansthan C/o Shri Shiv Shankar Ward No. 30,Bandhan Sansthan C/o Shri Shiv Shankar Ward No. 30,64,normalized label matched source text
RJ105,Manav Dharam Viklang Seva Sanstha,Manav Dharam Viklang Seva Sanstha,64,normalized label matched source text
RJ106,Mohanlal Sukhdia University,Mohanlal Sukhdia University,64,normalized label matched source text
RJ107,Navjivan SpecialTeacher Training Centre,Navjivan SpecialTeacher Training Centre,64,normalized label matched source text
RJ108,Satyabhama Institute of Special Education and Research,Satyabhama Institute of Special Education and Research,64,normalized label matched source text
RJ109,Jodhpur Badhir Kalyan Samiti,Jodhpur Badhir Kalyan Samiti,64,normalized label matched source text
RJ110,Jubin Sapstics Home & Charitable Trust 4/94 Sukhdia Shopping Center,Jubin Sapstics Home & Charitable Trust 4/94 Sukhdia Shopping Center,64,normalized label matched source text
RJ111,Satyam Special Teacher Training Center,Satyam Special Teacher Training Center,64,normalized label matched source text
RJ112,Ronak Special Teacher Training Institute,Ronak Special Teacher Training Institute,64,normalized label matched source text
RJ113,Laugh n’Learn (A academy of Special Education) Tonk Road,Laugh n’Learn (A academy of Special Education) Tonk Road,64,normalized label matched source text
RJ114,Bharti Special College Dausa Run by Bhartiya Adarsh Vidya Mandir Uchch Madhyamik Vidhyalaya Sansthan,Bharti Special College Dausa Run by Bhartiya Adarsh Vidya Mandir Uchch Madhyamik Vidhyalaya Sansthan,64,normalized label matched source text
RJ115,Institute of Rehabilitation Sciences and Research (I.R.S.R.) Department of Rehabilitation Science and Research,Institute of Rehabilitation Sciences and Research (I.R.S.R.) Department of Rehabilitation Science and Research,64,normalized label matched source text
RJ116,Sahyog Sewa Sansthan,Sahyog Sewa Sansthan,64,normalized label matched source text
RJ117,The Lords University,The Lords University,65,normalized label matched source text
RJ118,University of Technology,University of Technology,65,normalized label matched source text
RJ119,Sunrise University,Sunrise University,65,normalized label matched source text
RJ120,Aditya Institute of Rehabilitation Sciences (Run by Arya Shiksha Samiti),Aditya Institute of Rehabilitation Sciences (Run by Arya Shiksha Samiti),65,normalized label matched source text
RJ121,Navjyoti College of Special Education,Navjyoti College of Special Education,65,normalized label matched source text
RJ122,"Asha Ka Jharna, Ward No. 2","Asha Ka Jharna, Ward No. 2",65,normalized label matched source text
RJ123,Kanchan Special College,Kanchan Special College,65,normalized label matched source text
RJ124,Late Shri Ram Kumar College of Special Education (Run by Sundar Devi Khangaram Public School Samiti) Uttam Nagar,Late Shri Ram Kumar College of Special Education (Run by Sundar Devi Khangaram Public School Samiti) Uttam Nagar,65,normalized label matched source text
RJ125,Surya College of Special Education Run by Saur Chetna Evam Urja Vigyan Shodh Sansthan,Surya College of Special Education Run by Saur Chetna Evam Urja Vigyan Shodh Sansthan,65,normalized label matched source text
RJ126,Shri Bapuji Special Teacher Training Centre (Run by Shree Baba Ramdev Medical Education Societyt),Shri Bapuji Special Teacher Training Centre (Run by Shree Baba Ramdev Medical Education Societyt),65,normalized label matched source text
RJ128,Navjeevan Special School & Teachers Training Institute (Run by Gogameri Jan Jagarti Vikas Seva Samiti) Near Ambedkar Chowk,Navjeevan Special School & Teachers Training Institute (Run by Gogameri Jan Jagarti Vikas Seva Samiti) Near Ambedkar Chowk,65,normalized label matched source text
RJ129,Shree Bhadariya Ray Shikshan Sansthan,Shree Bhadariya Ray Shikshan Sansthan,65,normalized label matched source text
RJ130,Chetna Special Education Teacher Training College,Chetna Special Education Teacher Training College,65,normalized label matched source text
RJ131,R. G. Special Teacher Training Centre Ladnun,R. G. Special Teacher Training Centre Ladnun,65,normalized label matched source text
RJ132,Shri Balaji Group of Special Education (Run by Shri Balaji shaikshanik Sansthan),Shri Balaji Group of Special Education (Run by Shri Balaji shaikshanik Sansthan),66,normalized label matched source text
RJ133,Yagam Special Teacher Training Center (Run by Prerna Public Shikshan Sansthan),Yagam Special Teacher Training Center (Run by Prerna Public Shikshan Sansthan),66,normalized label matched source text
RJ134,Ayushmaan College of Special Education,Ayushmaan College of Special Education,66,normalized label matched source text
RJ135,Alok Public School shiksha Samiti Tonk,Alok Public School shiksha Samiti Tonk,66,normalized label matched source text
RJ136,Yash Rehabilitation Centre for Handicapped Children,Yash Rehabilitation Centre for Handicapped Children,66,normalized label matched source text
RJ137,Shri Bhandari Special Teacher Training Centre,Shri Bhandari Special Teacher Training Centre,66,normalized label matched source text
RJ138,Forex Welfare Society Shiv B.Ed. College Special Education (IDD) College,Forex Welfare Society Shiv B.Ed. College Special Education (IDD) College,66,normalized label matched source text
RJ139,Shri Krishna Special Teacher Training Centre,Shri Krishna Special Teacher Training Centre,66,normalized label matched source text
RJ140,Marwar Winners Special Teacher Training College (Run by winners Educational Society),Marwar Winners Special Teacher Training College (Run by winners Educational Society),66,normalized label matched source text
RJ141,Saraswati Vidya Ashram Samiti,Saraswati Vidya Ashram Samiti,66,normalized label matched source text
RJ142,Satguru Teacher Training College,Satguru Teacher Training College,66,normalized label matched source text
RJ143,Shri Kalyan Special Teacher Center (Run by Guman Public Sansthan),Shri Kalyan Special Teacher Center (Run by Guman Public Sansthan),66,normalized label matched source text
RJ144,Anmol Special Teacher Training Center,Anmol Special Teacher Training Center,66,normalized label matched source text
RJ145,Madhur Special Shikshan Prashikshan Sansthan,Madhur Special Shikshan Prashikshan Sansthan,66,normalized label matched source text
RJ146,The First One Institute of Special Education,The First One Institute of Special Education,66,normalized label matched source text
RJ147,Vivek Vardhini Shiksha Avm Manovikas Sewa samiti,Vivek Vardhini Shiksha Avm Manovikas Sewa samiti,67,normalized label matched source text
RJ148,Veer Teja Special Teacher Training College (Run by Shri Mahadev shikshan Sansthan),Veer Teja Special Teacher Training College (Run by Shri Mahadev shikshan Sansthan),67,normalized label matched source text
RJ149,Shri Mahadev Special Teacher Training Center (Run By Shri Shiv Bal Vidhya Mandir Sansthan),Shri Mahadev Special Teacher Training Center (Run By Shri Shiv Bal Vidhya Mandir Sansthan),67,normalized label matched source text
RJ150,Shyam University,Shyam University,67,normalized label matched source text
RJ151,National Education & Welfare Society Teacher Training,National Education & Welfare Society Teacher Training,67,normalized label matched source text
RJ152,Life Style Welfare Sanstha,Life Style Welfare Sanstha,67,normalized label matched source text
RJ153,Rudraksh Special Teachers Training College,Rudraksh Special Teachers Training College,67,normalized label matched source text
RJ154,Madhani College of Special Educaiton (Run by Lakshay shekshnik & Samajik Sansthan),Madhani College of Special Educaiton (Run by Lakshay shekshnik & Samajik Sansthan),67,normalized label matched source text
RJ155,Department of Education,Department of Education,67,normalized label matched source text
RJ156,Tanwar Shiksha Sansthan,Tanwar Shiksha Sansthan,67,normalized label matched source text
RJ157,Govt. Teacher Training Center for HI,Govt. Teacher Training Center for HI,67,normalized label matched source text
RJ158,Marudhar Special Teachers Training College,Marudhar Special Teachers Training College,67,normalized label matched source text
RJ159,Swami Vivekanand Punarvas Sansthan,Swami Vivekanand Punarvas Sansthan,67,normalized label matched source text
RJ160,Sweekar Special School Samiti,Sweekar Special School Samiti,67,normalized label matched source text
RJ161,Om Shikshan Sansthan,Om Shikshan Sansthan,68,normalized label matched source text
RJ162,T.R. Memorial Special Teacher Training College Deora (Run by shree Ganesh shiksha Samiti) Teh. Chitalwana,T.R. Memorial Special Teacher Training College Deora (Run by shree Ganesh shiksha Samiti) Teh. Chitalwana,68,normalized label matched source text
RJ163,Assent Special Teacher Training Center (Run by Prayas Seva Sansthan) Didwana,Assent Special Teacher Training Center (Run by Prayas Seva Sansthan) Didwana,68,normalized label matched source text
RJ164,The Little Star Special Teacher Training Center (Run by Vinod Kumar Gurjar Memorial Educational Society),The Little Star Special Teacher Training Center (Run by Vinod Kumar Gurjar Memorial Educational Society),68,normalized label matched source text
RJ165,"M. D. Sansthan, Plot No. 8","M. D. Sansthan, Plot No. 8",68,normalized label matched source text
RJ166,Raj Special Education Teacher Training College ( Run by G.L.S. Academy Edu. & Welfare Society),Raj Special Education Teacher Training College ( Run by G.L.S. Academy Edu. & Welfare Society),68,normalized label matched source text
RJ167,Lovely Mamta Special College of Education (Run by Mamta Punarvas Evam Samajik Shodh Sansthan S1 Greenland Clone near Udemsingh Chok Kesrisinghpur,Lovely Mamta Special College of Education (Run by Mamta Punarvas Evam Samajik Shodh Sansthan S1 Greenland Clone near Udemsingh Chok Kesrisinghpur,68,normalized label matched source text
RJ168,Little Feet Institute of Special Education,Little Feet Institute of Special Education,68,normalized label matched source text
RJ169,Shri Ram Special Teacher Training College (Run by Shri Rawatsingh Bhomiyaji Shikshan Shod Sansthan),Shri Ram Special Teacher Training College (Run by Shri Rawatsingh Bhomiyaji Shikshan Shod Sansthan),68,normalized label matched source text
RJ170,Suresh Gyan Vihar University Mahal,Suresh Gyan Vihar University Mahal,68,normalized label matched source text
RJ171,Maa Vankal College of Special Education (Run by Maalani Jan Kalyan Evam shikshan Sansthan),Maa Vankal College of Special Education (Run by Maalani Jan Kalyan Evam shikshan Sansthan),68,normalized label matched source text
RJ172,Samarpan Teacher Training Institute (Run by Samarpan Sansthan) Near New Allen School,Samarpan Teacher Training Institute (Run by Samarpan Sansthan) Near New Allen School,68,normalized label matched source text
RJ173,Manohar Bal Mandir Samiti,Manohar Bal Mandir Samiti,68,normalized label matched source text
RJ174,Swera Rehabilitation Training Institute (Run by Society for Single Women Empowerment and Relief),Swera Rehabilitation Training Institute (Run by Society for Single Women Empowerment and Relief),68,normalized label matched source text
RJ175,Viraj Special Education Teacher Training College,Viraj Special Education Teacher Training College,68,normalized label matched source text
RJ176,Mahatma Jyotirao Phule Rehabilitation Center,Mahatma Jyotirao Phule Rehabilitation Center,69,normalized label matched source text
RJ177,Bharati Bal Mandir Samiti,Bharati Bal Mandir Samiti,69,normalized label matched source text
RJ178,Bhagwati Teacher Training Institute Near Railway Station Opp. Ramdwara,Bhagwati Teacher Training Institute Near Railway Station Opp. Ramdwara,69,normalized label matched source text
RJ179,Rehan Public Shikshan Sansthan,Rehan Public Shikshan Sansthan,69,normalized label matched source text
RJ180,SAI College of Special Education & Research,SAI College of Special Education & Research,69,normalized label matched source text
RJ181,Shree Dev Narayan Shiksha Samiti Shanti Nagar,Shree Dev Narayan Shiksha Samiti Shanti Nagar,69,normalized label matched source text
RJ182,KCP Special Education Teacher Training College(Run by Raj Shaikshaik Evam Prashaikshik Sew Sansthan),KCP Special Education Teacher Training College(Run by Raj Shaikshaik Evam Prashaikshik Sew Sansthan),69,normalized label matched source text
RJ183,Parmanand Trilokchand Rehabiltiation Center Sujangarh,Parmanand Trilokchand Rehabiltiation Center Sujangarh,69,normalized label matched source text
RJ184,B.R. Memorial Special Teacher’s Training College 3,B.R. Memorial Special Teacher’s Training College 3,69,normalized label matched source text
RJ185,Lokmanya Tilak Special D.Ed.College (Lokmanya Tilak Jankalyan Shikshan Sansthan) VPO- Bindayak,Lokmanya Tilak Special D.Ed.College (Lokmanya Tilak Jankalyan Shikshan Sansthan) VPO- Bindayak,69,normalized label matched source text
RJ186,Disha Special Teacher Training Institute Run by Anu Shiksha Avam Swasthya Samiti Near Joshi Ki Kothi,Disha Special Teacher Training Institute Run by Anu Shiksha Avam Swasthya Samiti Near Joshi Ki Kothi,69,normalized label matched source text
RJ187,Kalyan Jan Seva Shiksha Evam Gramin Vikas Samiti Jain Mandir Ke Pass,Kalyan Jan Seva Shiksha Evam Gramin Vikas Samiti Jain Mandir Ke Pass,69,normalized label matched source text
RJ188,Social Development and Education Society Weir,Social Development and Education Society Weir,69,normalized label matched source text
RJ189,Pancholi Vishesh T.T. College Run by Pancholi Siksha Samiti Mai Road,Pancholi Vishesh T.T. College Run by Pancholi Siksha Samiti Mai Road,69,normalized label matched source text
RJ190,Shree Krishna Jan Sewa Sansthan (Run by Krishna Adarsh Vidya Mandir Samiti) 293,Shree Krishna Jan Sewa Sansthan (Run by Krishna Adarsh Vidya Mandir Samiti) 293,69,normalized label matched source text
RJ191,Milan Special College Run by Milan Defence Shiksha Samiti Jaipur Road,Milan Special College Run by Milan Defence Shiksha Samiti Jaipur Road,70,normalized label matched source text
RJ192,Annie Beasant Special Teachers Training College (Run by Marwar Kesari Shikshan Sansthan),Annie Beasant Special Teachers Training College (Run by Marwar Kesari Shikshan Sansthan),70,normalized label matched source text
RJ193,Aaina Special Teacher Training Institute Run by Aaina Social Welfare Society Kalwar Road,Aaina Special Teacher Training Institute Run by Aaina Social Welfare Society Kalwar Road,70,normalized label matched source text
RJ194,Prayas Seva Sansthan,Prayas Seva Sansthan,70,normalized label matched source text
RJ195,Nims School of Humanities and Social Sciences,Nims School of Humanities and Social Sciences,70,normalized label matched source text
RJ196,M.B.M. University Jodhpur,M.B.M. University Jodhpur,70,normalized label matched source text
RJ197,Kavya Shiksha Evam Vikas Seva Sansthan 132 KV,Kavya Shiksha Evam Vikas Seva Sansthan 132 KV,70,normalized label matched source text
RJ198,Aadhar Special B.Ed.College (Run by Bharti Vidya Mandir,Aadhar Special B.Ed.College (Run by Bharti Vidya Mandir,70,normalized label matched source text
RJ199,Sarswati Babu-Divyang Shikshan Sansthan (Run by New Rajasthan Welfare Society) Beeenjhbayala,Sarswati Babu-Divyang Shikshan Sansthan (Run by New Rajasthan Welfare Society) Beeenjhbayala,70,normalized label matched source text
RJ200,Pacific Medical College and Hospital (Affiliated to pacific Medical University) Bhilon ka bedla,Pacific Medical College and Hospital (Affiliated to pacific Medical University) Bhilon ka bedla,70,normalized label matched source text
RJ201,Shri Dev Special Teacher Training Center (Run by Kala Bal Mandir Shikshan Sansthan) Deogarh,Shri Dev Special Teacher Training Center (Run by Kala Bal Mandir Shikshan Sansthan) Deogarh,70,normalized label matched source text
RJ202,Samarpan Special Institute (Run by Ayoush Sansthan Chasku) Usmanpura NH-12,Samarpan Special Institute (Run by Ayoush Sansthan Chasku) Usmanpura NH-12,70,normalized label matched source text
RJ203,Sankalp Special Institute (Run by Priyanshu Shiksha Samiti) Newai Tonk,Sankalp Special Institute (Run by Priyanshu Shiksha Samiti) Newai Tonk,70,normalized label matched source text
RJ204,Mahaveer Special Teacher Training Educaiton Institute,Mahaveer Special Teacher Training Educaiton Institute,70,normalized label matched source text
RJ205,Sangam Special Institute Peeplu (R b Sh i D Shik h S iti) T k R j th,Sangam Special Institute Peeplu,70,corrected from source name/address column
RJ206,Shri Dev Special Teacher Training Center (Run by Adarsh Vidhya Mandir Sansthan) Shahpura,Shri Dev Special Teacher Training Center (Run by Adarsh Vidhya Mandir Sansthan) Shahpura,71,normalized label matched source text
RJ207,Shri Devnarayan Special Teacher Training Center (Run by Shri Ishom shiksha Samiti Sansthan),Shri Devnarayan Special Teacher Training Center (Run by Shri Ishom shiksha Samiti Sansthan),71,normalized label matched source text
RJ208,Sanskaar Special Education College (Shiv Seva Samiti) Peeplu,Sanskaar Special Education College (Shiv Seva Samiti) Peeplu,71,normalized label matched source text
RJ209,Shri Dev Special Teacher Training Center Raithan Shiksha & Career Samiti) Asind,Shri Dev Special Teacher Training Center Raithan Shiksha & Career Samiti) Asind,71,normalized label matched source text
RJ210,Adarsh Gyanodaya Special Education Teacher Training Center (adarsh Gyanoday Vikash Samiti),Adarsh Gyanodaya Special Education Teacher Training Center (adarsh Gyanoday Vikash Samiti),71,normalized label matched source text
RJ211,S.V. College of Special Education (Run by Saneshwaram Manav Seva Samiti,S.V. College of Special Education (Run by Saneshwaram Manav Seva Samiti,71,normalized label matched source text
RJ212,Ayushmaan Institute of Special Teacher Training Tonk Road,Ayushmaan Institute of Special Teacher Training Tonk Road,71,normalized label matched source text
RJ213,Murli Singh Yadav Memorial Divyang STC College,Murli Singh Yadav Memorial Divyang STC College,71,normalized label matched source text
RJ214,Shyam Sarovar College of Education Run by Sent Johns English Academy Society) Nadbai,Shyam Sarovar College of Education Run by Sent Johns English Academy Society) Nadbai,71,normalized label matched source text
RJ215,Composite Regional Centre for Skill Development,Composite Regional Centre for Skill Development,71,normalized label matched source text
RJ216,Tantia University Sri Ganganagar,Tantia University Sri Ganganagar,71,normalized label matched source text
RJ217,Saraswati Teacher Training College,Saraswati Teacher Training College,71,normalized label matched source text
RJ218,Shiv Vidya Mandir Near Near Sindhi Mohala,Shiv Vidya Mandir Near Near Sindhi Mohala,71,normalized label matched source text
RJ219,Tagore Public Isitep College Plot No. 06,Tagore Public Isitep College Plot No. 06,71,normalized label matched source text
RJ220,M.B.D. Memorial College Tilak Nagar,M.B.D. Memorial College Tilak Nagar,72,normalized label matched source text
RJ221,Nehru Special Teacher Training College Churu Rajasthan Babosa Murti Ke Pass Near Career College,Nehru Special Teacher Training College Churu Rajasthan Babosa Murti Ke Pass Near Career College,72,normalized label matched source text
RJ222,Bhagwani Devi Divyang Isitep College Karni Coach Udairamsar,Bhagwani Devi Divyang Isitep College Karni Coach Udairamsar,72,normalized label matched source text
RJ223,New Indian Special Teacher Training College VPO- Dundpd,New Indian Special Teacher Training College VPO- Dundpd,72,normalized label matched source text
RJ224,Deep Foundation and Special T.T. College Jodhpur 124 Ashapurna Nagar Opp. D.P.S. Pal Road,Deep Foundation and Special T.T. College Jodhpur 124 Ashapurna Nagar Opp. D.P.S. Pal Road,72,normalized label matched source text
RJ225,KISHAN JAN KALYAN SHIKSHAN SANSTHAN,KISHAN JAN KALYAN SHIKSHAN SANSTHAN,72,normalized label matched source text
RJ226,S.S SPECIAL TEACHER TRAINING COLLEGE,S.S SPECIAL TEACHER TRAINING COLLEGE,72,normalized label matched source text
RJ227,SHEKHAWATI SHIKSHAN SANSTHAN DIVYANG ISITEP COLLEGE TEHANDESAR BIDASAR,SHEKHAWATI SHIKSHAN SANSTHAN DIVYANG ISITEP COLLEGE TEHANDESAR BIDASAR,72,normalized label matched source text
RJ228,Sharda Special Education College Peeplu,Sharda Special Education College Peeplu,72,normalized label matched source text
RJ229,MARUBHUMI TEACHER TRAINING COLLEGE,MARUBHUMI TEACHER TRAINING COLLEGE,72,normalized label matched source text
RJ230,Dhattarwal College of Education,Dhattarwal College of Education,72,normalized label matched source text
RJ231,Health Welfare Sansthan,Health Welfare Sansthan,72,normalized label matched source text
RJ232,SARSWATI SPECIAL TEACHER TRANING COLLEGE JHALRAPATAN,SARSWATI SPECIAL TEACHER TRANING COLLEGE JHALRAPATAN,72,normalized label matched source text
RJ233,KESHAV SPECIAL TEACHER TRAINING CENTER,KESHAV SPECIAL TEACHER TRAINING CENTER,72,normalized label matched source text
RJ234,Society for Education for Differently Abled -SEDA,Society for Education for Differently Abled -SEDA,72,normalized label matched source text
RJ235,NARAYAN JAN KALYAN SEWA SANSTHAN,NARAYAN JAN KALYAN SEWA SANSTHAN,72,normalized label matched source text
RJ236,SHREE KRISHNA SPECIAL COLLEGE DEH,SHREE KRISHNA SPECIAL COLLEGE DEH,73,normalized label matched source text
RJ237,JAI MINESH ADIVASI UNIVERSITY (All India Shree Meena Social and Educational Society) In front of IIIT,JAI MINESH ADIVASI UNIVERSITY (All India Shree Meena Social and Educational Society) In front of IIIT,73,normalized label matched source text
RJ238,SHAKTI SARASWATI SPECIAL TEACHER TRAINING COLLEGE (run by Adarsh Vidyaniketan Sansthan) Training College Sardarshahar,SHAKTI SARASWATI SPECIAL TEACHER TRAINING COLLEGE (run by Adarsh Vidyaniketan Sansthan) Training College Sardarshahar,73,normalized label matched source text
RJ239,SUBODH SIKSHAN SANSTHAN Special ISITEP College KANUTA,SUBODH SIKSHAN SANSTHAN Special ISITEP College KANUTA,73,normalized label matched source text
RJ240,GRAMOTTHAN SPECIAL TEACHER TRAINING COLLEGE,GRAMOTTHAN SPECIAL TEACHER TRAINING COLLEGE,73,normalized label matched source text
RJ241,K D SPECIAL EDUCATION COLLEGE,K D SPECIAL EDUCATION COLLEGE,73,normalized label matched source text
SK001,Sikkim Alpine University,Sikkim Alpine University,73,normalized label matched source text
SK002,Composite Regional Centre for Skill Development,Composite Regional Centre for Skill Development,73,normalized label matched source text
SK003,Medhavi Skill University (Sikkim) Topakhani,Medhavi Skill University (Sikkim) Topakhani,73,normalized label matched source text
SK004,Pannadhay University,Pannadhay University,73,normalized label matched source text
TN001,SCHIEFFELIN INSTITUTE OF HEALTH RESEARCH AND LEPROSY CENTRE,SCHIEFFELIN INSTITUTE OF HEALTH RESEARCH AND LEPROSY CENTRE,73,normalized label matched source text
TN002,Faculty of Disability Management and Special Education,Faculty of Disability Management and Special Education,73,normalized label matched source text
TN004,The Clarke School for the Deaf,The Clarke School for the Deaf,74,normalized label matched source text
TN006,Spastic Society of Tamil Nadu,Spastic Society of Tamil Nadu,74,normalized label matched source text
TN008,Bala Vihar Training School,Bala Vihar Training School,75,normalized label matched source text
TN011,S.B.T. College of Special Education Anbagam extension,S.B.T. College of Special Education Anbagam extension,75,normalized label matched source text
TN012,Holy Cross College,Holy Cross College,75,normalized label matched source text
TN013,Christian Medical College,Christian Medical College,75,normalized label matched source text
TN014,Avinashlingam Institute for Home Science & Higher Education for Women,Avinashlingam Institute for Home Science & Higher Education for Women,75,normalized label matched source text
TN015,Sri Ramachandra Institute of Higher Educaiton and Research (Deemed to be University) Dept. of Clinical Psychology,Sri Ramachandra Institute of Higher Educaiton and Research (Deemed to be University) Dept. of Clinical Psychology,76,normalized label matched source text
TN017,1st Bala Vidyalaya Institute for Teachers Training,Bala Vidyalaya Institute for Teachers Training,76,corrected from source name/address column
TN018,3rd Vijay Human Services,Vijay Human Services,76,corrected from source name/address column
TN020,N.K.T National College of Education for Women,N.K.T National College of Education for Women,76,normalized label matched source text
TN021,Mrs. Ann Fischer Memorial Training Institute for Special Education,Mrs. Ann Fischer Memorial Training Institute for Special Education,76,normalized label matched source text
TN023,National Institute for Empowerment of Persons with Multiple Disabilities,National Institute for Empowerment of Persons with Multiple Disabilities,76,normalized label matched source text
TN024,Vidya Sagar (Formerly,Vidya Sagar (Formerly,77,normalized label matched source text
TN025,National Institute for the Visually Handicapped,National Institute for the Visually Handicapped,77,normalized label matched source text
TN027,SRM Medical College Hospital & Research Centre,SRM Medical College Hospital & Research Centre,77,normalized label matched source text
TN028,Indira Gandhi College of Special Education (Mary Kanagam Memorial Educational Trust) Holy Cross Campus,Indira Gandhi College of Special Education (Mary Kanagam Memorial Educational Trust) Holy Cross Campus,77,normalized label matched source text
TN032,Madras ENT Research Foundation Charitable Trust MERF Institute of Speech & Hearing (A Unit of Madras ENT 1st Research Foundation (P). Ltd.)No. 1,Madras ENT Research Foundation Charitable Trust MERF Institute of Speech & Hearing (A Unit of Madras ENT Research Foundation (P). Ltd.),78,corrected from source name/address column
TN037,School of prosthetics & Orthotics,School of prosthetics & Orthotics,78,normalized label matched source text
TN038,C.S.I. Balar Gnana,C.S.I. Balar Gnana,78,normalized label matched source text
TN042,CSI College of Education,CSI College of Education,78,normalized label matched source text
TN043,Kalaslingam University (Kalaslingam Academy of Research & Education),Kalaslingam University (Kalaslingam Academy of Research & Education),78,normalized label matched source text
TN044,The Spastic Society of Tiruchirapalli No 5 Revival Nagar Ramalinga Nagar South Extension Vayalur Road Tiruchirapalli Tamil Nadu,The Spastic Society of Tiruchirapalli No 5 Revival Nagar Ramalinga Nagar South Extension Vayalur Road Tiruchirapalli Tamil Nadu,78,normalized label matched source text
TN045,Alagappa University,Alagappa University,78,normalized label matched source text
TN046,Department of Education,Department of Education,78,normalized label matched source text
TN047,Paul institute of Special Teacher Training Athiyanthal Village perumbakkam Road,Paul institute of Special Teacher Training Athiyanthal Village perumbakkam Road,78,normalized label matched source text
TN048,3rd Ishwar Institute of Prosthetics & Orthotics,Ishwar Institute of Prosthetics & Orthotics,78,corrected from source name/address column
TN049,Madhuram Narayanan Centre for Exceptional Children,Madhuram Narayanan Centre for Exceptional Children,79,normalized label matched source text
TN050,Amar Seva Sangam,Amar Seva Sangam,79,normalized label matched source text
TN052,Madras Medical College/Government General Hospital,Madras Medical College/Government General Hospital,79,normalized label matched source text
TN053,Dr. MGR Institute of Special Education and Research,Dr. MGR Institute of Special Education and Research,79,normalized label matched source text
TN055,"NETHRODAYA, No. 47/1","NETHRODAYA, No. 47/1",79,normalized label matched source text
TN056,Institute Of Mental Health,Institute Of Mental Health,79,normalized label matched source text
TN057,National Institute For Empowerment of Persons with Multiple Disabilities,National Institute For Empowerment of Persons with Multiple Disabilities,79,normalized label matched source text
TN058,Noorul Islam Centre for Higher Education Kumaracoil,Noorul Islam Centre for Higher Education Kumaracoil,79,normalized label matched source text
TN059,Saveetha Institute of Medical and Technical Sciences (Deemed to be University) No.162,Saveetha Institute of Medical and Technical Sciences (Deemed to be University) No.162,79,normalized label matched source text
TN060,"SANKALP, The Learning Centre & Special Needs School","SANKALP, The Learning Centre & Special Needs School",79,normalized label matched source text
TN061,Composite Regional Centre for Skill Development,Composite Regional Centre for Skill Development,79,normalized label matched source text
TN062,Sree Balaji Medical College and Hospital(SBMCH),Sree Balaji Medical College and Hospital(SBMCH),80,normalized label matched source text
TN063,Nava Jyothi Trust 40,Nava Jyothi Trust 40,80,normalized label matched source text
TN064,Maanavoo Special School and Rehabilitation Center,Maanavoo Special School and Rehabilitation Center,80,normalized label matched source text
TL001,Thakur Hari Prasad Institute of Research & Rehabilitation for the Mentally Handicapped,Thakur Hari Prasad Institute of Research & Rehabilitation for the Mentally Handicapped,80,normalized label matched source text
TL002,National Institute for the Empowerment of Persons with Intellectual disabilities,National Institute for the Empowerment of Persons with Intellectual disabilities,80,normalized label matched source text
TL003,Sweekar Academy of Rehabilitation Sciences,Sweekar Academy of Rehabilitation Sciences,81,normalized label matched source text
TL004,Helen Keller’s Institute of Research and Rehabilitation for the Disabled Children,Helen Keller’s Institute of Research and Rehabilitation for the Disabled Children,81,normalized label matched source text
TL005,Training Centre for Teachers of the Visually Handicapped,Training Centre for Teachers of the Visually Handicapped,81,normalized label matched source text
TL006,Ali Yavar Jung National Institute of Speech and Hearing Disabilities (Divyangjan),Ali Yavar Jung National Institute of Speech and Hearing Disabilities (Divyangjan),81,normalized label matched source text
TL007,Andhra Mahila Sabha College of Teachers Education,Andhra Mahila Sabha College of Teachers Education,82,normalized label matched source text
TL008,"Swayamkrushi, Survey No. 687","Swayamkrushi, Survey No. 687",82,normalized label matched source text
TL009,Durgabai Deshmukh Vocational Training and Rehabilitation Centre for Handicapped,Durgabai Deshmukh Vocational Training and Rehabilitation Centre for Handicapped,82,normalized label matched source text
TL010,Child Guidance Centre,Child Guidance Centre,82,normalized label matched source text
TL013,Sannidhi Center for Life Skills (A Unit of Shankar Foundation),Sannidhi Center for Life Skills (A Unit of Shankar Foundation),82,normalized label matched source text
TL014,DAWN College of Special Education,DAWN College of Special Education,82,normalized label matched source text
TL015,"Ashray Akruti, 8-3-1027/A2","Ashray Akruti, 8-3-1027/A2",82,normalized label matched source text
TL019,Padmanayaka College of Special Education,Padmanayaka College of Special Education,82,normalized label matched source text
TL021,Balavikas Education Society for the Disabled Children,Balavikas Education Society for the Disabled Children,83,normalized label matched source text
TL022,Holy faith College Of Special Education (D.ED-Deaf & Hard Of Hearing),Holy faith College Of Special Education (D.ED-Deaf & Hard Of Hearing),83,normalized label matched source text
TL023,Maa Institute of Speech & Hearing,Maa Institute of Speech & Hearing,83,normalized label matched source text
TL024,Sahara Institute for Rehabiltiation & Developmental Studies (IRRS) #12-86 Mig-42,Sahara Institute for Rehabiltiation & Developmental Studies (IRRS) #12-86 Mig-42,83,normalized label matched source text
TL025,Telangana College of Special Education (ID) Santosh Nagar,Telangana College of Special Education (ID) Santosh Nagar,83,normalized label matched source text
TL026,Deaf Enabled Foundation 2nd Floor 204 Navketan Campus S.D. Road,Deaf Enabled Foundation 2nd Floor 204 Navketan Campus S.D. Road,83,normalized label matched source text
TR002,The Institute of Chartered Financial Analyst of India (ICFAI) University,The Institute of Chartered Financial Analyst of India (ICFAI) University,83,normalized label matched source text
TR004,Composite Regional Centre for Skills Development,Composite Regional Centre for Skills Development,83,normalized label matched source text
UP001,JIMARS (Jyoti Institute of Medical & Rehabilitation Sciences) (Formerly known as Viklang Kendra) (Run by: Rotary Sponsored Crippled and Youth Welfare Society) Opposite Bharadwaj Ashram,JIMARS (Jyoti Institute of Medical & Rehabilitation Sciences) (Formerly known as Viklang Kendra) (Run by: Rotary Sponsored Crippled and Youth Welfare Society) Opposite Bharadwaj Ashram,83,normalized label matched source text
UP002,U.P. Institute for the Hearing Handicapped,U.P. Institute for the Hearing Handicapped,83,normalized label matched source text
UP004,Chetna (A Society of the Welfare of Handicapped),Chetna (A Society of the Welfare of Handicapped),84,normalized label matched source text
UP005,Training College for Teachers of the Deaf,Training College for Teachers of the Deaf,84,normalized label matched source text
UP007,Nav Vani School for the Deaf,Nav Vani School for the Deaf,84,normalized label matched source text
UP008,Training Centre for the Teachers of the Visually handicapped,Training Centre for the Teachers of the Visually handicapped,84,normalized label matched source text
UP010,Banaras Hindu University,Banaras Hindu University,84,normalized label matched source text
UP011,Integrated Institute for the Disabled,Integrated Institute for the Disabled,84,normalized label matched source text
UP014,Israji Devi Shikshan Sansthan’s Raj Shikshak Prashikshan Kendra,Israji Devi Shikshan Sansthan’s Raj Shikshak Prashikshan Kendra,84,normalized label matched source text
UP015,Jagadguru Rambhadracharya Divyang University,Jagadguru Rambhadracharya Divyang University,85,normalized label matched source text
UP017,Amity Institute of Behavioural (Health) & Allied Sciences (AIBHAS),Amity Institute of Behavioural (Health) & Allied Sciences (AIBHAS),85,normalized label matched source text
UP018,Institute of Mental Health and Hospital,Institute of Mental Health and Hospital,85,normalized label matched source text
UP019,Composite Regional Rehabilitation Centre for Persons with Disability (Min. of S.J. & E. Govt. of India) Mohaan Road,Composite Regional Rehabilitation Centre for Persons with Disability (Min. of S.J. & E. Govt. of India) Mohaan Road,85,normalized label matched source text
UP020,Mata Kalawati College of Special Education,Mata Kalawati College of Special Education,85,normalized label matched source text
UP023,Rachna Vishesh Vdyalaya (A Unit of Integrated Institute for the Disabled),Rachna Vishesh Vdyalaya (A Unit of Integrated Institute for the Disabled),85,normalized label matched source text
UP024,SAMMAN (Branch of Integrated Institute for the Disabled),SAMMAN (Branch of Integrated Institute for the Disabled),86,normalized label matched source text
UP025,Shubhasheesh Shiksha Evam Vikas Sewa Sansthan,Shubhasheesh Shiksha Evam Vikas Sewa Sansthan,86,normalized label matched source text
UP027,Gramodyog Seva Sansthan,Gramodyog Seva Sansthan,86,normalized label matched source text
UP031,Maa Baliraji Sewa Sanstha,Maa Baliraji Sewa Sanstha,86,normalized label matched source text
UP032,Institute of Rehabilitation,Institute of Rehabilitation,86,normalized label matched source text
UP033,Jeevan Jyoti Institute for the Disabled (Jeevan Jyoti School for the Blind) Aktha,Jeevan Jyoti Institute for the Disabled (Jeevan Jyoti School for the Blind) Aktha,87,normalized label matched source text
UP034,Meerut Institute of Special Education (MISE) P.S. - 2 ‘H’ Pocket,Meerut Institute of Special Education (MISE) P.S. - 2 ‘H’ Pocket,87,normalized label matched source text
UP035,Nehru Gram Bharati,Nehru Gram Bharati,87,normalized label matched source text
UP036,Satyanand Vaani Training College for “Teachers of the Deaf” P-1,Satyanand Vaani Training College for “Teachers of the Deaf” P-1,87,normalized label matched source text
UP037,Lt. Sh. Jagat Narayan Training College for Mentally Handicapped,Lt. Sh. Jagat Narayan Training College for Mentally Handicapped,87,normalized label matched source text
UP038,"CBSM, Rae Bareli Speech & Hearing Institute","CBSM, Rae Bareli Speech & Hearing Institute",88,normalized label matched source text
UP039,Gyanodaya Samekit Sanshan,Gyanodaya Samekit Sanshan,88,normalized label matched source text
UP040,Dr. Shakuntala Misra National Rehabilitation University (D.S.M.N.R.U.),Dr. Shakuntala Misra National Rehabilitation University (D.S.M.N.R.U.),88,normalized label matched source text
UP041,Pramila Katiyar Special Education Institute,Pramila Katiyar Special Education Institute,89,normalized label matched source text
UP042,Vasudha Kalyani Special Education Institute,Vasudha Kalyani Special Education Institute,89,normalized label matched source text
UP043,"Kiran Society, Kiran Village - Modhopur Post","Kiran Society, Kiran Village - Modhopur Post",90,normalized label matched source text
UP044,1st Rehabilitation Society of the Visually Impaired,Rehabilitation Society of the Visually Impaired,90,corrected from source name/address column
UP046,Chhatrapati Shahujee Maharaj Medical University (Erstwhile King George’s Medical College),Chhatrapati Shahujee Maharaj Medical University (Erstwhile King George’s Medical College),90,normalized label matched source text
UP047,PYSSUM Research & Training Centre,PYSSUM Research & Training Centre,90,normalized label matched source text
UP048,Navada Gram Udyog Vikas Samiti’s Ali Mobeen Memorial Institute for Handicapped,Navada Gram Udyog Vikas Samiti’s Ali Mobeen Memorial Institute for Handicapped,90,normalized label matched source text
UP049,Kalyanam Karoti,Kalyanam Karoti,90,normalized label matched source text
UP050,Vishal Institute of Rehabilitation Sciences,Vishal Institute of Rehabilitation Sciences,90,normalized label matched source text
UP051,Maharishi Dayanand Rehabilitation Institute,Maharishi Dayanand Rehabilitation Institute,90,normalized label matched source text
UP052,Pawahari Smriti Parishad,Pawahari Smriti Parishad,91,normalized label matched source text
UP053,King George’s Medical university,King George’s Medical university,91,normalized label matched source text
UP054,Gautam Buddha University,Gautam Buddha University,91,normalized label matched source text
UP055,K.S. Memorial College for Research & Rehabilitaiton,K.S. Memorial College for Research & Rehabilitaiton,91,normalized label matched source text
UP056,Balram Mahavidyalaya,Balram Mahavidyalaya,91,normalized label matched source text
UP057,Gyanvati Memorial Shikshan Sansthan (Charitable Trust),Gyanvati Memorial Shikshan Sansthan (Charitable Trust),91,normalized label matched source text
UP058,Handicapped Development Council,Handicapped Development Council,91,normalized label matched source text
UP059,Sri Mahadew Jee Ram Adhar Biklang Shikshan Prashikshan Kendra,Sri Mahadew Jee Ram Adhar Biklang Shikshan Prashikshan Kendra,91,normalized label matched source text
UP061,Amar Jyoti Institute of Special Education,Amar Jyoti Institute of Special Education,92,normalized label matched source text
UP062,Amity University,Amity University,92,normalized label matched source text
UP063,K.S MEMORIAL COLLEGE FOR RESEARCH & REHABILITATION,K.S MEMORIAL COLLEGE FOR RESEARCH & REHABILITATION,92,normalized label matched source text
UP064,"SANKALP, Opposite Govt Hospital","SANKALP, Opposite Govt Hospital",92,normalized label matched source text
UP065,Sarrthi Institute of Developmental Studies,Sarrthi Institute of Developmental Studies,92,normalized label matched source text
UP066,Usha Charitable Trust,Usha Charitable Trust,92,normalized label matched source text
UP067,Yuva Viklang Evam Dristibadhitarth Kalyan Sewa Sansthan,Yuva Viklang Evam Dristibadhitarth Kalyan Sewa Sansthan,92,normalized label matched source text
UP068,Rajesh Tiwari Punarvas Kendra Evam Sansthan (Unit of Purvanchal Khadi Gramoudyog Vikas Samiti) Training Center- Near Kedarnath Saraswati Shishu Mandir,Rajesh Tiwari Punarvas Kendra Evam Sansthan (Unit of Purvanchal Khadi Gramoudyog Vikas Samiti) Training Center- Near Kedarnath Saraswati Shishu Mandir,92,normalized label matched source text
UP070,Amar Jyoti Sansthan,Amar Jyoti Sansthan,92,normalized label matched source text
UP071,Jay Nand Special Teachers’ Training Institute,Jay Nand Special Teachers’ Training Institute,93,normalized label matched source text
UP072,Sarveshwari Shikshan Sansthan,Sarveshwari Shikshan Sansthan,93,normalized label matched source text
UP073,National Institute for the Empowerment of Persons with Intellectual Disabilities (Divyangjan) (NIEPID) Northern Regional Centre,National Institute for the Empowerment of Persons with Intellectual Disabilities (Divyangjan) (NIEPID) Northern Regional Centre,93,normalized label matched source text
UP074,Ali Yavar Jung National Institute of Speech and Hearing Disabilities (Divyangjan) Regional Centre,Ali Yavar Jung National Institute of Speech and Hearing Disabilities (Divyangjan) Regional Centre,93,normalized label matched source text
UP076,Nai Subah (Institute of Mental Health & Behavioural Sciences) Khanav,Nai Subah (Institute of Mental Health & Behavioural Sciences) Khanav,93,normalized label matched source text
UP075,Akanksha Institute Of Rehabilitation,Akanksha Institute Of Rehabilitation,93,normalized label matched source text
UP077,Vijay Singh Pal Balika Degree College,Vijay Singh Pal Balika Degree College,93,normalized label matched source text
UP078,Central Public School,Central Public School,94,normalized label matched source text
UP079,Society for Institute Of Psychological Research And Health,Society for Institute Of Psychological Research And Health,94,normalized label matched source text
UP082,T.S. Misra Medical College And Hospital A Unit Of Vedic And Futuristic Edutech,T.S. Misra Medical College And Hospital A Unit Of Vedic And Futuristic Edutech,94,normalized label matched source text
UP083,Hind Mahavidyalaya Murarpur,Hind Mahavidyalaya Murarpur,94,normalized label matched source text
UP084,Anchal Foundation,Anchal Foundation,94,normalized label matched source text
UP085,Saurabh Shobhit Shikshan Prashikshan Kendra,Saurabh Shobhit Shikshan Prashikshan Kendra,94,normalized label matched source text
UP087,Madan Gopal Training Institute for Special Education,Madan Gopal Training Institute for Special Education,94,normalized label matched source text
UP088,College Of Higher Studies,College Of Higher Studies,94,normalized label matched source text
UP089,Institute of Rehabilitation and Allied Studies,Institute of Rehabilitation and Allied Studies,95,normalized label matched source text
UP091,Smt. Fulehra Vishisht B.T.C. Prashikshan Kendra,Smt. Fulehra Vishisht B.T.C. Prashikshan Kendra,95,normalized label matched source text
UP090,Baba Sunder Singh Shiksha Samiti,Baba Sunder Singh Shiksha Samiti,95,normalized label matched source text
UP093,Medha Special Teacher Training Institution,Medha Special Teacher Training Institution,95,normalized label matched source text
UP094,Sanskriti University,Sanskriti University,95,normalized label matched source text
UP095,Prayag College of Special Education 117/731 W2,Prayag College of Special Education 117/731 W2,95,normalized label matched source text
UP096,Shri Dayal Janhit Shikshan Sansthan,Shri Dayal Janhit Shikshan Sansthan,95,normalized label matched source text
UP097,Patel Shiksha Samiti Village - Terwa Gausganj,Patel Shiksha Samiti Village - Terwa Gausganj,96,normalized label matched source text
UP099,Sarva Seva Sansthan Village-Navaratanpur,Sarva Seva Sansthan Village-Navaratanpur,96,normalized label matched source text
UP100,Panna Lal Memorial Institute For Handicapped,Panna Lal Memorial Institute For Handicapped,96,normalized label matched source text
UP101,Prakash Kiran Educational Institution Saiyyad Sarawan,Prakash Kiran Educational Institution Saiyyad Sarawan,96,normalized label matched source text
UP102,Happiness Teachers Training Institute Mandi Chauraha Rukmani Vihar,Happiness Teachers Training Institute Mandi Chauraha Rukmani Vihar,96,normalized label matched source text
UP103,Premlata Jan Kalyan Trust Special Education,Premlata Jan Kalyan Trust Special Education,96,normalized label matched source text
UP104,Chandan Memorial Awasi Viklang Vidyalaya Tera Mill Chauraha,Chandan Memorial Awasi Viklang Vidyalaya Tera Mill Chauraha,96,normalized label matched source text
UP105,Indra Pal Singh Memorial Rehabilitation Institute 442/682 Near Atul School,Indra Pal Singh Memorial Rehabilitation Institute 442/682 Near Atul School,96,normalized label matched source text
UP106,Srijan Vishesh Shikshak Prashikshan Sansthan Village - Khalilabad,Srijan Vishesh Shikshak Prashikshan Sansthan Village - Khalilabad,96,normalized label matched source text
UP107,Srijan Vishesh Shikshak Prashikshan Sansthan Anand Nagar,Srijan Vishesh Shikshak Prashikshan Sansthan Anand Nagar,97,normalized label matched source text
UP108,ITM Institute Of Higher Education,ITM Institute Of Higher Education,97,normalized label matched source text
UP109,Shanti Niketan Special School 30A,Shanti Niketan Special School 30A,97,normalized label matched source text
UP110,Raj Kishori Devi Sikshan Prasikshan Sewa Sansthan Vill- Babhnaouli Post- Garwar Dist- Ballia,Raj Kishori Devi Sikshan Prasikshan Sewa Sansthan Vill- Babhnaouli Post- Garwar Dist- Ballia,97,normalized label matched source text
UP111,Chaudhary Charan Singh Institute Of Special Education Chaprauli Road Baraut District - Baghpat,Chaudhary Charan Singh Institute Of Special Education Chaprauli Road Baraut District - Baghpat,97,normalized label matched source text
UP112,Amity University Amity Institute of Rehabilitation Sciences,Amity University Amity Institute of Rehabilitation Sciences,97,normalized label matched source text
UP113,Liladhar Siksha Prsaran Samiti Village - Palchandrhan post - Tari Bara Gaon,Liladhar Siksha Prsaran Samiti Village - Palchandrhan post - Tari Bara Gaon,97,normalized label matched source text
UP114,Siddarth Degree College,Siddarth Degree College,98,normalized label matched source text
UP115,Krishna Jan Kalyan Sikshan Sansthan,Krishna Jan Kalyan Sikshan Sansthan,98,normalized label matched source text
UP116,LRS World College,LRS World College,98,normalized label matched source text
UP117,Parivartan Institute for Differently Abled Vill & Post Bachchhanv,Parivartan Institute for Differently Abled Vill & Post Bachchhanv,98,normalized label matched source text
UP118,Chandrdeep Singh Smark Mahavidyalaya Raghopur Rasra Ballia Vill-Raghopur,Chandrdeep Singh Smark Mahavidyalaya Raghopur Rasra Ballia Vill-Raghopur,98,normalized label matched source text
UP119,Swaraj College of Education,Swaraj College of Education,98,normalized label matched source text
UP120,Bimla International Public School,Bimla International Public School,98,normalized label matched source text
UP121,Cross Belly Rehabilitation Sansthan,Cross Belly Rehabilitation Sansthan,98,normalized label matched source text
UP122,Kamkus College of Special Education (Bhagirathi Seva Sansthan),Kamkus College of Special Education (Bhagirathi Seva Sansthan),98,normalized label matched source text
UP123,VINDA Pal Ugrasen Pal Institute for Special Education,VINDA Pal Ugrasen Pal Institute for Special Education,98,normalized label matched source text
UP124,Bharat Mata Samajotthan Samiti,Bharat Mata Samajotthan Samiti,98,normalized label matched source text
UP125,Shri Bajrangi Singh Shiksha Samiti,Shri Bajrangi Singh Shiksha Samiti,98,normalized label matched source text
UP126,M. L. Academy College of Special Education,M. L. Academy College of Special Education,99,normalized label matched source text
UP127,Ramsanehi School of Special Education Vill & Post - Kajha Khurd,Ramsanehi School of Special Education Vill & Post - Kajha Khurd,99,normalized label matched source text
UP128,Krishna Kant School of Special Education,Krishna Kant School of Special Education,99,normalized label matched source text
UP129,Sanskaar Special School Jayantipur,Sanskaar Special School Jayantipur,99,normalized label matched source text
UP130,Suveera Institute for Rehabilitation and Disabilities 102 / 83A,Suveera Institute for Rehabilitation and Disabilities 102 / 83A,99,normalized label matched source text
UP131,Mahant Digvijanath School for Special Education,Mahant Digvijanath School for Special Education,99,normalized label matched source text
UP132,Jai Maa Saraswati Sewa Sansthan,Jai Maa Saraswati Sewa Sansthan,99,normalized label matched source text
UP133,Shree Kailash Disability and Rehabilitation Society,Shree Kailash Disability and Rehabilitation Society,99,normalized label matched source text
UP134,Lucknow College of Rehabilitation Studies,Lucknow College of Rehabilitation Studies,99,normalized label matched source text
UP135,Late Prem Narayan Krishna Tripathi Smarak Siksha Evam Gramin Vikas Samiti,Late Prem Narayan Krishna Tripathi Smarak Siksha Evam Gramin Vikas Samiti,99,normalized label matched source text
UP136,AID CANCER and Tuberculosis Society Makhdoompur Kaithi,AID CANCER and Tuberculosis Society Makhdoompur Kaithi,99,normalized label matched source text
UP137,Smt. Shubhraji Devi Degree College Tiwaripur,Smt. Shubhraji Devi Degree College Tiwaripur,99,normalized label matched source text
UP139,Sarrthi Institute of Developmental Studies,Sarrthi Institute of Developmental Studies,99,normalized label matched source text
UP140,Ramlali Patel Shaikshik Vikas Sansthan,Ramlali Patel Shaikshik Vikas Sansthan,100,normalized label matched source text
UP141,Amar Jyoti Sansthan,Amar Jyoti Sansthan,100,normalized label matched source text
UP142,Shree Chandra Bhan Singh Degree college Village- Chandpur,Shree Chandra Bhan Singh Degree college Village- Chandpur,100,normalized label matched source text
UP143,Integrated Institute of Rehab. for the Disabled (Viklang Punarwas Sansthan),Integrated Institute of Rehab. for the Disabled (Viklang Punarwas Sansthan),100,normalized label matched source text
UP144,Purvanchal Shiksha Samiti,Purvanchal Shiksha Samiti,100,normalized label matched source text
UP145,Gopinath P.G. College,Gopinath P.G. College,100,normalized label matched source text
UP146,Sri Maruti College of Research and Rehabiitation,Sri Maruti College of Research and Rehabiitation,100,normalized label matched source text
UP147,Maa Bhawani Mahila Mahavidyalaya,Maa Bhawani Mahila Mahavidyalaya,100,normalized label matched source text
UP148,Samarpan Badhir Vidyalaya,Samarpan Badhir Vidyalaya,100,normalized label matched source text
UP149,Bhartiya Chauhan Samiti,Bhartiya Chauhan Samiti,100,normalized label matched source text
UP150,Janka Devi Institute,Janka Devi Institute,100,normalized label matched source text
UP151,Gaya Prasad Educational Trust,Gaya Prasad Educational Trust,100,normalized label matched source text
UP152,Jainath Memorial Rehabilitation Sansthan Harairampur,Jainath Memorial Rehabilitation Sansthan Harairampur,100,normalized label matched source text
UP153,Ram Murat Smarak Shikshan Seva Sameeti Vill - Basirhan,Ram Murat Smarak Shikshan Seva Sameeti Vill - Basirhan,101,normalized label matched source text
UP154,Shree Mahavir College of Education Vill- Rajpur Kotla,Shree Mahavir College of Education Vill- Rajpur Kotla,101,normalized label matched source text
UP155,Kaushik Mahavidyalaya Vill- Surwat,Kaushik Mahavidyalaya Vill- Surwat,101,normalized label matched source text
UP156,National Association for the Blind,National Association for the Blind,101,normalized label matched source text
UP157,Shanti Niketan College of Business Management and Computer Science,Shanti Niketan College of Business Management and Computer Science,101,normalized label matched source text
UP158,Chandan Memorial Viklang Vikas Samitee Deep Special Teachers Training Centre,Chandan Memorial Viklang Vikas Samitee Deep Special Teachers Training Centre,101,normalized label matched source text
UP159,Prema Institute for Special Education,Prema Institute for Special Education,101,normalized label matched source text
UP160,Shree Mahavir College Vill- Chittrai,Shree Mahavir College Vill- Chittrai,101,normalized label matched source text
UP161,Balwanti Devi Rehabilitaition Institute Satheri Bitawdha,Balwanti Devi Rehabilitaition Institute Satheri Bitawdha,101,normalized label matched source text
UP162,Gyanodaya Samekit Sansthan (Branch Ambedkar Nagar) Alipur,Gyanodaya Samekit Sansthan (Branch Ambedkar Nagar) Alipur,101,normalized label matched source text
UP163,Maa Yashoda Memorial Shikshak Prashikshan Sansthan,Maa Yashoda Memorial Shikshak Prashikshan Sansthan,101,normalized label matched source text
UP164,Samarpan Institute of Nursing & Paramedical (Run By Akshay Sewa Sansthan),Samarpan Institute of Nursing & Paramedical (Run By Akshay Sewa Sansthan),101,normalized label matched source text
UP165,Shri Krishna Shikshan Prashikshan Sansthan,Shri Krishna Shikshan Prashikshan Sansthan,101,normalized label matched source text
UP166,Medha Vishesh Shikshan Prakshikshan Sansthan,Medha Vishesh Shikshan Prakshikshan Sansthan,101,normalized label matched source text
UP167,Vageshwari Shikshan Sansthan Mahavidyalaya Mayil Dist- Deoria,Vageshwari Shikshan Sansthan Mahavidyalaya Mayil Dist- Deoria,102,normalized label matched source text
UP169,Harshit Foundation 6KM,Harshit Foundation 6KM,102,normalized label matched source text
UP170,Jeevandhara Rehabilitation Research Institute,Jeevandhara Rehabilitation Research Institute,102,normalized label matched source text
UP171,Ram Lali Smarak Vikas Sansthan,Ram Lali Smarak Vikas Sansthan,102,normalized label matched source text
UP172,Divya College of Special Education,Divya College of Special Education,102,normalized label matched source text
UP173,Rajkumari Shikshan Awam Prashikshan Kendra,Rajkumari Shikshan Awam Prashikshan Kendra,102,normalized label matched source text
UP174,Shri Durga Ji Hospital Seva Sansthan,Shri Durga Ji Hospital Seva Sansthan,102,normalized label matched source text
UP175,Army Institute of Education,Army Institute of Education,102,normalized label matched source text
UP176,Dr. RPS Institute of Education Village-Nahil Nagariya,Dr. RPS Institute of Education Village-Nahil Nagariya,102,normalized label matched source text
UP177,Composite Regional Centre for skill Development,Composite Regional Centre for skill Development,102,normalized label matched source text
UP178,Maharishi Dayanand Rehabilitation Institute,Maharishi Dayanand Rehabilitation Institute,102,normalized label matched source text
UP179,Adarsh Sewa Samiti,Adarsh Sewa Samiti,102,normalized label matched source text
UP180,J.M.C. Institute of Divyangjan (J.M.C. Degree College) 166 Civil Lines,J.M.C. Institute of Divyangjan (J.M.C. Degree College) 166 Civil Lines,102,normalized label matched source text
UP181,Parvarish School,Parvarish School,102,normalized label matched source text
UP182,Mansoori Academy,Mansoori Academy,102,normalized label matched source text
UP183,Mamata Shiksha Samiti Radhika Vihar,Mamata Shiksha Samiti Radhika Vihar,103,normalized label matched source text
UP184,Maa Ganga Devi Divyang Seva Sansthan,Maa Ganga Devi Divyang Seva Sansthan,103,normalized label matched source text
UP185,Vaishishtyam Teacher’s Training Institute,Vaishishtyam Teacher’s Training Institute,103,normalized label matched source text
UP186,Divyang Kalyanam Institute for Rehabilitation,Divyang Kalyanam Institute for Rehabilitation,103,normalized label matched source text
UP187,Divya Chetna Educational Institute,Divya Chetna Educational Institute,103,normalized label matched source text
UP188,Agra Deaf Education Foundation Naglra Kans Wala Road,Agra Deaf Education Foundation Naglra Kans Wala Road,103,normalized label matched source text
UP189,Kanav Institute of Education,Kanav Institute of Education,103,normalized label matched source text
UP190,Indu Institute of Education Mustafabad Road,Indu Institute of Education Mustafabad Road,103,normalized label matched source text
UP191,Kamla Prashikshan Sansthan (Run by Gyan shiksha Samiti,Kamla Prashikshan Sansthan (Run by Gyan shiksha Samiti,103,normalized label matched source text
UP192,Riya International College,Riya International College,103,normalized label matched source text
UP193,Samarpan Sansthan 7-V Shastri Nagar,Samarpan Sansthan 7-V Shastri Nagar,103,normalized label matched source text
UP194,Bajrang Shiksha Samiti Vill & Post Gaddopur Bilariyaganj,Bajrang Shiksha Samiti Vill & Post Gaddopur Bilariyaganj,103,normalized label matched source text
UP195,Society for Institute of Pscyhological Research and Health Bhawalpur Wasil,Society for Institute of Pscyhological Research and Health Bhawalpur Wasil,103,normalized label matched source text
UP196,C.B.S.M. Pratapgarh-shukulpur,C.B.S.M. Pratapgarh-shukulpur,103,normalized label matched source text
UP197,Samarth Foundation Ghusiya Gopiganj,Samarth Foundation Ghusiya Gopiganj,104,normalized label matched source text
UP198,Maharshi Baba Gulu Das Ganga Sagar Shikshan Prashikshan Sewa Shanstan,Maharshi Baba Gulu Das Ganga Sagar Shikshan Prashikshan Sewa Shanstan,104,normalized label matched source text
UP199,S.B.M. Teacher Training & Rehab. Centre Delhi- Saharanpur road,S.B.M. Teacher Training & Rehab. Centre Delhi- Saharanpur road,104,normalized label matched source text
UP200,Swami Omanand Sarasvati Special Education and Training Institute,Swami Omanand Sarasvati Special Education and Training Institute,104,normalized label matched source text
UP201,Akhil Bhartiya Institute of Rehabilitation Bharatpur Road,Akhil Bhartiya Institute of Rehabilitation Bharatpur Road,104,normalized label matched source text
UP202,Baba Gilasu Smarak shikshan Sewa Sanstha Bhandari Nagara,Baba Gilasu Smarak shikshan Sewa Sanstha Bhandari Nagara,104,normalized label matched source text
UP203,Babu Vishnu Pratap Singh Smarak Mahavidyalaya Babhanauli Barwa Bazar,Babu Vishnu Pratap Singh Smarak Mahavidyalaya Babhanauli Barwa Bazar,104,normalized label matched source text
UP204,Sarvangeen Netraheen Evam Viklang Kalyan Samiti C/o Kishan Sharma,Sarvangeen Netraheen Evam Viklang Kalyan Samiti C/o Kishan Sharma,104,normalized label matched source text
UP205,Sampata Parents and Guardians Association of Mentally Challenged Persons Plot No. 777 & 781,Sampata Parents and Guardians Association of Mentally Challenged Persons Plot No. 777 & 781,104,normalized label matched source text
UP206,Disha College of Special Education Near Gurunanak Dharmshala,Disha College of Special Education Near Gurunanak Dharmshala,104,normalized label matched source text
UP207,Shishu Evam Mahila Kalyan Prashikshan Sansthan,Shishu Evam Mahila Kalyan Prashikshan Sansthan,104,normalized label matched source text
UP208,Shivanand Anand Madhav Mahavidhyalaya,Shivanand Anand Madhav Mahavidhyalaya,104,normalized label matched source text
UP209,Shri Vikrama Chaubey S.M. Rehab Vidyalaya Vill-Deva,Shri Vikrama Chaubey S.M. Rehab Vidyalaya Vill-Deva,104,normalized label matched source text
UP210,Paras Muni Shiksha Awam Samaj Seva Sansthan Trust Vill- Rakauli,Paras Muni Shiksha Awam Samaj Seva Sansthan Trust Vill- Rakauli,104,normalized label matched source text
UP211,Shri Ram Lakhan Lal College of special Education Sh i h B S t K bi N Utt P d h 272162,Shri Ram Lakhan Lal College of special Education,104,corrected from source name/address column
UP212,Om Maa Aadi Shakti Rehab Institute of Education Village - Dewa,Om Maa Aadi Shakti Rehab Institute of Education Village - Dewa,105,normalized label matched source text
UP213,Maa Asharfi Shikshan Seva Samiti Village - Jafarpur,Maa Asharfi Shikshan Seva Samiti Village - Jafarpur,105,normalized label matched source text
UP214,Umang Foundation House No. 51,Umang Foundation House No. 51,105,normalized label matched source text
UP215,Dr. Ram Murti Prasad Mishra Training Institute ( Run by Dr. Ram Murti Prasad Mishra Gita Foundation) Vill - Harehu,Dr. Ram Murti Prasad Mishra Training Institute ( Run by Dr. Ram Murti Prasad Mishra Gita Foundation) Vill - Harehu,105,normalized label matched source text
UP216,Aanchal Foundation House No. 1103,Aanchal Foundation House No. 1103,105,normalized label matched source text
UP217,Maa Gomti Kalyan Seva Samiti,Maa Gomti Kalyan Seva Samiti,105,normalized label matched source text
UP218,Om Shikshan Seva Sansthan,Om Shikshan Seva Sansthan,105,normalized label matched source text
UP219,Sushil Vishesh Shikshan Sansthan (Run by Adarsh Aacharya Kulam Trust) Vill & Post-Kajha Khurd,Sushil Vishesh Shikshan Sansthan (Run by Adarsh Aacharya Kulam Trust) Vill & Post-Kajha Khurd,105,normalized label matched source text
UP220,Shri Rajroop Memorial Foundation Evam Educational Trust,Shri Rajroop Memorial Foundation Evam Educational Trust,105,normalized label matched source text
UP221,Dr. S. R. Sharma Institute of Rehabilitation and Research Aegis of Adhunik Vidya Mandir Avm Junior High School Samiti 83-shyam Nagar Etawah,Dr. S. R. Sharma Institute of Rehabilitation and Research Aegis of Adhunik Vidya Mandir Avm Junior High School Samiti 83-shyam Nagar Etawah,105,normalized label matched source text
UP222,Anuragi Devi Mahavidyalay Vill- Bahuas,Anuragi Devi Mahavidyalay Vill- Bahuas,105,normalized label matched source text
UP223,Shri Baijnath Girls Institute of Education and Management Aladadpur Post Trivediganj,Shri Baijnath Girls Institute of Education and Management Aladadpur Post Trivediganj,105,normalized label matched source text
UP224,Sri Sai Baba Teachers Training Institute of Special Education 692,Sri Sai Baba Teachers Training Institute of Special Education 692,105,normalized label matched source text
UP225,Swami Ramananad Rehab Shikshan Prashikshan S h,Swami Ramananad Rehab Shikshan Prashikshan Sansthan,105,corrected from source name/address column
UP226,Rainbow School for Special Education Nandganj,Rainbow School for Special Education Nandganj,106,normalized label matched source text
UP227,Swami Vivekanand Institute for Empowerment of Persons with Disabilities,Swami Vivekanand Institute for Empowerment of Persons with Disabilities,106,normalized label matched source text
UP228,Kaivalya Foundation,Kaivalya Foundation,106,normalized label matched source text
UP229,Tathya Rehabilitation Education Disabled Institute,Tathya Rehabilitation Education Disabled Institute,106,normalized label matched source text
UP230,Ayoush College of Special Education,Ayoush College of Special Education,106,normalized label matched source text
UP231,Children Choice Shikshan Sewa Samiti,Children Choice Shikshan Sewa Samiti,106,normalized label matched source text
UP232,Shiv Shankar Audhyogik Shikshan Prashikshan Sansthan,Shiv Shankar Audhyogik Shikshan Prashikshan Sansthan,106,normalized label matched source text
UP233,Panna Institute of Rehabilitation,Panna Institute of Rehabilitation,106,normalized label matched source text
UP234,Shivkumari Special School & Teacher’s Training Centre (Run by Sri Dayal Janhit Shikshan Sansthan) Shubh City,Shivkumari Special School & Teacher’s Training Centre (Run by Sri Dayal Janhit Shikshan Sansthan) Shubh City,106,normalized label matched source text
UP235,Sanskriti Rehabilitation Educational Institute (Run by Krishna Jan Kalyan shikshan Sansthan),Sanskriti Rehabilitation Educational Institute (Run by Krishna Jan Kalyan shikshan Sansthan),106,normalized label matched source text
UP236,Maa Gayatri Punarvas Kendra (Run by Shri Deo Gayatri Shikshan Evam Jan Kalyan Samiti Tinhari Parsupur Mau) Rampur Nagar Kshetra Maunath Bhanjan,Maa Gayatri Punarvas Kendra (Run by Shri Deo Gayatri Shikshan Evam Jan Kalyan Samiti Tinhari Parsupur Mau) Rampur Nagar Kshetra Maunath Bhanjan,106,normalized label matched source text
UP237,Yoginath Vidhyapeeth (Run by Saint Yoginath Educational Trust) Sarurpur Kalan,Yoginath Vidhyapeeth (Run by Saint Yoginath Educational Trust) Sarurpur Kalan,106,normalized label matched source text
UP238,Surya Training & Rehabilitaiton Institute,Surya Training & Rehabilitaiton Institute,106,normalized label matched source text
UP239,Mahatma Jyotirao Phule Shikshan Prashikshan v Manav Seva Sansthan Maharajganj,Mahatma Jyotirao Phule Shikshan Prashikshan v Manav Seva Sansthan Maharajganj,107,normalized label matched source text
UP240,Spectrum College of Special Educaiton (Run by Advait Foundation Charitable Trust) Vill- Jamoli,Spectrum College of Special Educaiton (Run by Advait Foundation Charitable Trust) Vill- Jamoli,107,normalized label matched source text
UP241,Prasad College of Rehabilitation Sciences (Raipur tappa haveli Murai Ka Bagh Dalmau) Raebareli,Prasad College of Rehabilitation Sciences (Raipur tappa haveli Murai Ka Bagh Dalmau) Raebareli,107,normalized label matched source text
UP242,Pragati College of Education,Pragati College of Education,107,normalized label matched source text
UP243,S. M. Educational and Welfare Society Bilram,S. M. Educational and Welfare Society Bilram,107,normalized label matched source text
UP244,Shri Ram Sahay Sikshan Prashikshan Kendra,Shri Ram Sahay Sikshan Prashikshan Kendra,107,normalized label matched source text
UP245,Sugamya D.Ed. College,Sugamya D.Ed. College,107,normalized label matched source text
UP246,Shikohabad College of Special Educaiton (Run by Integrated Institute of Rehabilitation for the Disabled (Viklang Samekit Punarwas Sansthan),Shikohabad College of Special Educaiton (Run by Integrated Institute of Rehabilitation for the Disabled (Viklang Samekit Punarwas Sansthan),107,normalized label matched source text
UP247,Jagprem Academy,Jagprem Academy,107,normalized label matched source text
UP248,"Srijan Sanstha, Kailas Chowk","Srijan Sanstha, Kailas Chowk",107,normalized label matched source text
UP249,Harshit Sewa Sansthan,Harshit Sewa Sansthan,107,normalized label matched source text
UP250,Kinetic Divyang Research and Rehabilitation Centre,Kinetic Divyang Research and Rehabilitation Centre,107,normalized label matched source text
UP251,The Advance Society for Bright Way Institute,The Advance Society for Bright Way Institute,107,normalized label matched source text
UP252,Shanti Institute of Rehabilitation Science (Run by Akanksha Society) Ramaupur Suwah Link Road Dubari Mau,Shanti Institute of Rehabilitation Science (Run by Akanksha Society) Ramaupur Suwah Link Road Dubari Mau,107,normalized label matched source text
UP253,Ram Newaj Shikshanik Anusandhan Evam Punarvas Sansthan Vill & Post- Bhikharpur,Ram Newaj Shikshanik Anusandhan Evam Punarvas Sansthan Vill & Post- Bhikharpur,107,normalized label matched source text
UP254,National Association for the Blind 1710,National Association for the Blind 1710,107,normalized label matched source text
UP255,Dushyant Singh Special School (Dushyant Singha Foundation Trust) Sadipur,Dushyant Singh Special School (Dushyant Singha Foundation Trust) Sadipur,108,normalized label matched source text
UP256,Dr. Smt. Mahadevi Educational Welfare Evam Shodh Sansthan 101 KM stone,Dr. Smt. Mahadevi Educational Welfare Evam Shodh Sansthan 101 KM stone,108,normalized label matched source text
UP257,Abhaydeep Divyang Shikshan Prashikshan Sansthan,Abhaydeep Divyang Shikshan Prashikshan Sansthan,108,normalized label matched source text
UP258,Kailashi Mahila Vikas samiti,Kailashi Mahila Vikas samiti,108,normalized label matched source text
UP259,Haji Waris Ali Shah Memorial Degree College Vill - Barolia,Haji Waris Ali Shah Memorial Degree College Vill - Barolia,108,normalized label matched source text
UP260,Amity Institute of Behavioural (Health) & Allied Sciences (AIBHAS),Amity Institute of Behavioural (Health) & Allied Sciences (AIBHAS),108,normalized label matched source text
UP261,Santosh Medical College & Hospitals,Santosh Medical College & Hospitals,108,normalized label matched source text
UP262,Jan Vikas Samiti,Jan Vikas Samiti,108,normalized label matched source text
UP263,Rajbala Divyang Teacher Training College (Run by Rajbala Divyang Sewa Samiti) Datavali Geshupur,Rajbala Divyang Teacher Training College (Run by Rajbala Divyang Sewa Samiti) Datavali Geshupur,108,normalized label matched source text
UP264,Sahara Rehabilitation Center Run by Ch. Dharmartha Samiti 495/2,Sahara Rehabilitation Center Run by Ch. Dharmartha Samiti 495/2,108,normalized label matched source text
UP265,Diya-Sa Divyang Jan Sahyog Shikshan Sanstha (Run by dioya-Sa Samjik Sansthan) Paschimpati,Diya-Sa Divyang Jan Sahyog Shikshan Sanstha (Run by dioya-Sa Samjik Sansthan) Paschimpati,108,normalized label matched source text
UP266,Heisenberg International school (Run by Heisenberg Shikshan Seva Sansthan) Mariahu,Heisenberg International school (Run by Heisenberg Shikshan Seva Sansthan) Mariahu,108,normalized label matched source text
UP267,Nectar Charitable College (Run by Nectar Support and Development Foundation) 5/459 Viram Khand 5,Nectar Charitable College (Run by Nectar Support and Development Foundation) 5/459 Viram Khand 5,108,normalized label matched source text
UP268,Awam Special Teacher’s Training College (Run by Awam Welfare Society) Baintikalan Road,Awam Special Teacher’s Training College (Run by Awam Welfare Society) Baintikalan Road,108,normalized label matched source text
UP269,Society for Advanced Research Rehabiltiaiton Training & Health Initiatives,Society for Advanced Research Rehabiltiaiton Training & Health Initiatives,109,normalized label matched source text
UP270,Chhatrapati Shahu Ji Maharaj University Kalyanpur,Chhatrapati Shahu Ji Maharaj University Kalyanpur,109,normalized label matched source text
UP271,Faculty of Psychology and Behavioural Sciences,Faculty of Psychology and Behavioural Sciences,109,normalized label matched source text
UP272,Savitribai Phule National Institute of Women and Child Development,Savitribai Phule National Institute of Women and Child Development,109,normalized label matched source text
UP273,Adhyapak Prashikshan Kendra Infront of Rajkiya Sanket Mukbadhir Vidyalaya,Adhyapak Prashikshan Kendra Infront of Rajkiya Sanket Mukbadhir Vidyalaya,109,normalized label matched source text
UP274,Vijay College of Special Education,Vijay College of Special Education,109,normalized label matched source text
UP275,LAXMI REHABILITATION INSTITUTE,LAXMI REHABILITATION INSTITUTE,109,normalized label matched source text
UP276,Study Hall Educational Foundation,Study Hall Educational Foundation,109,normalized label matched source text
UT001,National Institute for the Empowerment of Persons with Visual Disabilities (Divyangjan),National Institute for the Empowerment of Persons with Visual Disabilities (Divyangjan),109,normalized label matched source text
UT002,RAPHAEL (for suffering of Relief) P.O. Box No: 157,RAPHAEL (for suffering of Relief) P.O. Box No: 157,110,normalized label matched source text
UT004,Department of E.N.T Himalayan Institute of Medical Sciences,Department of E.N.T Himalayan Institute of Medical Sciences,110,normalized label matched source text
UT007,Anmol Foundation Katoratal Naye Basti,Anmol Foundation Katoratal Naye Basti,110,normalized label matched source text
WB001,National Institute for Locomotor Disabilities (Divyangjan),National Institute for Locomotor Disabilities (Divyangjan),110,normalized label matched source text
WB002,Anandniketan (Society for Mental Health Care),Anandniketan (Society for Mental Health Care),110,normalized label matched source text
WB003,Alakendu Bodh Niketan Residential,Alakendu Bodh Niketan Residential,110,normalized label matched source text
WB004,National Institute for the Empowerment of Persons with Intellectual Disability (Divyangjan),National Institute for the Empowerment of Persons with Intellectual Disability (Divyangjan),110,normalized label matched source text
WB005,Ali Yavar Jung National Institute of Speech and Hearing Disabilities (Divyangjan),Ali Yavar Jung National Institute of Speech and Hearing Disabilities (Divyangjan),110,normalized label matched source text
WB006,Indian Institute of Cerebral Palsy,Indian Institute of Cerebral Palsy,111,normalized label matched source text
WB007,The Ramakrishna Mission Blind Boys’ Academy,The Ramakrishna Mission Blind Boys’ Academy,111,normalized label matched source text
WB009,Vivekananda Mission Asram,Vivekananda Mission Asram,111,normalized label matched source text
WB010,Training College for the Teachers of the Deaf,Training College for the Teachers of the Deaf,111,normalized label matched source text
WB016,SHELTER College of Special Education,SHELTER College of Special Education,111,normalized label matched source text
WB017,Ramakrishna Vivekananda Mission,Ramakrishna Vivekananda Mission,111,normalized label matched source text
WB018,Pradip Centre for Autism Management,Pradip Centre for Autism Management,111,normalized label matched source text
WB020,Midnapore Rehabilitation Centre for Children. “Gitanjali”,Midnapore Rehabilitation Centre for Children. “Gitanjali”,112,normalized label matched source text
WB022,"Bikashayan, 40","Bikashayan, 40",112,normalized label matched source text
WB023,Department of Disability Studies Rabindra Bharati University,Department of Disability Studies Rabindra Bharati University,112,normalized label matched source text
WB026,Department of Psychology,Department of Psychology,112,normalized label matched source text
WB028,North Bengal Handicapped Rehabilitation Society,North Bengal Handicapped Rehabilitation Society,112,normalized label matched source text
WB029,Institute of Psychiatry,Institute of Psychiatry,112,normalized label matched source text
WB030,"Voice of World, 4 Nrisingha Dutta Road","Voice of World, 4 Nrisingha Dutta Road",112,normalized label matched source text
WB031,Debendranath Mondal (D. N. Mondal) College Run by: Pirkhali Pathikrit,Debendranath Mondal (D. N. Mondal) College Run by: Pirkhali Pathikrit,112,normalized label matched source text
WB032,Nadia Zilla Pratibandhi Kalyan Samiti,Nadia Zilla Pratibandhi Kalyan Samiti,112,normalized label matched source text
WB033,Vivekananda Lokshiksha Niketan,Vivekananda Lokshiksha Niketan,113,normalized label matched source text
WB034,Moyna Ramkrishnayan Association,Moyna Ramkrishnayan Association,113,normalized label matched source text
WB035,Pratibandhi Kalyan Kendra Abinash Mukherjee Road,Pratibandhi Kalyan Kendra Abinash Mukherjee Road,113,normalized label matched source text
WB037,Cooch Behar Special Education Teachers Training Centre,Cooch Behar Special Education Teachers Training Centre,113,normalized label matched source text
WB038,Punarbasan - A Centre For Special Education Vill.& PO. - Mangalbari,Punarbasan - A Centre For Special Education Vill.& PO. - Mangalbari,113,normalized label matched source text
WB039,Asha Bhavan Centre,Asha Bhavan Centre,113,normalized label matched source text
WB040,Autism Society West Bengal 22,Autism Society West Bengal 22,113,normalized label matched source text
WB041,Tarai And Dooars Special Education Training College,Tarai And Dooars Special Education Training College,113,normalized label matched source text
WB042,Paschimbanga Rajya Pratibandhi Sammilani,Paschimbanga Rajya Pratibandhi Sammilani,113,normalized label matched source text
WB043,New Mission Training College,New Mission Training College,113,normalized label matched source text
WB044,Amity Institute of Behavioural And Allied Sciences (AIBHAS) Major Arterial Road,Amity Institute of Behavioural And Allied Sciences (AIBHAS) Major Arterial Road,113,normalized label matched source text
